<?xml version="1.0" encoding="UTF-8"?>
<gpx creator="StravaGPX" version="1.1" schemaLocation="http://www.topografix.com/GPX/1/1 http://www.topografix.com/GPX/1/1/gpx.xsd http://www.garmin.com/xmlschemas/GpxExtensions/v3 http://www.garmin.com/xmlschemas/GpxExtensionsv3.xsd http://www.garmin.com/xmlschemas/TrackPointExtension/v1 http://www.garmin.com/xmlschemas/TrackPointExtensionv1.xsd http://www.garmin.com/xmlschemas/PowerExtension/v1 http://www.garmin.com/xmlschemas/PowerExtensionv1.xsd http://www.topografix.com/GPX/gpx_style/0/2 http://www.topografix.com/GPX/gpx_style/0/2/gpx_style.xsd" xmlns="http://www.topografix.com/GPX/1/1" xmlns:xsi="http://www.w3.org/2001/XMLSchema-instance" xsi:schemaLocation="http://www.topografix.com/GPX/1/1 http://www.topografix.com/GPX/1/1/gpx.xsd http://www.garmin.com/xmlschemas/GpxExtensions/v3 http://www.garmin.com/xmlschemas/GpxExtensionsv3.xsd http://www.garmin.com/xmlschemas/TrackPointExtension/v1 http://www.garmin.com/xmlschemas/TrackPointExtensionv1.xsd http://www.garmin.com/xmlschemas/PowerExtension/v1 http://www.garmin.com/xmlschemas/PowerExtensionv1.xsd http://www.topografix.com/GPX/gpx_style/0/2 http://www.topografix.com/GPX/gpx_style/0/2/gpx_style.xsd" xmlns:gpxtpx="http://www.garmin.com/xmlschemas/TrackPointExtension/v1" xmlns:gpxx="http://www.garmin.com/xmlschemas/GpxExtensions/v3" xmlns:gpxpx="http://www.garmin.com/xmlschemas/PowerExtension/v1" xmlns:gpx_style="http://www.topografix.com/GPX/gpx_style/0/2">
  <metadata>
    <name>10K_Bogor_City_Trail_2025</name>
    <author>
      <name>gpx.studio</name>
      <link href="https://gpx.studio"/>
    </author>
    <time>2025-04-09T23:19:39.000Z</time>
  </metadata>
  <trk>
    <name>10K Bogor City Trail 2025</name>
    <type>running</type>
    <trkseg>
      <trkpt lat="-6.633285" lon="106.793612">
        <ele>314.7</ele>
        <time>2025-04-09T23:19:39.000Z</time>
      </trkpt>
      <trkpt lat="-6.633282" lon="106.79361">
        <ele>314.7</ele>
        <time>2025-04-09T23:19:40.000Z</time>
      </trkpt>
      <trkpt lat="-6.633282" lon="106.793609">
        <ele>314.7</ele>
        <time>2025-04-09T23:19:41.000Z</time>
      </trkpt>
      <trkpt lat="-6.633283" lon="106.793608">
        <ele>314.7</ele>
        <time>2025-04-09T23:19:42.000Z</time>
      </trkpt>
      <trkpt lat="-6.633283" lon="106.793608">
        <ele>314.7</ele>
        <time>2025-04-09T23:19:43.000Z</time>
      </trkpt>
      <trkpt lat="-6.633283" lon="106.793607">
        <ele>314.7</ele>
        <time>2025-04-09T23:19:44.000Z</time>
      </trkpt>
      <trkpt lat="-6.633283" lon="106.793607">
        <ele>314.7</ele>
        <time>2025-04-09T23:19:45.000Z</time>
      </trkpt>
      <trkpt lat="-6.63328" lon="106.793605">
        <ele>314.7</ele>
        <time>2025-04-09T23:19:46.000Z</time>
      </trkpt>
      <trkpt lat="-6.633279" lon="106.793606">
        <ele>314.7</ele>
        <time>2025-04-09T23:19:47.000Z</time>
      </trkpt>
      <trkpt lat="-6.633281" lon="106.793604">
        <ele>314.7</ele>
        <time>2025-04-09T23:19:48.000Z</time>
      </trkpt>
      <trkpt lat="-6.633287" lon="106.793603">
        <ele>314.7</ele>
        <time>2025-04-09T23:19:49.000Z</time>
      </trkpt>
      <trkpt lat="-6.6333" lon="106.793603">
        <ele>314.7</ele>
        <time>2025-04-09T23:19:50.000Z</time>
      </trkpt>
      <trkpt lat="-6.633314" lon="106.793604">
        <ele>314.8</ele>
        <time>2025-04-09T23:19:51.000Z</time>
      </trkpt>
      <trkpt lat="-6.633336" lon="106.793604">
        <ele>314.8</ele>
        <time>2025-04-09T23:19:52.000Z</time>
      </trkpt>
      <trkpt lat="-6.633343" lon="106.793604">
        <ele>314.8</ele>
        <time>2025-04-09T23:19:53.000Z</time>
      </trkpt>
      <trkpt lat="-6.633351" lon="106.793603">
        <ele>314.8</ele>
        <time>2025-04-09T23:19:54.000Z</time>
      </trkpt>
      <trkpt lat="-6.633372" lon="106.793599">
        <ele>314.8</ele>
        <time>2025-04-09T23:19:55.000Z</time>
      </trkpt>
      <trkpt lat="-6.63338" lon="106.793598">
        <ele>314.8</ele>
        <time>2025-04-09T23:19:56.000Z</time>
      </trkpt>
      <trkpt lat="-6.633388" lon="106.793598">
        <ele>314.8</ele>
        <time>2025-04-09T23:19:57.000Z</time>
      </trkpt>
      <trkpt lat="-6.633398" lon="106.793598">
        <ele>314.9</ele>
        <time>2025-04-09T23:19:58.000Z</time>
      </trkpt>
      <trkpt lat="-6.633408" lon="106.793603">
        <ele>314.9</ele>
        <time>2025-04-09T23:19:59.000Z</time>
      </trkpt>
      <trkpt lat="-6.633421" lon="106.793607">
        <ele>314.9</ele>
        <time>2025-04-09T23:20:00.000Z</time>
      </trkpt>
      <trkpt lat="-6.633442" lon="106.793613">
        <ele>314.9</ele>
        <time>2025-04-09T23:20:01.000Z</time>
      </trkpt>
      <trkpt lat="-6.63345" lon="106.793615">
        <ele>314.9</ele>
        <time>2025-04-09T23:20:02.000Z</time>
      </trkpt>
      <trkpt lat="-6.633459" lon="106.793616">
        <ele>314.9</ele>
        <time>2025-04-09T23:20:03.000Z</time>
      </trkpt>
      <trkpt lat="-6.633469" lon="106.793614">
        <ele>314.9</ele>
        <time>2025-04-09T23:20:04.000Z</time>
      </trkpt>
      <trkpt lat="-6.63348" lon="106.793612">
        <ele>315</ele>
        <time>2025-04-09T23:20:05.000Z</time>
      </trkpt>
      <trkpt lat="-6.633493" lon="106.793611">
        <ele>315</ele>
        <time>2025-04-09T23:20:06.000Z</time>
      </trkpt>
      <trkpt lat="-6.633508" lon="106.793611">
        <ele>315</ele>
        <time>2025-04-09T23:20:07.000Z</time>
      </trkpt>
      <trkpt lat="-6.633521" lon="106.793611">
        <ele>315</ele>
        <time>2025-04-09T23:20:08.000Z</time>
      </trkpt>
      <trkpt lat="-6.633532" lon="106.793615">
        <ele>315.1</ele>
        <time>2025-04-09T23:20:09.000Z</time>
      </trkpt>
      <trkpt lat="-6.633545" lon="106.793619">
        <ele>315.1</ele>
        <time>2025-04-09T23:20:10.000Z</time>
      </trkpt>
      <trkpt lat="-6.633555" lon="106.793619">
        <ele>315.2</ele>
        <time>2025-04-09T23:20:11.000Z</time>
      </trkpt>
      <trkpt lat="-6.633561519129896" lon="106.79362018529635">
        <ele>315.2</ele>
        <time>2025-04-09T23:20:11.592Z</time>
      </trkpt>
      <trkpt lat="-6.633566" lon="106.793621">
        <ele>315.2</ele>
        <time>2025-04-09T23:20:12.000Z</time>
      </trkpt>
      <trkpt lat="-6.633577" lon="106.79362">
        <ele>315.2</ele>
        <time>2025-04-09T23:20:13.000Z</time>
      </trkpt>
      <trkpt lat="-6.63359" lon="106.793619">
        <ele>315.3</ele>
        <time>2025-04-09T23:20:14.000Z</time>
      </trkpt>
      <trkpt lat="-6.633603" lon="106.793615">
        <ele>315.3</ele>
        <time>2025-04-09T23:20:15.000Z</time>
      </trkpt>
      <trkpt lat="-6.633617" lon="106.793609">
        <ele>315.4</ele>
        <time>2025-04-09T23:20:16.000Z</time>
      </trkpt>
      <trkpt lat="-6.633638" lon="106.793602">
        <ele>315.5</ele>
        <time>2025-04-09T23:20:17.000Z</time>
      </trkpt>
      <trkpt lat="-6.633645" lon="106.793601">
        <ele>315.5</ele>
        <time>2025-04-09T23:20:18.000Z</time>
      </trkpt>
      <trkpt lat="-6.633653" lon="106.793599">
        <ele>315.5</ele>
        <time>2025-04-09T23:20:19.000Z</time>
      </trkpt>
      <trkpt lat="-6.633672" lon="106.793599">
        <ele>315.6</ele>
        <time>2025-04-09T23:20:20.000Z</time>
      </trkpt>
      <trkpt lat="-6.633681" lon="106.793598">
        <ele>315.7</ele>
        <time>2025-04-09T23:20:21.000Z</time>
      </trkpt>
      <trkpt lat="-6.633689" lon="106.793598">
        <ele>315.7</ele>
        <time>2025-04-09T23:20:22.000Z</time>
      </trkpt>
      <trkpt lat="-6.633703" lon="106.793595">
        <ele>315.8</ele>
        <time>2025-04-09T23:20:23.000Z</time>
      </trkpt>
      <trkpt lat="-6.633716" lon="106.793592">
        <ele>315.8</ele>
        <time>2025-04-09T23:20:24.000Z</time>
      </trkpt>
      <trkpt lat="-6.633727" lon="106.793593">
        <ele>315.9</ele>
        <time>2025-04-09T23:20:25.000Z</time>
      </trkpt>
      <trkpt lat="-6.63374" lon="106.793592">
        <ele>315.9</ele>
        <time>2025-04-09T23:20:26.000Z</time>
      </trkpt>
      <trkpt lat="-6.633752" lon="106.793593">
        <ele>316</ele>
        <time>2025-04-09T23:20:27.000Z</time>
      </trkpt>
      <trkpt lat="-6.633761" lon="106.793592">
        <ele>316</ele>
        <time>2025-04-09T23:20:28.000Z</time>
      </trkpt>
      <trkpt lat="-6.63377" lon="106.793592">
        <ele>316.1</ele>
        <time>2025-04-09T23:20:29.000Z</time>
      </trkpt>
      <trkpt lat="-6.63378" lon="106.793594">
        <ele>316.1</ele>
        <time>2025-04-09T23:20:30.000Z</time>
      </trkpt>
      <trkpt lat="-6.633792" lon="106.793597">
        <ele>316.2</ele>
        <time>2025-04-09T23:20:31.000Z</time>
      </trkpt>
      <trkpt lat="-6.633802" lon="106.793594">
        <ele>316.2</ele>
        <time>2025-04-09T23:20:32.000Z</time>
      </trkpt>
      <trkpt lat="-6.633816" lon="106.793593">
        <ele>316.3</ele>
        <time>2025-04-09T23:20:33.000Z</time>
      </trkpt>
      <trkpt lat="-6.633828" lon="106.793591">
        <ele>316.4</ele>
        <time>2025-04-09T23:20:34.000Z</time>
      </trkpt>
      <trkpt lat="-6.63384" lon="106.793589">
        <ele>316.4</ele>
        <time>2025-04-09T23:20:35.000Z</time>
      </trkpt>
      <trkpt lat="-6.63385" lon="106.793585">
        <ele>316.5</ele>
        <time>2025-04-09T23:20:36.000Z</time>
      </trkpt>
      <trkpt lat="-6.633873" lon="106.793581">
        <ele>316.6</ele>
        <time>2025-04-09T23:20:37.000Z</time>
      </trkpt>
      <trkpt lat="-6.633881" lon="106.793577">
        <ele>316.6</ele>
        <time>2025-04-09T23:20:38.000Z</time>
      </trkpt>
      <trkpt lat="-6.63389" lon="106.793574">
        <ele>316.7</ele>
        <time>2025-04-09T23:20:39.000Z</time>
      </trkpt>
      <trkpt lat="-6.633892057143498" lon="106.79357341224471">
        <ele>316.71469388216184</ele>
        <time>2025-04-09T23:20:39.146Z</time>
      </trkpt>
      <trkpt lat="-6.633904" lon="106.79357">
        <ele>316.8</ele>
        <time>2025-04-09T23:20:40.000Z</time>
      </trkpt>
      <trkpt lat="-6.633916" lon="106.793562">
        <ele>316.8</ele>
        <time>2025-04-09T23:20:41.000Z</time>
      </trkpt>
      <trkpt lat="-6.633932" lon="106.793555">
        <ele>316.9</ele>
        <time>2025-04-09T23:20:42.000Z</time>
      </trkpt>
      <trkpt lat="-6.633944" lon="106.79355">
        <ele>317</ele>
        <time>2025-04-09T23:20:43.000Z</time>
      </trkpt>
      <trkpt lat="-6.633955" lon="106.793548">
        <ele>317.1</ele>
        <time>2025-04-09T23:20:44.000Z</time>
      </trkpt>
      <trkpt lat="-6.633966" lon="106.793548">
        <ele>317.1</ele>
        <time>2025-04-09T23:20:45.000Z</time>
      </trkpt>
      <trkpt lat="-6.633974" lon="106.793546">
        <ele>317.2</ele>
        <time>2025-04-09T23:20:46.000Z</time>
      </trkpt>
      <trkpt lat="-6.633989" lon="106.793547">
        <ele>317.2</ele>
        <time>2025-04-09T23:20:47.000Z</time>
      </trkpt>
      <trkpt lat="-6.634006" lon="106.793546">
        <ele>317.3</ele>
        <time>2025-04-09T23:20:48.000Z</time>
      </trkpt>
      <trkpt lat="-6.634021" lon="106.793549">
        <ele>317.4</ele>
        <time>2025-04-09T23:20:49.000Z</time>
      </trkpt>
      <trkpt lat="-6.634033" lon="106.793553">
        <ele>317.5</ele>
        <time>2025-04-09T23:20:50.000Z</time>
      </trkpt>
      <trkpt lat="-6.634045" lon="106.793554">
        <ele>317.6</ele>
        <time>2025-04-09T23:20:51.000Z</time>
      </trkpt>
      <trkpt lat="-6.634055" lon="106.793555">
        <ele>317.6</ele>
        <time>2025-04-09T23:20:52.000Z</time>
      </trkpt>
      <trkpt lat="-6.634066" lon="106.793555">
        <ele>317.7</ele>
        <time>2025-04-09T23:20:53.000Z</time>
      </trkpt>
      <trkpt lat="-6.634078" lon="106.793554">
        <ele>317.7</ele>
        <time>2025-04-09T23:20:54.000Z</time>
      </trkpt>
      <trkpt lat="-6.634089" lon="106.793552">
        <ele>317.8</ele>
        <time>2025-04-09T23:20:55.000Z</time>
      </trkpt>
      <trkpt lat="-6.634101" lon="106.793552">
        <ele>317.9</ele>
        <time>2025-04-09T23:20:56.000Z</time>
      </trkpt>
      <trkpt lat="-6.634112" lon="106.793553">
        <ele>317.9</ele>
        <time>2025-04-09T23:20:57.000Z</time>
      </trkpt>
      <trkpt lat="-6.634123" lon="106.793549">
        <ele>318</ele>
        <time>2025-04-09T23:20:58.000Z</time>
      </trkpt>
      <trkpt lat="-6.634136" lon="106.793546">
        <ele>318</ele>
        <time>2025-04-09T23:20:59.000Z</time>
      </trkpt>
      <trkpt lat="-6.6341398413731305" lon="106.79354523172537">
        <ele>318.03841373134196</ele>
        <time>2025-04-09T23:20:59.192Z</time>
      </trkpt>
      <trkpt lat="-6.634156" lon="106.793542">
        <ele>318.2</ele>
        <time>2025-04-09T23:21:00.000Z</time>
      </trkpt>
      <trkpt lat="-6.634165" lon="106.79354">
        <ele>318.2</ele>
        <time>2025-04-09T23:21:01.000Z</time>
      </trkpt>
      <trkpt lat="-6.634173" lon="106.793537">
        <ele>318.3</ele>
        <time>2025-04-09T23:21:02.000Z</time>
      </trkpt>
      <trkpt lat="-6.634187" lon="106.793537">
        <ele>318.3</ele>
        <time>2025-04-09T23:21:03.000Z</time>
      </trkpt>
      <trkpt lat="-6.634201" lon="106.793535">
        <ele>318.4</ele>
        <time>2025-04-09T23:21:04.000Z</time>
      </trkpt>
      <trkpt lat="-6.634213" lon="106.793533">
        <ele>318.5</ele>
        <time>2025-04-09T23:21:05.000Z</time>
      </trkpt>
      <trkpt lat="-6.634225" lon="106.793534">
        <ele>318.5</ele>
        <time>2025-04-09T23:21:06.000Z</time>
      </trkpt>
      <trkpt lat="-6.634237" lon="106.793534">
        <ele>318.6</ele>
        <time>2025-04-09T23:21:07.000Z</time>
      </trkpt>
      <trkpt lat="-6.63425" lon="106.793536">
        <ele>318.7</ele>
        <time>2025-04-09T23:21:08.000Z</time>
      </trkpt>
      <trkpt lat="-6.634259" lon="106.793539">
        <ele>318.7</ele>
        <time>2025-04-09T23:21:09.000Z</time>
      </trkpt>
      <trkpt lat="-6.634272" lon="106.79354">
        <ele>318.8</ele>
        <time>2025-04-09T23:21:10.000Z</time>
      </trkpt>
      <trkpt lat="-6.634282" lon="106.793541">
        <ele>318.8</ele>
        <time>2025-04-09T23:21:11.000Z</time>
      </trkpt>
      <trkpt lat="-6.634286527940558" lon="106.79353999379099">
        <ele>318.85031045065944</ele>
        <time>2025-04-09T23:21:11.503Z</time>
      </trkpt>
      <trkpt lat="-6.634291" lon="106.793539">
        <ele>318.9</ele>
        <time>2025-04-09T23:21:12.000Z</time>
      </trkpt>
      <trkpt lat="-6.634303" lon="106.793534">
        <ele>319</ele>
        <time>2025-04-09T23:21:13.000Z</time>
      </trkpt>
      <trkpt lat="-6.634317" lon="106.793529">
        <ele>319</ele>
        <time>2025-04-09T23:21:14.000Z</time>
      </trkpt>
      <trkpt lat="-6.634329" lon="106.793526">
        <ele>319.1</ele>
        <time>2025-04-09T23:21:15.000Z</time>
      </trkpt>
      <trkpt lat="-6.634341" lon="106.793522">
        <ele>319.2</ele>
        <time>2025-04-09T23:21:16.000Z</time>
      </trkpt>
      <trkpt lat="-6.634354" lon="106.793519">
        <ele>319.2</ele>
        <time>2025-04-09T23:21:17.000Z</time>
      </trkpt>
      <trkpt lat="-6.634365" lon="106.793517">
        <ele>319.3</ele>
        <time>2025-04-09T23:21:18.000Z</time>
      </trkpt>
      <trkpt lat="-6.634376" lon="106.793513">
        <ele>319.3</ele>
        <time>2025-04-09T23:21:19.000Z</time>
      </trkpt>
      <trkpt lat="-6.634387" lon="106.79351">
        <ele>319.4</ele>
        <time>2025-04-09T23:21:20.000Z</time>
      </trkpt>
      <trkpt lat="-6.634399" lon="106.793507">
        <ele>319.4</ele>
        <time>2025-04-09T23:21:21.000Z</time>
      </trkpt>
      <trkpt lat="-6.634412" lon="106.793506">
        <ele>319.5</ele>
        <time>2025-04-09T23:21:22.000Z</time>
      </trkpt>
      <trkpt lat="-6.634424" lon="106.793508">
        <ele>319.5</ele>
        <time>2025-04-09T23:21:23.000Z</time>
      </trkpt>
      <trkpt lat="-6.634435" lon="106.793506">
        <ele>319.6</ele>
        <time>2025-04-09T23:21:24.000Z</time>
      </trkpt>
      <trkpt lat="-6.634446" lon="106.793506">
        <ele>319.6</ele>
        <time>2025-04-09T23:21:25.000Z</time>
      </trkpt>
      <trkpt lat="-6.634458" lon="106.793507">
        <ele>319.7</ele>
        <time>2025-04-09T23:21:26.000Z</time>
      </trkpt>
      <trkpt lat="-6.634469" lon="106.793507">
        <ele>319.7</ele>
        <time>2025-04-09T23:21:27.000Z</time>
      </trkpt>
      <trkpt lat="-6.634481" lon="106.793507">
        <ele>319.8</ele>
        <time>2025-04-09T23:21:28.000Z</time>
      </trkpt>
      <trkpt lat="-6.634492" lon="106.793508">
        <ele>319.8</ele>
        <time>2025-04-09T23:21:29.000Z</time>
      </trkpt>
      <trkpt lat="-6.634503" lon="106.793511">
        <ele>319.9</ele>
        <time>2025-04-09T23:21:30.000Z</time>
      </trkpt>
      <trkpt lat="-6.634512" lon="106.793511">
        <ele>319.9</ele>
        <time>2025-04-09T23:21:31.000Z</time>
      </trkpt>
      <trkpt lat="-6.63452" lon="106.793509">
        <ele>319.9</ele>
        <time>2025-04-09T23:21:32.000Z</time>
      </trkpt>
      <trkpt lat="-6.634525" lon="106.793505">
        <ele>320</ele>
        <time>2025-04-09T23:21:33.000Z</time>
      </trkpt>
      <trkpt lat="-6.63453" lon="106.793503">
        <ele>320</ele>
        <time>2025-04-09T23:21:34.000Z</time>
      </trkpt>
      <trkpt lat="-6.634534" lon="106.793502">
        <ele>320</ele>
        <time>2025-04-09T23:21:35.000Z</time>
      </trkpt>
      <trkpt lat="-6.634536" lon="106.793503">
        <ele>320</ele>
        <time>2025-04-09T23:21:36.000Z</time>
      </trkpt>
      <trkpt lat="-6.634539" lon="106.793503">
        <ele>320</ele>
        <time>2025-04-09T23:21:37.000Z</time>
      </trkpt>
      <trkpt lat="-6.634544" lon="106.793503">
        <ele>320</ele>
        <time>2025-04-09T23:21:38.000Z</time>
      </trkpt>
      <trkpt lat="-6.634549" lon="106.793502">
        <ele>320</ele>
        <time>2025-04-09T23:21:39.000Z</time>
      </trkpt>
      <trkpt lat="-6.634552" lon="106.793501">
        <ele>320.1</ele>
        <time>2025-04-09T23:21:40.000Z</time>
      </trkpt>
      <trkpt lat="-6.634556" lon="106.793499">
        <ele>320.1</ele>
        <time>2025-04-09T23:21:41.000Z</time>
      </trkpt>
      <trkpt lat="-6.634565" lon="106.793496">
        <ele>320.1</ele>
        <time>2025-04-09T23:21:42.000Z</time>
      </trkpt>
      <trkpt lat="-6.634585" lon="106.793493">
        <ele>320.2</ele>
        <time>2025-04-09T23:21:43.000Z</time>
      </trkpt>
      <trkpt lat="-6.634594" lon="106.793491">
        <ele>320.2</ele>
        <time>2025-04-09T23:21:44.000Z</time>
      </trkpt>
      <trkpt lat="-6.634604" lon="106.79349">
        <ele>320.2</ele>
        <time>2025-04-09T23:21:45.000Z</time>
      </trkpt>
      <trkpt lat="-6.634617" lon="106.793488">
        <ele>320.3</ele>
        <time>2025-04-09T23:21:46.000Z</time>
      </trkpt>
      <trkpt lat="-6.634632" lon="106.793487">
        <ele>320.3</ele>
        <time>2025-04-09T23:21:47.000Z</time>
      </trkpt>
      <trkpt lat="-6.634655" lon="106.793486">
        <ele>320.4</ele>
        <time>2025-04-09T23:21:48.000Z</time>
      </trkpt>
      <trkpt lat="-6.634663" lon="106.793487">
        <ele>320.4</ele>
        <time>2025-04-09T23:21:49.000Z</time>
      </trkpt>
      <trkpt lat="-6.634672" lon="106.793487">
        <ele>320.4</ele>
        <time>2025-04-09T23:21:50.000Z</time>
      </trkpt>
      <trkpt lat="-6.634682" lon="106.793482">
        <ele>320.5</ele>
        <time>2025-04-09T23:21:51.000Z</time>
      </trkpt>
      <trkpt lat="-6.634694" lon="106.79348">
        <ele>320.5</ele>
        <time>2025-04-09T23:21:52.000Z</time>
      </trkpt>
      <trkpt lat="-6.634701757591147" lon="106.79347833765904">
        <ele>320.55541136535</ele>
        <time>2025-04-09T23:21:52.554Z</time>
      </trkpt>
      <trkpt lat="-6.634708" lon="106.793477">
        <ele>320.6</ele>
        <time>2025-04-09T23:21:53.000Z</time>
      </trkpt>
      <trkpt lat="-6.63472" lon="106.793478">
        <ele>320.6</ele>
        <time>2025-04-09T23:21:54.000Z</time>
      </trkpt>
      <trkpt lat="-6.634731" lon="106.793481">
        <ele>320.6</ele>
        <time>2025-04-09T23:21:55.000Z</time>
      </trkpt>
      <trkpt lat="-6.634743" lon="106.793481">
        <ele>320.6</ele>
        <time>2025-04-09T23:21:56.000Z</time>
      </trkpt>
      <trkpt lat="-6.634756" lon="106.793485">
        <ele>320.6</ele>
        <time>2025-04-09T23:21:57.000Z</time>
      </trkpt>
      <trkpt lat="-6.63477" lon="106.793489">
        <ele>320.6</ele>
        <time>2025-04-09T23:21:58.000Z</time>
      </trkpt>
      <trkpt lat="-6.634784" lon="106.793497">
        <ele>320.7</ele>
        <time>2025-04-09T23:21:59.000Z</time>
      </trkpt>
      <trkpt lat="-6.634797" lon="106.793506">
        <ele>320.7</ele>
        <time>2025-04-09T23:22:00.000Z</time>
      </trkpt>
      <trkpt lat="-6.634808" lon="106.793515">
        <ele>320.7</ele>
        <time>2025-04-09T23:22:01.000Z</time>
      </trkpt>
      <trkpt lat="-6.634819" lon="106.793523">
        <ele>320.7</ele>
        <time>2025-04-09T23:22:02.000Z</time>
      </trkpt>
      <trkpt lat="-6.634836" lon="106.793538">
        <ele>320.7</ele>
        <time>2025-04-09T23:22:03.000Z</time>
      </trkpt>
      <trkpt lat="-6.634842" lon="106.793543">
        <ele>320.7</ele>
        <time>2025-04-09T23:22:04.000Z</time>
      </trkpt>
      <trkpt lat="-6.634847" lon="106.793549">
        <ele>320.7</ele>
        <time>2025-04-09T23:22:05.000Z</time>
      </trkpt>
      <trkpt lat="-6.634861" lon="106.793564">
        <ele>320.7</ele>
        <time>2025-04-09T23:22:06.000Z</time>
      </trkpt>
      <trkpt lat="-6.634867" lon="106.79357">
        <ele>320.7</ele>
        <time>2025-04-09T23:22:07.000Z</time>
      </trkpt>
      <trkpt lat="-6.634874" lon="106.793575">
        <ele>320.7</ele>
        <time>2025-04-09T23:22:08.000Z</time>
      </trkpt>
      <trkpt lat="-6.634883" lon="106.793581">
        <ele>320.7</ele>
        <time>2025-04-09T23:22:09.000Z</time>
      </trkpt>
      <trkpt lat="-6.63489" lon="106.79359">
        <ele>320.7</ele>
        <time>2025-04-09T23:22:10.000Z</time>
      </trkpt>
      <trkpt lat="-6.634899" lon="106.793601">
        <ele>320.7</ele>
        <time>2025-04-09T23:22:11.000Z</time>
      </trkpt>
      <trkpt lat="-6.634904" lon="106.793609">
        <ele>320.7</ele>
        <time>2025-04-09T23:22:12.000Z</time>
      </trkpt>
      <trkpt lat="-6.6349113298138" lon="106.79361388654253">
        <ele>320.7</ele>
        <time>2025-04-09T23:22:12.814Z</time>
      </trkpt>
      <trkpt lat="-6.634913" lon="106.793615">
        <ele>320.7</ele>
        <time>2025-04-09T23:22:13.000Z</time>
      </trkpt>
      <trkpt lat="-6.634919" lon="106.79362">
        <ele>320.6</ele>
        <time>2025-04-09T23:22:14.000Z</time>
      </trkpt>
      <trkpt lat="-6.634921" lon="106.793625">
        <ele>320.6</ele>
        <time>2025-04-09T23:22:15.000Z</time>
      </trkpt>
      <trkpt lat="-6.634924" lon="106.793629">
        <ele>320.6</ele>
        <time>2025-04-09T23:22:16.000Z</time>
      </trkpt>
      <trkpt lat="-6.634927" lon="106.793634">
        <ele>320.6</ele>
        <time>2025-04-09T23:22:17.000Z</time>
      </trkpt>
      <trkpt lat="-6.634932" lon="106.793639">
        <ele>320.6</ele>
        <time>2025-04-09T23:22:18.000Z</time>
      </trkpt>
      <trkpt lat="-6.634935" lon="106.793647">
        <ele>320.6</ele>
        <time>2025-04-09T23:22:19.000Z</time>
      </trkpt>
      <trkpt lat="-6.634938" lon="106.793656">
        <ele>320.6</ele>
        <time>2025-04-09T23:22:20.000Z</time>
      </trkpt>
      <trkpt lat="-6.634942" lon="106.793664">
        <ele>320.6</ele>
        <time>2025-04-09T23:22:21.000Z</time>
      </trkpt>
      <trkpt lat="-6.634947" lon="106.793674">
        <ele>320.6</ele>
        <time>2025-04-09T23:22:22.000Z</time>
      </trkpt>
      <trkpt lat="-6.634951" lon="106.793693">
        <ele>320.5</ele>
        <time>2025-04-09T23:22:23.000Z</time>
      </trkpt>
      <trkpt lat="-6.634952" lon="106.793702">
        <ele>320.5</ele>
        <time>2025-04-09T23:22:24.000Z</time>
      </trkpt>
      <trkpt lat="-6.634953" lon="106.793712">
        <ele>320.5</ele>
        <time>2025-04-09T23:22:25.000Z</time>
      </trkpt>
      <trkpt lat="-6.634954" lon="106.793727">
        <ele>320.5</ele>
        <time>2025-04-09T23:22:26.000Z</time>
      </trkpt>
      <trkpt lat="-6.634957" lon="106.79374">
        <ele>320.5</ele>
        <time>2025-04-09T23:22:27.000Z</time>
      </trkpt>
      <trkpt lat="-6.634959" lon="106.793754">
        <ele>320.5</ele>
        <time>2025-04-09T23:22:28.000Z</time>
      </trkpt>
      <trkpt lat="-6.634962" lon="106.793769">
        <ele>320.4</ele>
        <time>2025-04-09T23:22:29.000Z</time>
      </trkpt>
      <trkpt lat="-6.634967" lon="106.793784">
        <ele>320.4</ele>
        <time>2025-04-09T23:22:30.000Z</time>
      </trkpt>
      <trkpt lat="-6.63497" lon="106.793799">
        <ele>320.4</ele>
        <time>2025-04-09T23:22:31.000Z</time>
      </trkpt>
      <trkpt lat="-6.634975" lon="106.793811">
        <ele>320.4</ele>
        <time>2025-04-09T23:22:32.000Z</time>
      </trkpt>
      <trkpt lat="-6.634981" lon="106.79382">
        <ele>320.4</ele>
        <time>2025-04-09T23:22:33.000Z</time>
      </trkpt>
      <trkpt lat="-6.634986" lon="106.79383">
        <ele>320.3</ele>
        <time>2025-04-09T23:22:34.000Z</time>
      </trkpt>
      <trkpt lat="-6.634993" lon="106.79385">
        <ele>320.3</ele>
        <time>2025-04-09T23:22:35.000Z</time>
      </trkpt>
      <trkpt lat="-6.634995" lon="106.793858">
        <ele>320.3</ele>
        <time>2025-04-09T23:22:36.000Z</time>
      </trkpt>
      <trkpt lat="-6.634998" lon="106.793867">
        <ele>320.3</ele>
        <time>2025-04-09T23:22:37.000Z</time>
      </trkpt>
      <trkpt lat="-6.635004" lon="106.793888">
        <ele>320.2</ele>
        <time>2025-04-09T23:22:38.000Z</time>
      </trkpt>
      <trkpt lat="-6.635007" lon="106.793895">
        <ele>320.2</ele>
        <time>2025-04-09T23:22:39.000Z</time>
      </trkpt>
      <trkpt lat="-6.63501" lon="106.793903">
        <ele>320.2</ele>
        <time>2025-04-09T23:22:40.000Z</time>
      </trkpt>
      <trkpt lat="-6.635012087832249" lon="106.79390543580429">
        <ele>320.2</ele>
        <time>2025-04-09T23:22:40.347Z</time>
      </trkpt>
      <trkpt lat="-6.635016" lon="106.79391">
        <ele>320.2</ele>
        <time>2025-04-09T23:22:41.000Z</time>
      </trkpt>
      <trkpt lat="-6.635025" lon="106.793918">
        <ele>320.2</ele>
        <time>2025-04-09T23:22:42.000Z</time>
      </trkpt>
      <trkpt lat="-6.635031" lon="106.793925">
        <ele>320.2</ele>
        <time>2025-04-09T23:22:43.000Z</time>
      </trkpt>
      <trkpt lat="-6.63504" lon="106.793943">
        <ele>320.1</ele>
        <time>2025-04-09T23:22:44.000Z</time>
      </trkpt>
      <trkpt lat="-6.635044" lon="106.793952">
        <ele>320.1</ele>
        <time>2025-04-09T23:22:45.000Z</time>
      </trkpt>
      <trkpt lat="-6.635047" lon="106.79396">
        <ele>320.1</ele>
        <time>2025-04-09T23:22:46.000Z</time>
      </trkpt>
      <trkpt lat="-6.635053" lon="106.793977">
        <ele>320.1</ele>
        <time>2025-04-09T23:22:47.000Z</time>
      </trkpt>
      <trkpt lat="-6.635057" lon="106.793986">
        <ele>320.1</ele>
        <time>2025-04-09T23:22:48.000Z</time>
      </trkpt>
      <trkpt lat="-6.63506" lon="106.793995">
        <ele>320</ele>
        <time>2025-04-09T23:22:49.000Z</time>
      </trkpt>
      <trkpt lat="-6.635065" lon="106.794012">
        <ele>320</ele>
        <time>2025-04-09T23:22:50.000Z</time>
      </trkpt>
      <trkpt lat="-6.635071" lon="106.794025">
        <ele>320</ele>
        <time>2025-04-09T23:22:51.000Z</time>
      </trkpt>
      <trkpt lat="-6.635077" lon="106.794038">
        <ele>320</ele>
        <time>2025-04-09T23:22:52.000Z</time>
      </trkpt>
      <trkpt lat="-6.635084" lon="106.794051">
        <ele>319.9</ele>
        <time>2025-04-09T23:22:53.000Z</time>
      </trkpt>
      <trkpt lat="-6.63509" lon="106.794064">
        <ele>319.9</ele>
        <time>2025-04-09T23:22:54.000Z</time>
      </trkpt>
      <trkpt lat="-6.635094" lon="106.794076">
        <ele>319.9</ele>
        <time>2025-04-09T23:22:55.000Z</time>
      </trkpt>
      <trkpt lat="-6.635096" lon="106.794086">
        <ele>319.9</ele>
        <time>2025-04-09T23:22:56.000Z</time>
      </trkpt>
      <trkpt lat="-6.635098335269262" lon="106.79409008672121">
        <ele>319.9</ele>
        <time>2025-04-09T23:22:56.583Z</time>
      </trkpt>
      <trkpt lat="-6.6351" lon="106.794093">
        <ele>319.9</ele>
        <time>2025-04-09T23:22:57.000Z</time>
      </trkpt>
      <trkpt lat="-6.635106" lon="106.794104">
        <ele>319.8</ele>
        <time>2025-04-09T23:22:58.000Z</time>
      </trkpt>
      <trkpt lat="-6.635121" lon="106.794128">
        <ele>319.8</ele>
        <time>2025-04-09T23:22:59.000Z</time>
      </trkpt>
      <trkpt lat="-6.635125" lon="106.794137">
        <ele>319.8</ele>
        <time>2025-04-09T23:23:00.000Z</time>
      </trkpt>
      <trkpt lat="-6.635132" lon="106.794149">
        <ele>319.8</ele>
        <time>2025-04-09T23:23:01.000Z</time>
      </trkpt>
      <trkpt lat="-6.635142" lon="106.794159">
        <ele>319.7</ele>
        <time>2025-04-09T23:23:02.000Z</time>
      </trkpt>
      <trkpt lat="-6.635153" lon="106.794177">
        <ele>319.7</ele>
        <time>2025-04-09T23:23:03.000Z</time>
      </trkpt>
      <trkpt lat="-6.635158" lon="106.794184">
        <ele>319.7</ele>
        <time>2025-04-09T23:23:04.000Z</time>
      </trkpt>
      <trkpt lat="-6.635163" lon="106.79419">
        <ele>319.7</ele>
        <time>2025-04-09T23:23:05.000Z</time>
      </trkpt>
      <trkpt lat="-6.635171" lon="106.7942">
        <ele>319.7</ele>
        <time>2025-04-09T23:23:06.000Z</time>
      </trkpt>
      <trkpt lat="-6.63518" lon="106.794212">
        <ele>319.6</ele>
        <time>2025-04-09T23:23:07.000Z</time>
      </trkpt>
      <trkpt lat="-6.635181505788274" lon="106.79421333847846">
        <ele>319.6</ele>
        <time>2025-04-09T23:23:07.167Z</time>
      </trkpt>
      <trkpt lat="-6.635189" lon="106.79422">
        <ele>319.6</ele>
        <time>2025-04-09T23:23:08.000Z</time>
      </trkpt>
      <trkpt lat="-6.635196" lon="106.794229">
        <ele>319.6</ele>
        <time>2025-04-09T23:23:09.000Z</time>
      </trkpt>
      <trkpt lat="-6.635201" lon="106.794239">
        <ele>319.6</ele>
        <time>2025-04-09T23:23:10.000Z</time>
      </trkpt>
      <trkpt lat="-6.635208" lon="106.794248">
        <ele>319.6</ele>
        <time>2025-04-09T23:23:11.000Z</time>
      </trkpt>
      <trkpt lat="-6.635211" lon="106.794256">
        <ele>319.5</ele>
        <time>2025-04-09T23:23:12.000Z</time>
      </trkpt>
      <trkpt lat="-6.635217" lon="106.794266">
        <ele>319.5</ele>
        <time>2025-04-09T23:23:13.000Z</time>
      </trkpt>
      <trkpt lat="-6.635220105185069" lon="106.79427136350148">
        <ele>319.5</ele>
        <time>2025-04-09T23:23:13.282Z</time>
      </trkpt>
      <trkpt lat="-6.635228" lon="106.794285">
        <ele>319.5</ele>
        <time>2025-04-09T23:23:14.000Z</time>
      </trkpt>
      <trkpt lat="-6.635232" lon="106.794294">
        <ele>319.5</ele>
        <time>2025-04-09T23:23:15.000Z</time>
      </trkpt>
      <trkpt lat="-6.635236" lon="106.794302">
        <ele>319.5</ele>
        <time>2025-04-09T23:23:16.000Z</time>
      </trkpt>
      <trkpt lat="-6.635243" lon="106.794314">
        <ele>319.4</ele>
        <time>2025-04-09T23:23:17.000Z</time>
      </trkpt>
      <trkpt lat="-6.635246" lon="106.794325">
        <ele>319.4</ele>
        <time>2025-04-09T23:23:18.000Z</time>
      </trkpt>
      <trkpt lat="-6.63525" lon="106.794335">
        <ele>319.4</ele>
        <time>2025-04-09T23:23:19.000Z</time>
      </trkpt>
      <trkpt lat="-6.635255" lon="106.794345">
        <ele>319.4</ele>
        <time>2025-04-09T23:23:20.000Z</time>
      </trkpt>
      <trkpt lat="-6.63526" lon="106.794356">
        <ele>319.4</ele>
        <time>2025-04-09T23:23:21.000Z</time>
      </trkpt>
      <trkpt lat="-6.635260196051611" lon="106.79435625206635">
        <ele>319.4</ele>
        <time>2025-04-09T23:23:21.028Z</time>
      </trkpt>
      <trkpt lat="-6.635267" lon="106.794365">
        <ele>319.4</ele>
        <time>2025-04-09T23:23:22.000Z</time>
      </trkpt>
      <trkpt lat="-6.635283" lon="106.794378">
        <ele>319.3</ele>
        <time>2025-04-09T23:23:23.000Z</time>
      </trkpt>
      <trkpt lat="-6.635291" lon="106.794385">
        <ele>319.3</ele>
        <time>2025-04-09T23:23:24.000Z</time>
      </trkpt>
      <trkpt lat="-6.6352911548326405" lon="106.7943851327137">
        <ele>319.3</ele>
        <time>2025-04-09T23:23:24.022Z</time>
      </trkpt>
      <trkpt lat="-6.635298" lon="106.794391">
        <ele>319.3</ele>
        <time>2025-04-09T23:23:25.000Z</time>
      </trkpt>
      <trkpt lat="-6.635308" lon="106.7944">
        <ele>319.3</ele>
        <time>2025-04-09T23:23:26.000Z</time>
      </trkpt>
      <trkpt lat="-6.63532" lon="106.794408">
        <ele>319.3</ele>
        <time>2025-04-09T23:23:27.000Z</time>
      </trkpt>
      <trkpt lat="-6.63534" lon="106.794418">
        <ele>319.2</ele>
        <time>2025-04-09T23:23:28.000Z</time>
      </trkpt>
      <trkpt lat="-6.635347" lon="106.794421">
        <ele>319.2</ele>
        <time>2025-04-09T23:23:29.000Z</time>
      </trkpt>
      <trkpt lat="-6.635354" lon="106.794425">
        <ele>319.2</ele>
        <time>2025-04-09T23:23:30.000Z</time>
      </trkpt>
      <trkpt lat="-6.635368559705549" lon="106.79443613389249">
        <ele>319.2</ele>
        <time>2025-04-09T23:23:30.856Z</time>
      </trkpt>
      <trkpt lat="-6.635371" lon="106.794438">
        <ele>319.2</ele>
        <time>2025-04-09T23:23:31.000Z</time>
      </trkpt>
      <trkpt lat="-6.635377" lon="106.794442">
        <ele>319.2</ele>
        <time>2025-04-09T23:23:32.000Z</time>
      </trkpt>
      <trkpt lat="-6.635384" lon="106.794447">
        <ele>319.2</ele>
        <time>2025-04-09T23:23:33.000Z</time>
      </trkpt>
      <trkpt lat="-6.635395" lon="106.794453">
        <ele>319.2</ele>
        <time>2025-04-09T23:23:34.000Z</time>
      </trkpt>
      <trkpt lat="-6.635408" lon="106.794461">
        <ele>319.2</ele>
        <time>2025-04-09T23:23:35.000Z</time>
      </trkpt>
      <trkpt lat="-6.635421" lon="106.794469">
        <ele>319.1</ele>
        <time>2025-04-09T23:23:36.000Z</time>
      </trkpt>
      <trkpt lat="-6.635434" lon="106.794475">
        <ele>319.1</ele>
        <time>2025-04-09T23:23:37.000Z</time>
      </trkpt>
      <trkpt lat="-6.635454" lon="106.794482">
        <ele>319.1</ele>
        <time>2025-04-09T23:23:38.000Z</time>
      </trkpt>
      <trkpt lat="-6.635457477826441" lon="106.79448330418491">
        <ele>319.1</ele>
        <time>2025-04-09T23:23:38.434Z</time>
      </trkpt>
      <trkpt lat="-6.635462" lon="106.794485">
        <ele>319.1</ele>
        <time>2025-04-09T23:23:39.000Z</time>
      </trkpt>
      <trkpt lat="-6.635471" lon="106.794487">
        <ele>319.1</ele>
        <time>2025-04-09T23:23:40.000Z</time>
      </trkpt>
      <trkpt lat="-6.635484" lon="106.794491">
        <ele>319.1</ele>
        <time>2025-04-09T23:23:41.000Z</time>
      </trkpt>
      <trkpt lat="-6.635491" lon="106.794494">
        <ele>319.1</ele>
        <time>2025-04-09T23:23:42.000Z</time>
      </trkpt>
      <trkpt lat="-6.635499" lon="106.794493">
        <ele>319.1</ele>
        <time>2025-04-09T23:23:43.000Z</time>
      </trkpt>
      <trkpt lat="-6.635508" lon="106.794494">
        <ele>319</ele>
        <time>2025-04-09T23:23:44.000Z</time>
      </trkpt>
      <trkpt lat="-6.635509816055455" lon="106.79449558904852">
        <ele>319</ele>
        <time>2025-04-09T23:23:44.227Z</time>
      </trkpt>
      <trkpt lat="-6.635516" lon="106.794501">
        <ele>319</ele>
        <time>2025-04-09T23:23:45.000Z</time>
      </trkpt>
      <trkpt lat="-6.635524" lon="106.794511">
        <ele>319</ele>
        <time>2025-04-09T23:23:46.000Z</time>
      </trkpt>
      <trkpt lat="-6.635534" lon="106.794521">
        <ele>319</ele>
        <time>2025-04-09T23:23:47.000Z</time>
      </trkpt>
      <trkpt lat="-6.635546" lon="106.794533">
        <ele>319</ele>
        <time>2025-04-09T23:23:48.000Z</time>
      </trkpt>
      <trkpt lat="-6.635561" lon="106.794544">
        <ele>319</ele>
        <time>2025-04-09T23:23:49.000Z</time>
      </trkpt>
      <trkpt lat="-6.635574" lon="106.794551">
        <ele>319</ele>
        <time>2025-04-09T23:23:50.000Z</time>
      </trkpt>
      <trkpt lat="-6.635576053982853" lon="106.7945523693219">
        <ele>319</ele>
        <time>2025-04-09T23:23:50.171Z</time>
      </trkpt>
      <trkpt lat="-6.635586" lon="106.794559">
        <ele>319</ele>
        <time>2025-04-09T23:23:51.000Z</time>
      </trkpt>
      <trkpt lat="-6.635598" lon="106.794567">
        <ele>319</ele>
        <time>2025-04-09T23:23:52.000Z</time>
      </trkpt>
      <trkpt lat="-6.635618" lon="106.794578">
        <ele>319</ele>
        <time>2025-04-09T23:23:53.000Z</time>
      </trkpt>
      <trkpt lat="-6.635626" lon="106.794583">
        <ele>319</ele>
        <time>2025-04-09T23:23:54.000Z</time>
      </trkpt>
      <trkpt lat="-6.635634" lon="106.794588">
        <ele>319</ele>
        <time>2025-04-09T23:23:55.000Z</time>
      </trkpt>
      <trkpt lat="-6.635645" lon="106.794597">
        <ele>318.9</ele>
        <time>2025-04-09T23:23:56.000Z</time>
      </trkpt>
      <trkpt lat="-6.635658" lon="106.794606">
        <ele>318.9</ele>
        <time>2025-04-09T23:23:57.000Z</time>
      </trkpt>
      <trkpt lat="-6.635663756514253" lon="106.79460756995843">
        <ele>318.9</ele>
        <time>2025-04-09T23:23:57.523Z</time>
      </trkpt>
      <trkpt lat="-6.635669" lon="106.794609">
        <ele>318.9</ele>
        <time>2025-04-09T23:23:58.000Z</time>
      </trkpt>
      <trkpt lat="-6.63568" lon="106.79461">
        <ele>318.9</ele>
        <time>2025-04-09T23:23:59.000Z</time>
      </trkpt>
      <trkpt lat="-6.635691" lon="106.794608">
        <ele>318.9</ele>
        <time>2025-04-09T23:24:00.000Z</time>
      </trkpt>
      <trkpt lat="-6.635703" lon="106.794607">
        <ele>318.9</ele>
        <time>2025-04-09T23:24:01.000Z</time>
      </trkpt>
      <trkpt lat="-6.635713209172906" lon="106.79460699999998">
        <ele>318.9</ele>
        <time>2025-04-09T23:24:01.928Z</time>
      </trkpt>
      <trkpt lat="-6.635714" lon="106.794607">
        <ele>318.9</ele>
        <time>2025-04-09T23:24:02.000Z</time>
      </trkpt>
      <trkpt lat="-6.635726" lon="106.794612">
        <ele>318.9</ele>
        <time>2025-04-09T23:24:03.000Z</time>
      </trkpt>
      <trkpt lat="-6.635736" lon="106.794616">
        <ele>318.9</ele>
        <time>2025-04-09T23:24:04.000Z</time>
      </trkpt>
      <trkpt lat="-6.635746" lon="106.79462">
        <ele>318.9</ele>
        <time>2025-04-09T23:24:05.000Z</time>
      </trkpt>
      <trkpt lat="-6.635757" lon="106.794625">
        <ele>318.9</ele>
        <time>2025-04-09T23:24:06.000Z</time>
      </trkpt>
      <trkpt lat="-6.635769" lon="106.79463">
        <ele>318.9</ele>
        <time>2025-04-09T23:24:07.000Z</time>
      </trkpt>
      <trkpt lat="-6.635782" lon="106.794637">
        <ele>318.9</ele>
        <time>2025-04-09T23:24:08.000Z</time>
      </trkpt>
      <trkpt lat="-6.635786446816204" lon="106.79463795288919">
        <ele>318.9</ele>
        <time>2025-04-09T23:24:08.317Z</time>
      </trkpt>
      <trkpt lat="-6.635796" lon="106.79464">
        <ele>318.9</ele>
        <time>2025-04-09T23:24:09.000Z</time>
      </trkpt>
      <trkpt lat="-6.635807" lon="106.794643">
        <ele>318.9</ele>
        <time>2025-04-09T23:24:10.000Z</time>
      </trkpt>
      <trkpt lat="-6.635817" lon="106.794647">
        <ele>318.9</ele>
        <time>2025-04-09T23:24:11.000Z</time>
      </trkpt>
      <trkpt lat="-6.635837" lon="106.794655">
        <ele>319</ele>
        <time>2025-04-09T23:24:12.000Z</time>
      </trkpt>
      <trkpt lat="-6.635846" lon="106.794659">
        <ele>319</ele>
        <time>2025-04-09T23:24:13.000Z</time>
      </trkpt>
      <trkpt lat="-6.635854" lon="106.794662">
        <ele>319</ele>
        <time>2025-04-09T23:24:14.000Z</time>
      </trkpt>
      <trkpt lat="-6.635867" lon="106.794665">
        <ele>319</ele>
        <time>2025-04-09T23:24:15.000Z</time>
      </trkpt>
      <trkpt lat="-6.635881" lon="106.794668">
        <ele>319</ele>
        <time>2025-04-09T23:24:16.000Z</time>
      </trkpt>
      <trkpt lat="-6.635892" lon="106.794672">
        <ele>319.1</ele>
        <time>2025-04-09T23:24:17.000Z</time>
      </trkpt>
      <trkpt lat="-6.635901255236631" lon="106.79467477657099">
        <ele>319.1</ele>
        <time>2025-04-09T23:24:17.925Z</time>
      </trkpt>
      <trkpt lat="-6.635902" lon="106.794675">
        <ele>319.1</ele>
        <time>2025-04-09T23:24:18.000Z</time>
      </trkpt>
      <trkpt lat="-6.635914" lon="106.794678">
        <ele>319.1</ele>
        <time>2025-04-09T23:24:19.000Z</time>
      </trkpt>
      <trkpt lat="-6.635934" lon="106.794685">
        <ele>319.2</ele>
        <time>2025-04-09T23:24:20.000Z</time>
      </trkpt>
      <trkpt lat="-6.635942" lon="106.794689">
        <ele>319.2</ele>
        <time>2025-04-09T23:24:21.000Z</time>
      </trkpt>
      <trkpt lat="-6.63595" lon="106.794692">
        <ele>319.2</ele>
        <time>2025-04-09T23:24:22.000Z</time>
      </trkpt>
      <trkpt lat="-6.635962" lon="106.794695">
        <ele>319.3</ele>
        <time>2025-04-09T23:24:23.000Z</time>
      </trkpt>
      <trkpt lat="-6.635969437388976" lon="106.79469946243339">
        <ele>319.3</ele>
        <time>2025-04-09T23:24:23.743Z</time>
      </trkpt>
      <trkpt lat="-6.635972" lon="106.794701">
        <ele>319.3</ele>
        <time>2025-04-09T23:24:24.000Z</time>
      </trkpt>
      <trkpt lat="-6.635982" lon="106.794701">
        <ele>319.4</ele>
        <time>2025-04-09T23:24:25.000Z</time>
      </trkpt>
      <trkpt lat="-6.635993" lon="106.794702">
        <ele>319.4</ele>
        <time>2025-04-09T23:24:26.000Z</time>
      </trkpt>
      <trkpt lat="-6.636005" lon="106.794702">
        <ele>319.5</ele>
        <time>2025-04-09T23:24:27.000Z</time>
      </trkpt>
      <trkpt lat="-6.636009632395712" lon="106.79470385295829">
        <ele>319.5</ele>
        <time>2025-04-09T23:24:27.463Z</time>
      </trkpt>
      <trkpt lat="-6.636015" lon="106.794706">
        <ele>319.5</ele>
        <time>2025-04-09T23:24:28.000Z</time>
      </trkpt>
      <trkpt lat="-6.636034" lon="106.794713">
        <ele>319.6</ele>
        <time>2025-04-09T23:24:29.000Z</time>
      </trkpt>
      <trkpt lat="-6.636042" lon="106.794716">
        <ele>319.7</ele>
        <time>2025-04-09T23:24:30.000Z</time>
      </trkpt>
      <trkpt lat="-6.63605" lon="106.79472">
        <ele>319.7</ele>
        <time>2025-04-09T23:24:31.000Z</time>
      </trkpt>
      <trkpt lat="-6.636063" lon="106.794725">
        <ele>319.8</ele>
        <time>2025-04-09T23:24:32.000Z</time>
      </trkpt>
      <trkpt lat="-6.636078" lon="106.794729">
        <ele>319.9</ele>
        <time>2025-04-09T23:24:33.000Z</time>
      </trkpt>
      <trkpt lat="-6.636092" lon="106.794732">
        <ele>320</ele>
        <time>2025-04-09T23:24:34.000Z</time>
      </trkpt>
      <trkpt lat="-6.636105" lon="106.794735">
        <ele>320</ele>
        <time>2025-04-09T23:24:35.000Z</time>
      </trkpt>
      <trkpt lat="-6.63612" lon="106.794738">
        <ele>320.1</ele>
        <time>2025-04-09T23:24:36.000Z</time>
      </trkpt>
      <trkpt lat="-6.636121296072912" lon="106.79473864803646">
        <ele>320.11080060764147</ele>
        <time>2025-04-09T23:24:36.108Z</time>
      </trkpt>
      <trkpt lat="-6.636132" lon="106.794744">
        <ele>320.2</ele>
        <time>2025-04-09T23:24:37.000Z</time>
      </trkpt>
      <trkpt lat="-6.636144" lon="106.794751">
        <ele>320.3</ele>
        <time>2025-04-09T23:24:38.000Z</time>
      </trkpt>
      <trkpt lat="-6.636157" lon="106.794757">
        <ele>320.3</ele>
        <time>2025-04-09T23:24:39.000Z</time>
      </trkpt>
      <trkpt lat="-6.636177" lon="106.794763">
        <ele>320.5</ele>
        <time>2025-04-09T23:24:40.000Z</time>
      </trkpt>
      <trkpt lat="-6.636186" lon="106.794766">
        <ele>320.5</ele>
        <time>2025-04-09T23:24:41.000Z</time>
      </trkpt>
      <trkpt lat="-6.636194" lon="106.794768">
        <ele>320.6</ele>
        <time>2025-04-09T23:24:42.000Z</time>
      </trkpt>
      <trkpt lat="-6.63621" lon="106.794772">
        <ele>320.7</ele>
        <time>2025-04-09T23:24:43.000Z</time>
      </trkpt>
      <trkpt lat="-6.636225" lon="106.794774">
        <ele>320.8</ele>
        <time>2025-04-09T23:24:44.000Z</time>
      </trkpt>
      <trkpt lat="-6.636239" lon="106.794778">
        <ele>320.8</ele>
        <time>2025-04-09T23:24:45.000Z</time>
      </trkpt>
      <trkpt lat="-6.636240661942456" lon="106.79477860434271">
        <ele>320.8151085678102</ele>
        <time>2025-04-09T23:24:45.151Z</time>
      </trkpt>
      <trkpt lat="-6.63625" lon="106.794782">
        <ele>320.9</ele>
        <time>2025-04-09T23:24:46.000Z</time>
      </trkpt>
      <trkpt lat="-6.636258" lon="106.794787">
        <ele>321</ele>
        <time>2025-04-09T23:24:47.000Z</time>
      </trkpt>
      <trkpt lat="-6.636267" lon="106.794794">
        <ele>321</ele>
        <time>2025-04-09T23:24:48.000Z</time>
      </trkpt>
      <trkpt lat="-6.636278" lon="106.794799">
        <ele>321.1</ele>
        <time>2025-04-09T23:24:49.000Z</time>
      </trkpt>
      <trkpt lat="-6.636291" lon="106.794803">
        <ele>321.2</ele>
        <time>2025-04-09T23:24:50.000Z</time>
      </trkpt>
      <trkpt lat="-6.636303" lon="106.794807">
        <ele>321.3</ele>
        <time>2025-04-09T23:24:51.000Z</time>
      </trkpt>
      <trkpt lat="-6.636313" lon="106.794811">
        <ele>321.3</ele>
        <time>2025-04-09T23:24:52.000Z</time>
      </trkpt>
      <trkpt lat="-6.636322" lon="106.794815">
        <ele>321.4</ele>
        <time>2025-04-09T23:24:53.000Z</time>
      </trkpt>
      <trkpt lat="-6.636331" lon="106.794818">
        <ele>321.5</ele>
        <time>2025-04-09T23:24:54.000Z</time>
      </trkpt>
      <trkpt lat="-6.63634" lon="106.794823">
        <ele>321.5</ele>
        <time>2025-04-09T23:24:55.000Z</time>
      </trkpt>
      <trkpt lat="-6.636351" lon="106.794826">
        <ele>321.6</ele>
        <time>2025-04-09T23:24:56.000Z</time>
      </trkpt>
      <trkpt lat="-6.636354597557356" lon="106.79482763525334">
        <ele>321.63270506690367</ele>
        <time>2025-04-09T23:24:56.327Z</time>
      </trkpt>
      <trkpt lat="-6.636362" lon="106.794831">
        <ele>321.7</ele>
        <time>2025-04-09T23:24:57.000Z</time>
      </trkpt>
      <trkpt lat="-6.636373" lon="106.794832">
        <ele>321.7</ele>
        <time>2025-04-09T23:24:58.000Z</time>
      </trkpt>
      <trkpt lat="-6.636385" lon="106.794832">
        <ele>321.8</ele>
        <time>2025-04-09T23:24:59.000Z</time>
      </trkpt>
      <trkpt lat="-6.6364" lon="106.794832">
        <ele>321.9</ele>
        <time>2025-04-09T23:25:00.000Z</time>
      </trkpt>
      <trkpt lat="-6.636416" lon="106.794835">
        <ele>322</ele>
        <time>2025-04-09T23:25:01.000Z</time>
      </trkpt>
      <trkpt lat="-6.6364232628259465" lon="106.79483822792265">
        <ele>322.08069806624405</ele>
        <time>2025-04-09T23:25:01.403Z</time>
      </trkpt>
      <trkpt lat="-6.636434" lon="106.794843">
        <ele>322.2</ele>
        <time>2025-04-09T23:25:02.000Z</time>
      </trkpt>
      <trkpt lat="-6.636449" lon="106.79485">
        <ele>322.3</ele>
        <time>2025-04-09T23:25:03.000Z</time>
      </trkpt>
      <trkpt lat="-6.636461" lon="106.794856">
        <ele>322.3</ele>
        <time>2025-04-09T23:25:04.000Z</time>
      </trkpt>
      <trkpt lat="-6.636475" lon="106.794861">
        <ele>322.4</ele>
        <time>2025-04-09T23:25:05.000Z</time>
      </trkpt>
      <trkpt lat="-6.636496" lon="106.794868">
        <ele>322.6</ele>
        <time>2025-04-09T23:25:06.000Z</time>
      </trkpt>
      <trkpt lat="-6.636504" lon="106.79487">
        <ele>322.6</ele>
        <time>2025-04-09T23:25:07.000Z</time>
      </trkpt>
      <trkpt lat="-6.636512" lon="106.794872">
        <ele>322.7</ele>
        <time>2025-04-09T23:25:08.000Z</time>
      </trkpt>
      <trkpt lat="-6.636533" lon="106.79488">
        <ele>322.8</ele>
        <time>2025-04-09T23:25:09.000Z</time>
      </trkpt>
      <trkpt lat="-6.636541" lon="106.794884">
        <ele>322.8</ele>
        <time>2025-04-09T23:25:10.000Z</time>
      </trkpt>
      <trkpt lat="-6.636542842668553" lon="106.79488492133427">
        <ele>322.8230333569352</ele>
        <time>2025-04-09T23:25:10.230Z</time>
      </trkpt>
      <trkpt lat="-6.636549" lon="106.794888">
        <ele>322.9</ele>
        <time>2025-04-09T23:25:11.000Z</time>
      </trkpt>
      <trkpt lat="-6.636561" lon="106.794894">
        <ele>322.9</ele>
        <time>2025-04-09T23:25:12.000Z</time>
      </trkpt>
      <trkpt lat="-6.636574" lon="106.7949">
        <ele>323</ele>
        <time>2025-04-09T23:25:13.000Z</time>
      </trkpt>
      <trkpt lat="-6.636586" lon="106.794908">
        <ele>323.1</ele>
        <time>2025-04-09T23:25:14.000Z</time>
      </trkpt>
      <trkpt lat="-6.636602" lon="106.794914">
        <ele>323.1</ele>
        <time>2025-04-09T23:25:15.000Z</time>
      </trkpt>
      <trkpt lat="-6.636614" lon="106.794918">
        <ele>323.2</ele>
        <time>2025-04-09T23:25:16.000Z</time>
      </trkpt>
      <trkpt lat="-6.6366217261604135" lon="106.794918">
        <ele>323.2</ele>
        <time>2025-04-09T23:25:16.772Z</time>
      </trkpt>
      <trkpt lat="-6.636624" lon="106.794918">
        <ele>323.2</ele>
        <time>2025-04-09T23:25:17.000Z</time>
      </trkpt>
      <trkpt lat="-6.636633" lon="106.794917">
        <ele>323.3</ele>
        <time>2025-04-09T23:25:18.000Z</time>
      </trkpt>
      <trkpt lat="-6.636644" lon="106.79492">
        <ele>323.3</ele>
        <time>2025-04-09T23:25:19.000Z</time>
      </trkpt>
      <trkpt lat="-6.636653" lon="106.794923">
        <ele>323.4</ele>
        <time>2025-04-09T23:25:20.000Z</time>
      </trkpt>
      <trkpt lat="-6.636661" lon="106.794926">
        <ele>323.4</ele>
        <time>2025-04-09T23:25:21.000Z</time>
      </trkpt>
      <trkpt lat="-6.636672" lon="106.794927">
        <ele>323.4</ele>
        <time>2025-04-09T23:25:22.000Z</time>
      </trkpt>
      <trkpt lat="-6.636681" lon="106.794931">
        <ele>323.5</ele>
        <time>2025-04-09T23:25:23.000Z</time>
      </trkpt>
      <trkpt lat="-6.636689" lon="106.794935">
        <ele>323.5</ele>
        <time>2025-04-09T23:25:24.000Z</time>
      </trkpt>
      <trkpt lat="-6.636691864255175" lon="106.7949362730023">
        <ele>323.5</ele>
        <time>2025-04-09T23:25:24.318Z</time>
      </trkpt>
      <trkpt lat="-6.636698" lon="106.794939">
        <ele>323.5</ele>
        <time>2025-04-09T23:25:25.000Z</time>
      </trkpt>
      <trkpt lat="-6.636708" lon="106.794943">
        <ele>323.5</ele>
        <time>2025-04-09T23:25:26.000Z</time>
      </trkpt>
      <trkpt lat="-6.636717" lon="106.794944">
        <ele>323.6</ele>
        <time>2025-04-09T23:25:27.000Z</time>
      </trkpt>
      <trkpt lat="-6.636728" lon="106.794948">
        <ele>323.6</ele>
        <time>2025-04-09T23:25:28.000Z</time>
      </trkpt>
      <trkpt lat="-6.636738" lon="106.794955">
        <ele>323.6</ele>
        <time>2025-04-09T23:25:29.000Z</time>
      </trkpt>
      <trkpt lat="-6.636748" lon="106.794963">
        <ele>323.7</ele>
        <time>2025-04-09T23:25:30.000Z</time>
      </trkpt>
      <trkpt lat="-6.636756" lon="106.79497">
        <ele>323.7</ele>
        <time>2025-04-09T23:25:31.000Z</time>
      </trkpt>
      <trkpt lat="-6.6367590213638366" lon="106.79497215811703">
        <ele>323.7</ele>
        <time>2025-04-09T23:25:31.431Z</time>
      </trkpt>
      <trkpt lat="-6.636763" lon="106.794975">
        <ele>323.7</ele>
        <time>2025-04-09T23:25:32.000Z</time>
      </trkpt>
      <trkpt lat="-6.636772" lon="106.794982">
        <ele>323.8</ele>
        <time>2025-04-09T23:25:33.000Z</time>
      </trkpt>
      <trkpt lat="-6.636779" lon="106.794989">
        <ele>323.8</ele>
        <time>2025-04-09T23:25:34.000Z</time>
      </trkpt>
      <trkpt lat="-6.636789" lon="106.794997">
        <ele>323.8</ele>
        <time>2025-04-09T23:25:35.000Z</time>
      </trkpt>
      <trkpt lat="-6.636798" lon="106.795005">
        <ele>323.8</ele>
        <time>2025-04-09T23:25:36.000Z</time>
      </trkpt>
      <trkpt lat="-6.636811" lon="106.795022">
        <ele>323.8</ele>
        <time>2025-04-09T23:25:37.000Z</time>
      </trkpt>
      <trkpt lat="-6.636817" lon="106.795029">
        <ele>323.9</ele>
        <time>2025-04-09T23:25:38.000Z</time>
      </trkpt>
      <trkpt lat="-6.636822" lon="106.795036">
        <ele>323.9</ele>
        <time>2025-04-09T23:25:39.000Z</time>
      </trkpt>
      <trkpt lat="-6.636830264940242" lon="106.79504908615539">
        <ele>323.9</ele>
        <time>2025-04-09T23:25:39.688Z</time>
      </trkpt>
      <trkpt lat="-6.636834" lon="106.795055">
        <ele>323.9</ele>
        <time>2025-04-09T23:25:40.000Z</time>
      </trkpt>
      <trkpt lat="-6.636838" lon="106.795062">
        <ele>323.9</ele>
        <time>2025-04-09T23:25:41.000Z</time>
      </trkpt>
      <trkpt lat="-6.636842" lon="106.795069">
        <ele>323.9</ele>
        <time>2025-04-09T23:25:42.000Z</time>
      </trkpt>
      <trkpt lat="-6.636853" lon="106.795088">
        <ele>324</ele>
        <time>2025-04-09T23:25:43.000Z</time>
      </trkpt>
      <trkpt lat="-6.636856" lon="106.795096">
        <ele>324</ele>
        <time>2025-04-09T23:25:44.000Z</time>
      </trkpt>
      <trkpt lat="-6.63686" lon="106.795103">
        <ele>324</ele>
        <time>2025-04-09T23:25:45.000Z</time>
      </trkpt>
      <trkpt lat="-6.636866" lon="106.795112">
        <ele>324</ele>
        <time>2025-04-09T23:25:46.000Z</time>
      </trkpt>
      <trkpt lat="-6.636871" lon="106.795122">
        <ele>324</ele>
        <time>2025-04-09T23:25:47.000Z</time>
      </trkpt>
      <trkpt lat="-6.636877" lon="106.795133">
        <ele>324</ele>
        <time>2025-04-09T23:25:48.000Z</time>
      </trkpt>
      <trkpt lat="-6.636884" lon="106.795143">
        <ele>324</ele>
        <time>2025-04-09T23:25:49.000Z</time>
      </trkpt>
      <trkpt lat="-6.636889" lon="106.795152">
        <ele>324</ele>
        <time>2025-04-09T23:25:50.000Z</time>
      </trkpt>
      <trkpt lat="-6.636894" lon="106.79516">
        <ele>324</ele>
        <time>2025-04-09T23:25:51.000Z</time>
      </trkpt>
      <trkpt lat="-6.636900095873959" lon="106.79517371571642">
        <ele>324</ele>
        <time>2025-04-09T23:25:51.761Z</time>
      </trkpt>
      <trkpt lat="-6.636902" lon="106.795178">
        <ele>324</ele>
        <time>2025-04-09T23:25:52.000Z</time>
      </trkpt>
      <trkpt lat="-6.636905" lon="106.795187">
        <ele>324.1</ele>
        <time>2025-04-09T23:25:53.000Z</time>
      </trkpt>
      <trkpt lat="-6.636909" lon="106.795195">
        <ele>324.1</ele>
        <time>2025-04-09T23:25:54.000Z</time>
      </trkpt>
      <trkpt lat="-6.636914" lon="106.795209">
        <ele>324.1</ele>
        <time>2025-04-09T23:25:55.000Z</time>
      </trkpt>
      <trkpt lat="-6.63692" lon="106.795222">
        <ele>324.1</ele>
        <time>2025-04-09T23:25:56.000Z</time>
      </trkpt>
      <trkpt lat="-6.636929" lon="106.795243">
        <ele>324.1</ele>
        <time>2025-04-09T23:25:57.000Z</time>
      </trkpt>
      <trkpt lat="-6.636933" lon="106.795251">
        <ele>324.1</ele>
        <time>2025-04-09T23:25:58.000Z</time>
      </trkpt>
      <trkpt lat="-6.636937" lon="106.795259">
        <ele>324.1</ele>
        <time>2025-04-09T23:25:59.000Z</time>
      </trkpt>
      <trkpt lat="-6.636943" lon="106.795271">
        <ele>324.1</ele>
        <time>2025-04-09T23:26:00.000Z</time>
      </trkpt>
      <trkpt lat="-6.636948" lon="106.795283">
        <ele>324.1</ele>
        <time>2025-04-09T23:26:01.000Z</time>
      </trkpt>
      <trkpt lat="-6.636952708516783" lon="106.79528927802237">
        <ele>324.1</ele>
        <time>2025-04-09T23:26:01.784Z</time>
      </trkpt>
      <trkpt lat="-6.636954" lon="106.795291">
        <ele>324.1</ele>
        <time>2025-04-09T23:26:02.000Z</time>
      </trkpt>
      <trkpt lat="-6.636962" lon="106.795299">
        <ele>324.1</ele>
        <time>2025-04-09T23:26:03.000Z</time>
      </trkpt>
      <trkpt lat="-6.63697" lon="106.795309">
        <ele>324.1</ele>
        <time>2025-04-09T23:26:04.000Z</time>
      </trkpt>
      <trkpt lat="-6.636975" lon="106.795319">
        <ele>324.1</ele>
        <time>2025-04-09T23:26:05.000Z</time>
      </trkpt>
      <trkpt lat="-6.63698" lon="106.795329">
        <ele>324.1</ele>
        <time>2025-04-09T23:26:06.000Z</time>
      </trkpt>
      <trkpt lat="-6.636985" lon="106.795338">
        <ele>324.1</ele>
        <time>2025-04-09T23:26:07.000Z</time>
      </trkpt>
      <trkpt lat="-6.636991" lon="106.795352">
        <ele>324.1</ele>
        <time>2025-04-09T23:26:08.000Z</time>
      </trkpt>
      <trkpt lat="-6.636995" lon="106.795362">
        <ele>324.1</ele>
        <time>2025-04-09T23:26:09.000Z</time>
      </trkpt>
      <trkpt lat="-6.636999" lon="106.795371">
        <ele>324.1</ele>
        <time>2025-04-09T23:26:10.000Z</time>
      </trkpt>
      <trkpt lat="-6.6370014557466295" lon="106.79537836723989">
        <ele>324.1</ele>
        <time>2025-04-09T23:26:10.613Z</time>
      </trkpt>
      <trkpt lat="-6.637003" lon="106.795383">
        <ele>324.1</ele>
        <time>2025-04-09T23:26:11.000Z</time>
      </trkpt>
      <trkpt lat="-6.637008" lon="106.795393">
        <ele>324.1</ele>
        <time>2025-04-09T23:26:12.000Z</time>
      </trkpt>
      <trkpt lat="-6.637012" lon="106.795402">
        <ele>324.1</ele>
        <time>2025-04-09T23:26:13.000Z</time>
      </trkpt>
      <trkpt lat="-6.637017" lon="106.795411">
        <ele>324.1</ele>
        <time>2025-04-09T23:26:14.000Z</time>
      </trkpt>
      <trkpt lat="-6.637028" lon="106.79543">
        <ele>324.2</ele>
        <time>2025-04-09T23:26:15.000Z</time>
      </trkpt>
      <trkpt lat="-6.637032" lon="106.795438">
        <ele>324.2</ele>
        <time>2025-04-09T23:26:16.000Z</time>
      </trkpt>
      <trkpt lat="-6.637036" lon="106.795447">
        <ele>324.2</ele>
        <time>2025-04-09T23:26:17.000Z</time>
      </trkpt>
      <trkpt lat="-6.637045" lon="106.795458">
        <ele>324.2</ele>
        <time>2025-04-09T23:26:18.000Z</time>
      </trkpt>
      <trkpt lat="-6.637053" lon="106.795469">
        <ele>324.2</ele>
        <time>2025-04-09T23:26:19.000Z</time>
      </trkpt>
      <trkpt lat="-6.637059" lon="106.79548">
        <ele>324.2</ele>
        <time>2025-04-09T23:26:20.000Z</time>
      </trkpt>
      <trkpt lat="-6.637065" lon="106.795489">
        <ele>324.2</ele>
        <time>2025-04-09T23:26:21.000Z</time>
      </trkpt>
      <trkpt lat="-6.637069" lon="106.795498">
        <ele>324.2</ele>
        <time>2025-04-09T23:26:22.000Z</time>
      </trkpt>
      <trkpt lat="-6.63706985385748" lon="106.79550568471733">
        <ele>324.2</ele>
        <time>2025-04-09T23:26:22.853Z</time>
      </trkpt>
      <trkpt lat="-6.63707" lon="106.795507">
        <ele>324.2</ele>
        <time>2025-04-09T23:26:23.000Z</time>
      </trkpt>
      <trkpt lat="-6.637077" lon="106.795518">
        <ele>324.2</ele>
        <time>2025-04-09T23:26:24.000Z</time>
      </trkpt>
      <trkpt lat="-6.637084" lon="106.795531">
        <ele>324.2</ele>
        <time>2025-04-09T23:26:25.000Z</time>
      </trkpt>
      <trkpt lat="-6.637089" lon="106.795545">
        <ele>324.2</ele>
        <time>2025-04-09T23:26:26.000Z</time>
      </trkpt>
      <trkpt lat="-6.637096" lon="106.795558">
        <ele>324.3</ele>
        <time>2025-04-09T23:26:27.000Z</time>
      </trkpt>
      <trkpt lat="-6.6371" lon="106.795568">
        <ele>324.3</ele>
        <time>2025-04-09T23:26:28.000Z</time>
      </trkpt>
      <trkpt lat="-6.637107" lon="106.795578">
        <ele>324.3</ele>
        <time>2025-04-09T23:26:29.000Z</time>
      </trkpt>
      <trkpt lat="-6.637111" lon="106.79559">
        <ele>324.3</ele>
        <time>2025-04-09T23:26:30.000Z</time>
      </trkpt>
      <trkpt lat="-6.637115330122802" lon="106.79560237177942">
        <ele>324.3</ele>
        <time>2025-04-09T23:26:30.618Z</time>
      </trkpt>
      <trkpt lat="-6.637118" lon="106.79561">
        <ele>324.3</ele>
        <time>2025-04-09T23:26:31.000Z</time>
      </trkpt>
      <trkpt lat="-6.637122" lon="106.795618">
        <ele>324.3</ele>
        <time>2025-04-09T23:26:32.000Z</time>
      </trkpt>
      <trkpt lat="-6.637125" lon="106.795626">
        <ele>324.3</ele>
        <time>2025-04-09T23:26:33.000Z</time>
      </trkpt>
      <trkpt lat="-6.637131" lon="106.795641">
        <ele>324.3</ele>
        <time>2025-04-09T23:26:34.000Z</time>
      </trkpt>
      <trkpt lat="-6.63714" lon="106.795658">
        <ele>324.3</ele>
        <time>2025-04-09T23:26:35.000Z</time>
      </trkpt>
      <trkpt lat="-6.637147" lon="106.795676">
        <ele>324.3</ele>
        <time>2025-04-09T23:26:36.000Z</time>
      </trkpt>
      <trkpt lat="-6.637147477687208" lon="106.79567803017063">
        <ele>324.3</ele>
        <time>2025-04-09T23:26:36.119Z</time>
      </trkpt>
      <trkpt lat="-6.637151" lon="106.795693">
        <ele>324.3</ele>
        <time>2025-04-09T23:26:37.000Z</time>
      </trkpt>
      <trkpt lat="-6.637153" lon="106.795703">
        <ele>324.3</ele>
        <time>2025-04-09T23:26:38.000Z</time>
      </trkpt>
      <trkpt lat="-6.637155" lon="106.795715">
        <ele>324.3</ele>
        <time>2025-04-09T23:26:39.000Z</time>
      </trkpt>
      <trkpt lat="-6.637158" lon="106.795724">
        <ele>324.3</ele>
        <time>2025-04-09T23:26:40.000Z</time>
      </trkpt>
      <trkpt lat="-6.637162" lon="106.795733">
        <ele>324.3</ele>
        <time>2025-04-09T23:26:41.000Z</time>
      </trkpt>
      <trkpt lat="-6.637169" lon="106.795741">
        <ele>324.4</ele>
        <time>2025-04-09T23:26:42.000Z</time>
      </trkpt>
      <trkpt lat="-6.637177" lon="106.795752">
        <ele>324.4</ele>
        <time>2025-04-09T23:26:43.000Z</time>
      </trkpt>
      <trkpt lat="-6.637184" lon="106.795762">
        <ele>324.4</ele>
        <time>2025-04-09T23:26:44.000Z</time>
      </trkpt>
      <trkpt lat="-6.637188" lon="106.795769">
        <ele>324.4</ele>
        <time>2025-04-09T23:26:45.000Z</time>
      </trkpt>
      <trkpt lat="-6.637192" lon="106.795782">
        <ele>324.4</ele>
        <time>2025-04-09T23:26:46.000Z</time>
      </trkpt>
      <trkpt lat="-6.637192" lon="106.795795">
        <ele>324.4</ele>
        <time>2025-04-09T23:26:47.000Z</time>
      </trkpt>
      <trkpt lat="-6.637196" lon="106.795805">
        <ele>324.4</ele>
        <time>2025-04-09T23:26:48.000Z</time>
      </trkpt>
      <trkpt lat="-6.6372" lon="106.795814">
        <ele>324.4</ele>
        <time>2025-04-09T23:26:49.000Z</time>
      </trkpt>
      <trkpt lat="-6.637207" lon="106.795833">
        <ele>324.4</ele>
        <time>2025-04-09T23:26:50.000Z</time>
      </trkpt>
      <trkpt lat="-6.637212" lon="106.795844">
        <ele>324.4</ele>
        <time>2025-04-09T23:26:51.000Z</time>
      </trkpt>
      <trkpt lat="-6.637219" lon="106.79585">
        <ele>324.4</ele>
        <time>2025-04-09T23:26:52.000Z</time>
      </trkpt>
      <trkpt lat="-6.637227" lon="106.795853">
        <ele>324.4</ele>
        <time>2025-04-09T23:26:53.000Z</time>
      </trkpt>
      <trkpt lat="-6.637233" lon="106.795861">
        <ele>324.4</ele>
        <time>2025-04-09T23:26:54.000Z</time>
      </trkpt>
      <trkpt lat="-6.637237740550288" lon="106.79586858488047">
        <ele>324.4</ele>
        <time>2025-04-09T23:26:54.948Z</time>
      </trkpt>
      <trkpt lat="-6.637238" lon="106.795869">
        <ele>324.4</ele>
        <time>2025-04-09T23:26:55.000Z</time>
      </trkpt>
      <trkpt lat="-6.63724" lon="106.795879">
        <ele>324.4</ele>
        <time>2025-04-09T23:26:56.000Z</time>
      </trkpt>
      <trkpt lat="-6.637241" lon="106.795886">
        <ele>324.4</ele>
        <time>2025-04-09T23:26:57.000Z</time>
      </trkpt>
      <trkpt lat="-6.637243" lon="106.795893">
        <ele>324.4</ele>
        <time>2025-04-09T23:26:58.000Z</time>
      </trkpt>
      <trkpt lat="-6.637247" lon="106.795904">
        <ele>324.4</ele>
        <time>2025-04-09T23:26:59.000Z</time>
      </trkpt>
      <trkpt lat="-6.63725" lon="106.795912">
        <ele>324.4</ele>
        <time>2025-04-09T23:27:00.000Z</time>
      </trkpt>
      <trkpt lat="-6.637257" lon="106.795923">
        <ele>324.4</ele>
        <time>2025-04-09T23:27:01.000Z</time>
      </trkpt>
      <trkpt lat="-6.637262" lon="106.795933">
        <ele>324.4</ele>
        <time>2025-04-09T23:27:02.000Z</time>
      </trkpt>
      <trkpt lat="-6.637269" lon="106.795942">
        <ele>324.4</ele>
        <time>2025-04-09T23:27:03.000Z</time>
      </trkpt>
      <trkpt lat="-6.637274" lon="106.795949">
        <ele>324.4</ele>
        <time>2025-04-09T23:27:04.000Z</time>
      </trkpt>
      <trkpt lat="-6.63728" lon="106.795958">
        <ele>324.4</ele>
        <time>2025-04-09T23:27:05.000Z</time>
      </trkpt>
      <trkpt lat="-6.637286" lon="106.795967">
        <ele>324.4</ele>
        <time>2025-04-09T23:27:06.000Z</time>
      </trkpt>
      <trkpt lat="-6.637288" lon="106.795973">
        <ele>324.5</ele>
        <time>2025-04-09T23:27:07.000Z</time>
      </trkpt>
      <trkpt lat="-6.637293" lon="106.795985">
        <ele>324.5</ele>
        <time>2025-04-09T23:27:08.000Z</time>
      </trkpt>
      <trkpt lat="-6.637297" lon="106.795994">
        <ele>324.5</ele>
        <time>2025-04-09T23:27:09.000Z</time>
      </trkpt>
      <trkpt lat="-6.637301" lon="106.796005">
        <ele>324.5</ele>
        <time>2025-04-09T23:27:10.000Z</time>
      </trkpt>
      <trkpt lat="-6.637306" lon="106.796014">
        <ele>324.5</ele>
        <time>2025-04-09T23:27:11.000Z</time>
      </trkpt>
      <trkpt lat="-6.637308" lon="106.796022">
        <ele>324.5</ele>
        <time>2025-04-09T23:27:12.000Z</time>
      </trkpt>
      <trkpt lat="-6.63731" lon="106.796034">
        <ele>324.5</ele>
        <time>2025-04-09T23:27:13.000Z</time>
      </trkpt>
      <trkpt lat="-6.637314" lon="106.796047">
        <ele>324.6</ele>
        <time>2025-04-09T23:27:14.000Z</time>
      </trkpt>
      <trkpt lat="-6.637317" lon="106.796055">
        <ele>324.6</ele>
        <time>2025-04-09T23:27:15.000Z</time>
      </trkpt>
      <trkpt lat="-6.637321" lon="106.796063">
        <ele>324.6</ele>
        <time>2025-04-09T23:27:16.000Z</time>
      </trkpt>
      <trkpt lat="-6.637324282940592" lon="106.79607481858613">
        <ele>324.6</ele>
        <time>2025-04-09T23:27:16.656Z</time>
      </trkpt>
      <trkpt lat="-6.637326" lon="106.796081">
        <ele>324.6</ele>
        <time>2025-04-09T23:27:17.000Z</time>
      </trkpt>
      <trkpt lat="-6.637328" lon="106.79609">
        <ele>324.6</ele>
        <time>2025-04-09T23:27:18.000Z</time>
      </trkpt>
      <trkpt lat="-6.637331" lon="106.796099">
        <ele>324.6</ele>
        <time>2025-04-09T23:27:19.000Z</time>
      </trkpt>
      <trkpt lat="-6.637337" lon="106.79611">
        <ele>324.7</ele>
        <time>2025-04-09T23:27:20.000Z</time>
      </trkpt>
      <trkpt lat="-6.637341" lon="106.796117">
        <ele>324.7</ele>
        <time>2025-04-09T23:27:21.000Z</time>
      </trkpt>
      <trkpt lat="-6.637344" lon="106.796128">
        <ele>324.7</ele>
        <time>2025-04-09T23:27:22.000Z</time>
      </trkpt>
      <trkpt lat="-6.637347" lon="106.79615">
        <ele>324.8</ele>
        <time>2025-04-09T23:27:23.000Z</time>
      </trkpt>
      <trkpt lat="-6.637348" lon="106.796159">
        <ele>324.8</ele>
        <time>2025-04-09T23:27:24.000Z</time>
      </trkpt>
      <trkpt lat="-6.637349" lon="106.796167">
        <ele>324.8</ele>
        <time>2025-04-09T23:27:25.000Z</time>
      </trkpt>
      <trkpt lat="-6.637352" lon="106.796179">
        <ele>324.8</ele>
        <time>2025-04-09T23:27:26.000Z</time>
      </trkpt>
      <trkpt lat="-6.637355" lon="106.796191">
        <ele>324.8</ele>
        <time>2025-04-09T23:27:27.000Z</time>
      </trkpt>
      <trkpt lat="-6.637357" lon="106.796202">
        <ele>324.9</ele>
        <time>2025-04-09T23:27:28.000Z</time>
      </trkpt>
      <trkpt lat="-6.637359" lon="106.796216">
        <ele>324.9</ele>
        <time>2025-04-09T23:27:29.000Z</time>
      </trkpt>
      <trkpt lat="-6.637365" lon="106.796235">
        <ele>324.9</ele>
        <time>2025-04-09T23:27:30.000Z</time>
      </trkpt>
      <trkpt lat="-6.637372" lon="106.796253">
        <ele>325</ele>
        <time>2025-04-09T23:27:31.000Z</time>
      </trkpt>
      <trkpt lat="-6.637378" lon="106.796268">
        <ele>325</ele>
        <time>2025-04-09T23:27:32.000Z</time>
      </trkpt>
      <trkpt lat="-6.6373818885068925" lon="106.79628355402757">
        <ele>325</ele>
        <time>2025-04-09T23:27:32.972Z</time>
      </trkpt>
      <trkpt lat="-6.637382" lon="106.796284">
        <ele>325</ele>
        <time>2025-04-09T23:27:33.000Z</time>
      </trkpt>
      <trkpt lat="-6.637386" lon="106.796302">
        <ele>325</ele>
        <time>2025-04-09T23:27:34.000Z</time>
      </trkpt>
      <trkpt lat="-6.637402" lon="106.796326">
        <ele>325.2</ele>
        <time>2025-04-09T23:27:35.000Z</time>
      </trkpt>
      <trkpt lat="-6.637408" lon="106.796332">
        <ele>325.3</ele>
        <time>2025-04-09T23:27:36.000Z</time>
      </trkpt>
      <trkpt lat="-6.637424" lon="106.79634">
        <ele>325.4</ele>
        <time>2025-04-09T23:27:37.000Z</time>
      </trkpt>
      <trkpt lat="-6.637439" lon="106.796344">
        <ele>325.4</ele>
        <time>2025-04-09T23:27:38.000Z</time>
      </trkpt>
      <trkpt lat="-6.6374481787277295" lon="106.79634583574556">
        <ele>325.49178727735523</ele>
        <time>2025-04-09T23:27:38.458Z</time>
      </trkpt>
      <trkpt lat="-6.637459" lon="106.796348">
        <ele>325.6</ele>
        <time>2025-04-09T23:27:39.000Z</time>
      </trkpt>
      <trkpt lat="-6.637467" lon="106.796348">
        <ele>325.6</ele>
        <time>2025-04-09T23:27:40.000Z</time>
      </trkpt>
      <trkpt lat="-6.637475" lon="106.796348">
        <ele>325.6</ele>
        <time>2025-04-09T23:27:41.000Z</time>
      </trkpt>
      <trkpt lat="-6.637487" lon="106.79635">
        <ele>325.7</ele>
        <time>2025-04-09T23:27:42.000Z</time>
      </trkpt>
      <trkpt lat="-6.637499" lon="106.796348">
        <ele>325.8</ele>
        <time>2025-04-09T23:27:43.000Z</time>
      </trkpt>
      <trkpt lat="-6.637508" lon="106.796342">
        <ele>325.8</ele>
        <time>2025-04-09T23:27:44.000Z</time>
      </trkpt>
      <trkpt lat="-6.637509690279064" lon="106.79634175853157">
        <ele>325.8</ele>
        <time>2025-04-09T23:27:44.241Z</time>
      </trkpt>
      <trkpt lat="-6.637515" lon="106.796341">
        <ele>325.8</ele>
        <time>2025-04-09T23:27:45.000Z</time>
      </trkpt>
      <trkpt lat="-6.637524" lon="106.796343">
        <ele>325.9</ele>
        <time>2025-04-09T23:27:46.000Z</time>
      </trkpt>
      <trkpt lat="-6.637535" lon="106.796347">
        <ele>325.9</ele>
        <time>2025-04-09T23:27:47.000Z</time>
      </trkpt>
      <trkpt lat="-6.637553" lon="106.796354">
        <ele>326</ele>
        <time>2025-04-09T23:27:48.000Z</time>
      </trkpt>
      <trkpt lat="-6.637561" lon="106.796358">
        <ele>326.1</ele>
        <time>2025-04-09T23:27:49.000Z</time>
      </trkpt>
      <trkpt lat="-6.637569" lon="106.796361">
        <ele>326.1</ele>
        <time>2025-04-09T23:27:50.000Z</time>
      </trkpt>
      <trkpt lat="-6.6375800989304" lon="106.79635898201266">
        <ele>326.150449683651</ele>
        <time>2025-04-09T23:27:50.504Z</time>
      </trkpt>
      <trkpt lat="-6.637591" lon="106.796357">
        <ele>326.2</ele>
        <time>2025-04-09T23:27:51.000Z</time>
      </trkpt>
      <trkpt lat="-6.6376" lon="106.796354">
        <ele>326.3</ele>
        <time>2025-04-09T23:27:52.000Z</time>
      </trkpt>
      <trkpt lat="-6.637608" lon="106.796352">
        <ele>326.3</ele>
        <time>2025-04-09T23:27:53.000Z</time>
      </trkpt>
      <trkpt lat="-6.63762" lon="106.796349">
        <ele>326.3</ele>
        <time>2025-04-09T23:27:54.000Z</time>
      </trkpt>
      <trkpt lat="-6.63763" lon="106.79635">
        <ele>326.4</ele>
        <time>2025-04-09T23:27:55.000Z</time>
      </trkpt>
      <trkpt lat="-6.637642" lon="106.796352">
        <ele>326.4</ele>
        <time>2025-04-09T23:27:56.000Z</time>
      </trkpt>
      <trkpt lat="-6.637664" lon="106.796351">
        <ele>326.5</ele>
        <time>2025-04-09T23:27:57.000Z</time>
      </trkpt>
      <trkpt lat="-6.637672" lon="106.796349">
        <ele>326.5</ele>
        <time>2025-04-09T23:27:58.000Z</time>
      </trkpt>
      <trkpt lat="-6.637674600618334" lon="106.79634813312722">
        <ele>326.5288957592972</ele>
        <time>2025-04-09T23:27:58.288Z</time>
      </trkpt>
      <trkpt lat="-6.637681" lon="106.796346">
        <ele>326.6</ele>
        <time>2025-04-09T23:27:59.000Z</time>
      </trkpt>
      <trkpt lat="-6.637694" lon="106.796341">
        <ele>326.6</ele>
        <time>2025-04-09T23:28:00.000Z</time>
      </trkpt>
      <trkpt lat="-6.637709" lon="106.796337">
        <ele>326.6</ele>
        <time>2025-04-09T23:28:01.000Z</time>
      </trkpt>
      <trkpt lat="-6.637723" lon="106.796333">
        <ele>326.7</ele>
        <time>2025-04-09T23:28:02.000Z</time>
      </trkpt>
      <trkpt lat="-6.637737" lon="106.796327">
        <ele>326.7</ele>
        <time>2025-04-09T23:28:03.000Z</time>
      </trkpt>
      <trkpt lat="-6.637752" lon="106.796324">
        <ele>326.7</ele>
        <time>2025-04-09T23:28:04.000Z</time>
      </trkpt>
      <trkpt lat="-6.637767" lon="106.796323">
        <ele>326.7</ele>
        <time>2025-04-09T23:28:05.000Z</time>
      </trkpt>
      <trkpt lat="-6.637783" lon="106.796324">
        <ele>326.8</ele>
        <time>2025-04-09T23:28:06.000Z</time>
      </trkpt>
      <trkpt lat="-6.637797" lon="106.79632">
        <ele>326.8</ele>
        <time>2025-04-09T23:28:07.000Z</time>
      </trkpt>
      <trkpt lat="-6.637808" lon="106.796317">
        <ele>326.8</ele>
        <time>2025-04-09T23:28:08.000Z</time>
      </trkpt>
      <trkpt lat="-6.637818" lon="106.796313">
        <ele>326.8</ele>
        <time>2025-04-09T23:28:09.000Z</time>
      </trkpt>
      <trkpt lat="-6.637831" lon="106.796308">
        <ele>326.8</ele>
        <time>2025-04-09T23:28:10.000Z</time>
      </trkpt>
      <trkpt lat="-6.637844" lon="106.796306">
        <ele>326.8</ele>
        <time>2025-04-09T23:28:11.000Z</time>
      </trkpt>
      <trkpt lat="-6.637854" lon="106.796303">
        <ele>326.8</ele>
        <time>2025-04-09T23:28:12.000Z</time>
      </trkpt>
      <trkpt lat="-6.637858753024588" lon="106.796303">
        <ele>326.8</ele>
        <time>2025-04-09T23:28:12.432Z</time>
      </trkpt>
      <trkpt lat="-6.637865" lon="106.796303">
        <ele>326.8</ele>
        <time>2025-04-09T23:28:13.000Z</time>
      </trkpt>
      <trkpt lat="-6.637879" lon="106.796304">
        <ele>326.8</ele>
        <time>2025-04-09T23:28:14.000Z</time>
      </trkpt>
      <trkpt lat="-6.637889" lon="106.796307">
        <ele>326.8</ele>
        <time>2025-04-09T23:28:15.000Z</time>
      </trkpt>
      <trkpt lat="-6.637898" lon="106.796311">
        <ele>326.8</ele>
        <time>2025-04-09T23:28:16.000Z</time>
      </trkpt>
      <trkpt lat="-6.637919" lon="106.796308">
        <ele>326.8</ele>
        <time>2025-04-09T23:28:17.000Z</time>
      </trkpt>
      <trkpt lat="-6.637928" lon="106.796308">
        <ele>326.8</ele>
        <time>2025-04-09T23:28:18.000Z</time>
      </trkpt>
      <trkpt lat="-6.637936" lon="106.796307">
        <ele>326.8</ele>
        <time>2025-04-09T23:28:19.000Z</time>
      </trkpt>
      <trkpt lat="-6.637956" lon="106.796299">
        <ele>326.9</ele>
        <time>2025-04-09T23:28:20.000Z</time>
      </trkpt>
      <trkpt lat="-6.637965" lon="106.796296">
        <ele>326.9</ele>
        <time>2025-04-09T23:28:21.000Z</time>
      </trkpt>
      <trkpt lat="-6.637973" lon="106.796294">
        <ele>326.9</ele>
        <time>2025-04-09T23:28:22.000Z</time>
      </trkpt>
      <trkpt lat="-6.637987" lon="106.79629">
        <ele>326.9</ele>
        <time>2025-04-09T23:28:23.000Z</time>
      </trkpt>
      <trkpt lat="-6.637999" lon="106.796286">
        <ele>326.9</ele>
        <time>2025-04-09T23:28:24.000Z</time>
      </trkpt>
      <trkpt lat="-6.638019" lon="106.79628">
        <ele>326.9</ele>
        <time>2025-04-09T23:28:25.000Z</time>
      </trkpt>
      <trkpt lat="-6.638028" lon="106.796279">
        <ele>326.9</ele>
        <time>2025-04-09T23:28:26.000Z</time>
      </trkpt>
      <trkpt lat="-6.638037" lon="106.796277">
        <ele>326.9</ele>
        <time>2025-04-09T23:28:27.000Z</time>
      </trkpt>
      <trkpt lat="-6.638051" lon="106.796275">
        <ele>327</ele>
        <time>2025-04-09T23:28:28.000Z</time>
      </trkpt>
      <trkpt lat="-6.6380538957826865" lon="106.79627620657612">
        <ele>327</ele>
        <time>2025-04-09T23:28:28.241Z</time>
      </trkpt>
      <trkpt lat="-6.638063" lon="106.79628">
        <ele>327</ele>
        <time>2025-04-09T23:28:29.000Z</time>
      </trkpt>
      <trkpt lat="-6.638072" lon="106.79628">
        <ele>327</ele>
        <time>2025-04-09T23:28:30.000Z</time>
      </trkpt>
      <trkpt lat="-6.638083" lon="106.796276">
        <ele>327</ele>
        <time>2025-04-09T23:28:31.000Z</time>
      </trkpt>
      <trkpt lat="-6.638097" lon="106.796267">
        <ele>327</ele>
        <time>2025-04-09T23:28:32.000Z</time>
      </trkpt>
      <trkpt lat="-6.6381067004053165" lon="106.796267">
        <ele>327</ele>
        <time>2025-04-09T23:28:32.692Z</time>
      </trkpt>
      <trkpt lat="-6.638111" lon="106.796267">
        <ele>327</ele>
        <time>2025-04-09T23:28:33.000Z</time>
      </trkpt>
      <trkpt lat="-6.638122" lon="106.796268">
        <ele>327.1</ele>
        <time>2025-04-09T23:28:34.000Z</time>
      </trkpt>
      <trkpt lat="-6.638132" lon="106.796272">
        <ele>327.1</ele>
        <time>2025-04-09T23:28:35.000Z</time>
      </trkpt>
      <trkpt lat="-6.638142" lon="106.796273">
        <ele>327.1</ele>
        <time>2025-04-09T23:28:36.000Z</time>
      </trkpt>
      <trkpt lat="-6.638151" lon="106.796272">
        <ele>327.1</ele>
        <time>2025-04-09T23:28:37.000Z</time>
      </trkpt>
      <trkpt lat="-6.63816" lon="106.796269">
        <ele>327.2</ele>
        <time>2025-04-09T23:28:38.000Z</time>
      </trkpt>
      <trkpt lat="-6.638172" lon="106.796271">
        <ele>327.2</ele>
        <time>2025-04-09T23:28:39.000Z</time>
      </trkpt>
      <trkpt lat="-6.638184" lon="106.796272">
        <ele>327.2</ele>
        <time>2025-04-09T23:28:40.000Z</time>
      </trkpt>
      <trkpt lat="-6.638194" lon="106.796276">
        <ele>327.2</ele>
        <time>2025-04-09T23:28:41.000Z</time>
      </trkpt>
      <trkpt lat="-6.638214" lon="106.796279">
        <ele>327.3</ele>
        <time>2025-04-09T23:28:42.000Z</time>
      </trkpt>
      <trkpt lat="-6.638224" lon="106.79628">
        <ele>327.3</ele>
        <time>2025-04-09T23:28:43.000Z</time>
      </trkpt>
      <trkpt lat="-6.638233" lon="106.796281">
        <ele>327.4</ele>
        <time>2025-04-09T23:28:44.000Z</time>
      </trkpt>
      <trkpt lat="-6.638248" lon="106.796283">
        <ele>327.4</ele>
        <time>2025-04-09T23:28:45.000Z</time>
      </trkpt>
      <trkpt lat="-6.6382581591650105" lon="106.79628456294847">
        <ele>327.47814742317655</ele>
        <time>2025-04-09T23:28:45.781Z</time>
      </trkpt>
      <trkpt lat="-6.638261" lon="106.796285">
        <ele>327.5</ele>
        <time>2025-04-09T23:28:46.000Z</time>
      </trkpt>
      <trkpt lat="-6.638273" lon="106.796287">
        <ele>327.5</ele>
        <time>2025-04-09T23:28:47.000Z</time>
      </trkpt>
      <trkpt lat="-6.638284" lon="106.796288">
        <ele>327.6</ele>
        <time>2025-04-09T23:28:48.000Z</time>
      </trkpt>
      <trkpt lat="-6.638293" lon="106.796291">
        <ele>327.6</ele>
        <time>2025-04-09T23:28:49.000Z</time>
      </trkpt>
      <trkpt lat="-6.6383" lon="106.796298">
        <ele>327.6</ele>
        <time>2025-04-09T23:28:50.000Z</time>
      </trkpt>
      <trkpt lat="-6.638311" lon="106.796302">
        <ele>327.7</ele>
        <time>2025-04-09T23:28:51.000Z</time>
      </trkpt>
      <trkpt lat="-6.638324" lon="106.796301">
        <ele>327.7</ele>
        <time>2025-04-09T23:28:52.000Z</time>
      </trkpt>
      <trkpt lat="-6.63834" lon="106.796298">
        <ele>327.8</ele>
        <time>2025-04-09T23:28:53.000Z</time>
      </trkpt>
      <trkpt lat="-6.638354" lon="106.796291">
        <ele>327.9</ele>
        <time>2025-04-09T23:28:54.000Z</time>
      </trkpt>
      <trkpt lat="-6.638379" lon="106.796278">
        <ele>328.1</ele>
        <time>2025-04-09T23:28:55.000Z</time>
      </trkpt>
      <trkpt lat="-6.638388" lon="106.796275">
        <ele>328.1</ele>
        <time>2025-04-09T23:28:56.000Z</time>
      </trkpt>
      <trkpt lat="-6.638406" lon="106.79627">
        <ele>328.2</ele>
        <time>2025-04-09T23:28:57.000Z</time>
      </trkpt>
      <trkpt lat="-6.63842" lon="106.796269">
        <ele>328.3</ele>
        <time>2025-04-09T23:28:58.000Z</time>
      </trkpt>
      <trkpt lat="-6.638432" lon="106.796264">
        <ele>328.4</ele>
        <time>2025-04-09T23:28:59.000Z</time>
      </trkpt>
      <trkpt lat="-6.638447" lon="106.796264">
        <ele>328.5</ele>
        <time>2025-04-09T23:29:00.000Z</time>
      </trkpt>
      <trkpt lat="-6.63846" lon="106.796256">
        <ele>328.6</ele>
        <time>2025-04-09T23:29:01.000Z</time>
      </trkpt>
      <trkpt lat="-6.638472" lon="106.796249">
        <ele>328.7</ele>
        <time>2025-04-09T23:29:02.000Z</time>
      </trkpt>
      <trkpt lat="-6.638485" lon="106.796238">
        <ele>328.8</ele>
        <time>2025-04-09T23:29:03.000Z</time>
      </trkpt>
      <trkpt lat="-6.638494" lon="106.796227">
        <ele>328.9</ele>
        <time>2025-04-09T23:29:04.000Z</time>
      </trkpt>
      <trkpt lat="-6.638503" lon="106.796218">
        <ele>329</ele>
        <time>2025-04-09T23:29:05.000Z</time>
      </trkpt>
      <trkpt lat="-6.638514" lon="106.796207">
        <ele>329.1</ele>
        <time>2025-04-09T23:29:06.000Z</time>
      </trkpt>
      <trkpt lat="-6.638523" lon="106.796195">
        <ele>329.2</ele>
        <time>2025-04-09T23:29:07.000Z</time>
      </trkpt>
      <trkpt lat="-6.638532" lon="106.796185">
        <ele>329.3</ele>
        <time>2025-04-09T23:29:08.000Z</time>
      </trkpt>
      <trkpt lat="-6.638546" lon="106.796168">
        <ele>329.4</ele>
        <time>2025-04-09T23:29:09.000Z</time>
      </trkpt>
      <trkpt lat="-6.638553" lon="106.796161">
        <ele>329.5</ele>
        <time>2025-04-09T23:29:10.000Z</time>
      </trkpt>
      <trkpt lat="-6.638559" lon="106.796153">
        <ele>329.6</ele>
        <time>2025-04-09T23:29:11.000Z</time>
      </trkpt>
      <trkpt lat="-6.638569" lon="106.79614">
        <ele>329.7</ele>
        <time>2025-04-09T23:29:12.000Z</time>
      </trkpt>
      <trkpt lat="-6.638575" lon="106.796129">
        <ele>329.7</ele>
        <time>2025-04-09T23:29:13.000Z</time>
      </trkpt>
      <trkpt lat="-6.63858" lon="106.796118">
        <ele>329.8</ele>
        <time>2025-04-09T23:29:14.000Z</time>
      </trkpt>
      <trkpt lat="-6.638583" lon="106.796107">
        <ele>329.9</ele>
        <time>2025-04-09T23:29:15.000Z</time>
      </trkpt>
      <trkpt lat="-6.638587" lon="106.796096">
        <ele>330</ele>
        <time>2025-04-09T23:29:16.000Z</time>
      </trkpt>
      <trkpt lat="-6.638593" lon="106.796084">
        <ele>330.1</ele>
        <time>2025-04-09T23:29:17.000Z</time>
      </trkpt>
      <trkpt lat="-6.638598" lon="106.796075">
        <ele>330.1</ele>
        <time>2025-04-09T23:29:18.000Z</time>
      </trkpt>
      <trkpt lat="-6.638601" lon="106.796064">
        <ele>330.2</ele>
        <time>2025-04-09T23:29:19.000Z</time>
      </trkpt>
      <trkpt lat="-6.638603" lon="106.796041">
        <ele>330.3</ele>
        <time>2025-04-09T23:29:20.000Z</time>
      </trkpt>
      <trkpt lat="-6.638604" lon="106.796032">
        <ele>330.4</ele>
        <time>2025-04-09T23:29:21.000Z</time>
      </trkpt>
      <trkpt lat="-6.638605" lon="106.796022">
        <ele>330.5</ele>
        <time>2025-04-09T23:29:22.000Z</time>
      </trkpt>
      <trkpt lat="-6.638604" lon="106.796012">
        <ele>330.5</ele>
        <time>2025-04-09T23:29:23.000Z</time>
      </trkpt>
      <trkpt lat="-6.638599" lon="106.795999">
        <ele>330.6</ele>
        <time>2025-04-09T23:29:24.000Z</time>
      </trkpt>
      <trkpt lat="-6.638596" lon="106.795987">
        <ele>330.7</ele>
        <time>2025-04-09T23:29:25.000Z</time>
      </trkpt>
      <trkpt lat="-6.638592" lon="106.795966">
        <ele>330.8</ele>
        <time>2025-04-09T23:29:26.000Z</time>
      </trkpt>
      <trkpt lat="-6.638591" lon="106.795958">
        <ele>330.9</ele>
        <time>2025-04-09T23:29:27.000Z</time>
      </trkpt>
      <trkpt lat="-6.638590666826562" lon="106.79595666730626">
        <ele>330.9</ele>
        <time>2025-04-09T23:29:27.166Z</time>
      </trkpt>
      <trkpt lat="-6.638589" lon="106.79595">
        <ele>330.9</ele>
        <time>2025-04-09T23:29:28.000Z</time>
      </trkpt>
      <trkpt lat="-6.638592" lon="106.79594">
        <ele>331</ele>
        <time>2025-04-09T23:29:29.000Z</time>
      </trkpt>
      <trkpt lat="-6.638598" lon="106.795932">
        <ele>331</ele>
        <time>2025-04-09T23:29:30.000Z</time>
      </trkpt>
      <trkpt lat="-6.638606" lon="106.795923">
        <ele>331.1</ele>
        <time>2025-04-09T23:29:31.000Z</time>
      </trkpt>
      <trkpt lat="-6.638611" lon="106.795915">
        <ele>331.1</ele>
        <time>2025-04-09T23:29:32.000Z</time>
      </trkpt>
      <trkpt lat="-6.638615" lon="106.795908">
        <ele>331.2</ele>
        <time>2025-04-09T23:29:33.000Z</time>
      </trkpt>
      <trkpt lat="-6.638624" lon="106.7959">
        <ele>331.3</ele>
        <time>2025-04-09T23:29:34.000Z</time>
      </trkpt>
      <trkpt lat="-6.638636" lon="106.795894">
        <ele>331.3</ele>
        <time>2025-04-09T23:29:35.000Z</time>
      </trkpt>
      <trkpt lat="-6.638648" lon="106.795886">
        <ele>331.4</ele>
        <time>2025-04-09T23:29:36.000Z</time>
      </trkpt>
      <trkpt lat="-6.638663" lon="106.795876">
        <ele>331.5</ele>
        <time>2025-04-09T23:29:37.000Z</time>
      </trkpt>
      <trkpt lat="-6.638678" lon="106.795868">
        <ele>331.6</ele>
        <time>2025-04-09T23:29:38.000Z</time>
      </trkpt>
      <trkpt lat="-6.638693" lon="106.795859">
        <ele>331.7</ele>
        <time>2025-04-09T23:29:39.000Z</time>
      </trkpt>
      <trkpt lat="-6.638703" lon="106.795851">
        <ele>331.7</ele>
        <time>2025-04-09T23:29:40.000Z</time>
      </trkpt>
      <trkpt lat="-6.638715" lon="106.795843">
        <ele>331.8</ele>
        <time>2025-04-09T23:29:41.000Z</time>
      </trkpt>
      <trkpt lat="-6.638728" lon="106.795834">
        <ele>331.8</ele>
        <time>2025-04-09T23:29:42.000Z</time>
      </trkpt>
      <trkpt lat="-6.638742" lon="106.795825">
        <ele>331.9</ele>
        <time>2025-04-09T23:29:43.000Z</time>
      </trkpt>
      <trkpt lat="-6.638757" lon="106.795817">
        <ele>332</ele>
        <time>2025-04-09T23:29:44.000Z</time>
      </trkpt>
      <trkpt lat="-6.638774" lon="106.795813">
        <ele>332</ele>
        <time>2025-04-09T23:29:45.000Z</time>
      </trkpt>
      <trkpt lat="-6.638787" lon="106.795804">
        <ele>332.1</ele>
        <time>2025-04-09T23:29:46.000Z</time>
      </trkpt>
      <trkpt lat="-6.638802" lon="106.795797">
        <ele>332.2</ele>
        <time>2025-04-09T23:29:47.000Z</time>
      </trkpt>
      <trkpt lat="-6.638813" lon="106.795791">
        <ele>332.2</ele>
        <time>2025-04-09T23:29:48.000Z</time>
      </trkpt>
      <trkpt lat="-6.638831" lon="106.795779">
        <ele>332.3</ele>
        <time>2025-04-09T23:29:49.000Z</time>
      </trkpt>
      <trkpt lat="-6.638839" lon="106.795774">
        <ele>332.3</ele>
        <time>2025-04-09T23:29:50.000Z</time>
      </trkpt>
      <trkpt lat="-6.638847" lon="106.79577">
        <ele>332.4</ele>
        <time>2025-04-09T23:29:51.000Z</time>
      </trkpt>
      <trkpt lat="-6.638857" lon="106.795767">
        <ele>332.4</ele>
        <time>2025-04-09T23:29:52.000Z</time>
      </trkpt>
      <trkpt lat="-6.638866" lon="106.795767">
        <ele>332.4</ele>
        <time>2025-04-09T23:29:53.000Z</time>
      </trkpt>
      <trkpt lat="-6.638876" lon="106.795763">
        <ele>332.5</ele>
        <time>2025-04-09T23:29:54.000Z</time>
      </trkpt>
      <trkpt lat="-6.638895" lon="106.795757">
        <ele>332.6</ele>
        <time>2025-04-09T23:29:55.000Z</time>
      </trkpt>
      <trkpt lat="-6.638904" lon="106.795754">
        <ele>332.6</ele>
        <time>2025-04-09T23:29:56.000Z</time>
      </trkpt>
      <trkpt lat="-6.638912" lon="106.795752">
        <ele>332.6</ele>
        <time>2025-04-09T23:29:57.000Z</time>
      </trkpt>
      <trkpt lat="-6.638925" lon="106.795748">
        <ele>332.7</ele>
        <time>2025-04-09T23:29:58.000Z</time>
      </trkpt>
      <trkpt lat="-6.638938" lon="106.79574">
        <ele>332.8</ele>
        <time>2025-04-09T23:29:59.000Z</time>
      </trkpt>
      <trkpt lat="-6.638951" lon="106.795729">
        <ele>332.9</ele>
        <time>2025-04-09T23:30:00.000Z</time>
      </trkpt>
      <trkpt lat="-6.638965" lon="106.79572">
        <ele>333</ele>
        <time>2025-04-09T23:30:01.000Z</time>
      </trkpt>
      <trkpt lat="-6.638979" lon="106.795715">
        <ele>333.1</ele>
        <time>2025-04-09T23:30:02.000Z</time>
      </trkpt>
      <trkpt lat="-6.638992" lon="106.795713">
        <ele>333.1</ele>
        <time>2025-04-09T23:30:03.000Z</time>
      </trkpt>
      <trkpt lat="-6.639002" lon="106.795713">
        <ele>333.2</ele>
        <time>2025-04-09T23:30:04.000Z</time>
      </trkpt>
      <trkpt lat="-6.639013" lon="106.795708">
        <ele>333.3</ele>
        <time>2025-04-09T23:30:05.000Z</time>
      </trkpt>
      <trkpt lat="-6.639024" lon="106.795703">
        <ele>333.4</ele>
        <time>2025-04-09T23:30:06.000Z</time>
      </trkpt>
      <trkpt lat="-6.639033" lon="106.795694">
        <ele>333.4</ele>
        <time>2025-04-09T23:30:07.000Z</time>
      </trkpt>
      <trkpt lat="-6.639039" lon="106.795687">
        <ele>333.5</ele>
        <time>2025-04-09T23:30:08.000Z</time>
      </trkpt>
      <trkpt lat="-6.639045" lon="106.795685">
        <ele>333.6</ele>
        <time>2025-04-09T23:30:09.000Z</time>
      </trkpt>
      <trkpt lat="-6.639053" lon="106.795684">
        <ele>333.6</ele>
        <time>2025-04-09T23:30:10.000Z</time>
      </trkpt>
      <trkpt lat="-6.639058" lon="106.795683">
        <ele>333.6</ele>
        <time>2025-04-09T23:30:11.000Z</time>
      </trkpt>
      <trkpt lat="-6.639067" lon="106.795681">
        <ele>333.7</ele>
        <time>2025-04-09T23:30:12.000Z</time>
      </trkpt>
      <trkpt lat="-6.639076" lon="106.795681">
        <ele>333.8</ele>
        <time>2025-04-09T23:30:13.000Z</time>
      </trkpt>
      <trkpt lat="-6.639085" lon="106.795683">
        <ele>333.8</ele>
        <time>2025-04-09T23:30:14.000Z</time>
      </trkpt>
      <trkpt lat="-6.639094" lon="106.795689">
        <ele>333.9</ele>
        <time>2025-04-09T23:30:15.000Z</time>
      </trkpt>
      <trkpt lat="-6.639106" lon="106.795695">
        <ele>334</ele>
        <time>2025-04-09T23:30:16.000Z</time>
      </trkpt>
      <trkpt lat="-6.639125" lon="106.795704">
        <ele>334.1</ele>
        <time>2025-04-09T23:30:17.000Z</time>
      </trkpt>
      <trkpt lat="-6.639133" lon="106.795706">
        <ele>334.2</ele>
        <time>2025-04-09T23:30:18.000Z</time>
      </trkpt>
      <trkpt lat="-6.639141" lon="106.795709">
        <ele>334.3</ele>
        <time>2025-04-09T23:30:19.000Z</time>
      </trkpt>
      <trkpt lat="-6.639161" lon="106.795711">
        <ele>334.4</ele>
        <time>2025-04-09T23:30:20.000Z</time>
      </trkpt>
      <trkpt lat="-6.639169" lon="106.795711">
        <ele>334.5</ele>
        <time>2025-04-09T23:30:21.000Z</time>
      </trkpt>
      <trkpt lat="-6.639178" lon="106.795712">
        <ele>334.5</ele>
        <time>2025-04-09T23:30:22.000Z</time>
      </trkpt>
      <trkpt lat="-6.639192" lon="106.795716">
        <ele>334.6</ele>
        <time>2025-04-09T23:30:23.000Z</time>
      </trkpt>
      <trkpt lat="-6.639205" lon="106.795721">
        <ele>334.6</ele>
        <time>2025-04-09T23:30:24.000Z</time>
      </trkpt>
      <trkpt lat="-6.639217" lon="106.795728">
        <ele>334.6</ele>
        <time>2025-04-09T23:30:25.000Z</time>
      </trkpt>
      <trkpt lat="-6.63923" lon="106.795735">
        <ele>334.7</ele>
        <time>2025-04-09T23:30:26.000Z</time>
      </trkpt>
      <trkpt lat="-6.639245" lon="106.795741">
        <ele>334.7</ele>
        <time>2025-04-09T23:30:27.000Z</time>
      </trkpt>
      <trkpt lat="-6.639262" lon="106.795749">
        <ele>334.7</ele>
        <time>2025-04-09T23:30:28.000Z</time>
      </trkpt>
      <trkpt lat="-6.639279" lon="106.795756">
        <ele>334.8</ele>
        <time>2025-04-09T23:30:29.000Z</time>
      </trkpt>
      <trkpt lat="-6.639287415045341" lon="106.79575824401209">
        <ele>334.8</ele>
        <time>2025-04-09T23:30:29.561Z</time>
      </trkpt>
      <trkpt lat="-6.639294" lon="106.79576">
        <ele>334.8</ele>
        <time>2025-04-09T23:30:30.000Z</time>
      </trkpt>
      <trkpt lat="-6.63931" lon="106.795759">
        <ele>334.8</ele>
        <time>2025-04-09T23:30:31.000Z</time>
      </trkpt>
      <trkpt lat="-6.639324" lon="106.795762">
        <ele>334.8</ele>
        <time>2025-04-09T23:30:32.000Z</time>
      </trkpt>
      <trkpt lat="-6.639334" lon="106.795763">
        <ele>334.8</ele>
        <time>2025-04-09T23:30:33.000Z</time>
      </trkpt>
      <trkpt lat="-6.639345" lon="106.795765">
        <ele>334.8</ele>
        <time>2025-04-09T23:30:34.000Z</time>
      </trkpt>
      <trkpt lat="-6.639353" lon="106.795767">
        <ele>334.8</ele>
        <time>2025-04-09T23:30:35.000Z</time>
      </trkpt>
      <trkpt lat="-6.63936" lon="106.795769">
        <ele>334.8</ele>
        <time>2025-04-09T23:30:36.000Z</time>
      </trkpt>
      <trkpt lat="-6.639369" lon="106.795774">
        <ele>334.8</ele>
        <time>2025-04-09T23:30:37.000Z</time>
      </trkpt>
      <trkpt lat="-6.639379" lon="106.795777">
        <ele>334.8</ele>
        <time>2025-04-09T23:30:38.000Z</time>
      </trkpt>
      <trkpt lat="-6.639391" lon="106.79578">
        <ele>334.9</ele>
        <time>2025-04-09T23:30:39.000Z</time>
      </trkpt>
      <trkpt lat="-6.639402" lon="106.795783">
        <ele>334.9</ele>
        <time>2025-04-09T23:30:40.000Z</time>
      </trkpt>
      <trkpt lat="-6.639413" lon="106.795787">
        <ele>334.9</ele>
        <time>2025-04-09T23:30:41.000Z</time>
      </trkpt>
      <trkpt lat="-6.639433" lon="106.795794">
        <ele>335</ele>
        <time>2025-04-09T23:30:42.000Z</time>
      </trkpt>
      <trkpt lat="-6.639441" lon="106.795795">
        <ele>335</ele>
        <time>2025-04-09T23:30:43.000Z</time>
      </trkpt>
      <trkpt lat="-6.639448" lon="106.795797">
        <ele>335</ele>
        <time>2025-04-09T23:30:44.000Z</time>
      </trkpt>
      <trkpt lat="-6.639463" lon="106.795803">
        <ele>335</ele>
        <time>2025-04-09T23:30:45.000Z</time>
      </trkpt>
      <trkpt lat="-6.639476" lon="106.795809">
        <ele>335</ele>
        <time>2025-04-09T23:30:46.000Z</time>
      </trkpt>
      <trkpt lat="-6.639497" lon="106.795813">
        <ele>335.1</ele>
        <time>2025-04-09T23:30:47.000Z</time>
      </trkpt>
      <trkpt lat="-6.639504" lon="106.795816">
        <ele>335.1</ele>
        <time>2025-04-09T23:30:48.000Z</time>
      </trkpt>
      <trkpt lat="-6.639512" lon="106.795818">
        <ele>335.1</ele>
        <time>2025-04-09T23:30:49.000Z</time>
      </trkpt>
      <trkpt lat="-6.639534" lon="106.795824">
        <ele>335.2</ele>
        <time>2025-04-09T23:30:50.000Z</time>
      </trkpt>
      <trkpt lat="-6.639544" lon="106.795827">
        <ele>335.2</ele>
        <time>2025-04-09T23:30:51.000Z</time>
      </trkpt>
      <trkpt lat="-6.639553" lon="106.79583">
        <ele>335.2</ele>
        <time>2025-04-09T23:30:52.000Z</time>
      </trkpt>
      <trkpt lat="-6.639574" lon="106.795829">
        <ele>335.3</ele>
        <time>2025-04-09T23:30:53.000Z</time>
      </trkpt>
      <trkpt lat="-6.639582" lon="106.795828">
        <ele>335.3</ele>
        <time>2025-04-09T23:30:54.000Z</time>
      </trkpt>
      <trkpt lat="-6.639589" lon="106.795826">
        <ele>335.3</ele>
        <time>2025-04-09T23:30:55.000Z</time>
      </trkpt>
      <trkpt lat="-6.6396" lon="106.795828">
        <ele>335.3</ele>
        <time>2025-04-09T23:30:56.000Z</time>
      </trkpt>
      <trkpt lat="-6.639612" lon="106.79583">
        <ele>335.3</ele>
        <time>2025-04-09T23:30:57.000Z</time>
      </trkpt>
      <trkpt lat="-6.639623" lon="106.795829">
        <ele>335.4</ele>
        <time>2025-04-09T23:30:58.000Z</time>
      </trkpt>
      <trkpt lat="-6.639645" lon="106.795831">
        <ele>335.4</ele>
        <time>2025-04-09T23:30:59.000Z</time>
      </trkpt>
      <trkpt lat="-6.639654" lon="106.79583">
        <ele>335.5</ele>
        <time>2025-04-09T23:31:00.000Z</time>
      </trkpt>
      <trkpt lat="-6.639663" lon="106.79583">
        <ele>335.5</ele>
        <time>2025-04-09T23:31:01.000Z</time>
      </trkpt>
      <trkpt lat="-6.639673" lon="106.79583">
        <ele>335.5</ele>
        <time>2025-04-09T23:31:02.000Z</time>
      </trkpt>
      <trkpt lat="-6.63967657578637" lon="106.79583055012097">
        <ele>335.5275060489968</ele>
        <time>2025-04-09T23:31:02.275Z</time>
      </trkpt>
      <trkpt lat="-6.639686" lon="106.795832">
        <ele>335.6</ele>
        <time>2025-04-09T23:31:03.000Z</time>
      </trkpt>
      <trkpt lat="-6.639699" lon="106.795835">
        <ele>335.6</ele>
        <time>2025-04-09T23:31:04.000Z</time>
      </trkpt>
      <trkpt lat="-6.639708" lon="106.795834">
        <ele>335.6</ele>
        <time>2025-04-09T23:31:05.000Z</time>
      </trkpt>
      <trkpt lat="-6.639721" lon="106.79583">
        <ele>335.7</ele>
        <time>2025-04-09T23:31:06.000Z</time>
      </trkpt>
      <trkpt lat="-6.639731" lon="106.795826">
        <ele>335.7</ele>
        <time>2025-04-09T23:31:07.000Z</time>
      </trkpt>
      <trkpt lat="-6.63975" lon="106.795819">
        <ele>335.8</ele>
        <time>2025-04-09T23:31:08.000Z</time>
      </trkpt>
      <trkpt lat="-6.639759" lon="106.795817">
        <ele>335.9</ele>
        <time>2025-04-09T23:31:09.000Z</time>
      </trkpt>
      <trkpt lat="-6.639768" lon="106.795816">
        <ele>335.9</ele>
        <time>2025-04-09T23:31:10.000Z</time>
      </trkpt>
      <trkpt lat="-6.639781" lon="106.795815">
        <ele>336</ele>
        <time>2025-04-09T23:31:11.000Z</time>
      </trkpt>
      <trkpt lat="-6.639792" lon="106.795812">
        <ele>336</ele>
        <time>2025-04-09T23:31:12.000Z</time>
      </trkpt>
      <trkpt lat="-6.639801" lon="106.79581">
        <ele>336.1</ele>
        <time>2025-04-09T23:31:13.000Z</time>
      </trkpt>
      <trkpt lat="-6.639816" lon="106.795809">
        <ele>336.1</ele>
        <time>2025-04-09T23:31:14.000Z</time>
      </trkpt>
      <trkpt lat="-6.639823" lon="106.795809">
        <ele>336.2</ele>
        <time>2025-04-09T23:31:15.000Z</time>
      </trkpt>
      <trkpt lat="-6.63983" lon="106.795809">
        <ele>336.2</ele>
        <time>2025-04-09T23:31:16.000Z</time>
      </trkpt>
      <trkpt lat="-6.639838" lon="106.795809">
        <ele>336.3</ele>
        <time>2025-04-09T23:31:17.000Z</time>
      </trkpt>
      <trkpt lat="-6.63986" lon="106.795807">
        <ele>336.4</ele>
        <time>2025-04-09T23:31:18.000Z</time>
      </trkpt>
      <trkpt lat="-6.63987" lon="106.795807">
        <ele>336.4</ele>
        <time>2025-04-09T23:31:19.000Z</time>
      </trkpt>
      <trkpt lat="-6.63988" lon="106.795807">
        <ele>336.5</ele>
        <time>2025-04-09T23:31:20.000Z</time>
      </trkpt>
      <trkpt lat="-6.639897" lon="106.795805">
        <ele>336.6</ele>
        <time>2025-04-09T23:31:21.000Z</time>
      </trkpt>
      <trkpt lat="-6.639911" lon="106.795803">
        <ele>336.7</ele>
        <time>2025-04-09T23:31:22.000Z</time>
      </trkpt>
      <trkpt lat="-6.639926" lon="106.795802">
        <ele>336.8</ele>
        <time>2025-04-09T23:31:23.000Z</time>
      </trkpt>
      <trkpt lat="-6.63994" lon="106.795803">
        <ele>337</ele>
        <time>2025-04-09T23:31:24.000Z</time>
      </trkpt>
      <trkpt lat="-6.639957" lon="106.795806">
        <ele>337.1</ele>
        <time>2025-04-09T23:31:25.000Z</time>
      </trkpt>
      <trkpt lat="-6.63997" lon="106.795805">
        <ele>337.2</ele>
        <time>2025-04-09T23:31:26.000Z</time>
      </trkpt>
      <trkpt lat="-6.639982" lon="106.795802">
        <ele>337.3</ele>
        <time>2025-04-09T23:31:27.000Z</time>
      </trkpt>
      <trkpt lat="-6.639998" lon="106.795802">
        <ele>337.5</ele>
        <time>2025-04-09T23:31:28.000Z</time>
      </trkpt>
      <trkpt lat="-6.64001" lon="106.795803">
        <ele>337.6</ele>
        <time>2025-04-09T23:31:29.000Z</time>
      </trkpt>
      <trkpt lat="-6.640026" lon="106.795804">
        <ele>337.8</ele>
        <time>2025-04-09T23:31:30.000Z</time>
      </trkpt>
      <trkpt lat="-6.640047" lon="106.795799">
        <ele>338</ele>
        <time>2025-04-09T23:31:31.000Z</time>
      </trkpt>
      <trkpt lat="-6.640054" lon="106.795797">
        <ele>338.1</ele>
        <time>2025-04-09T23:31:32.000Z</time>
      </trkpt>
      <trkpt lat="-6.640062" lon="106.795795">
        <ele>338.2</ele>
        <time>2025-04-09T23:31:33.000Z</time>
      </trkpt>
      <trkpt lat="-6.64007" lon="106.79579">
        <ele>338.3</ele>
        <time>2025-04-09T23:31:34.000Z</time>
      </trkpt>
      <trkpt lat="-6.640078" lon="106.795786">
        <ele>338.4</ele>
        <time>2025-04-09T23:31:35.000Z</time>
      </trkpt>
      <trkpt lat="-6.64009" lon="106.795782">
        <ele>338.6</ele>
        <time>2025-04-09T23:31:36.000Z</time>
      </trkpt>
      <trkpt lat="-6.6401" lon="106.795782">
        <ele>338.7</ele>
        <time>2025-04-09T23:31:37.000Z</time>
      </trkpt>
      <trkpt lat="-6.640109" lon="106.795785">
        <ele>338.9</ele>
        <time>2025-04-09T23:31:38.000Z</time>
      </trkpt>
      <trkpt lat="-6.640117" lon="106.795794">
        <ele>339</ele>
        <time>2025-04-09T23:31:39.000Z</time>
      </trkpt>
      <trkpt lat="-6.64012222034561" lon="106.79579987288882">
        <ele>339.13050864051974</ele>
        <time>2025-04-09T23:31:39.652Z</time>
      </trkpt>
      <trkpt lat="-6.640125" lon="106.795803">
        <ele>339.2</ele>
        <time>2025-04-09T23:31:40.000Z</time>
      </trkpt>
      <trkpt lat="-6.640134" lon="106.79581">
        <ele>339.4</ele>
        <time>2025-04-09T23:31:41.000Z</time>
      </trkpt>
      <trkpt lat="-6.64014" lon="106.795818">
        <ele>339.5</ele>
        <time>2025-04-09T23:31:42.000Z</time>
      </trkpt>
      <trkpt lat="-6.640146" lon="106.795825">
        <ele>339.7</ele>
        <time>2025-04-09T23:31:43.000Z</time>
      </trkpt>
      <trkpt lat="-6.640154" lon="106.795834">
        <ele>339.8</ele>
        <time>2025-04-09T23:31:44.000Z</time>
      </trkpt>
      <trkpt lat="-6.640162" lon="106.795845">
        <ele>340</ele>
        <time>2025-04-09T23:31:45.000Z</time>
      </trkpt>
      <trkpt lat="-6.640169" lon="106.795857">
        <ele>340.2</ele>
        <time>2025-04-09T23:31:46.000Z</time>
      </trkpt>
      <trkpt lat="-6.640178" lon="106.795864">
        <ele>340.4</ele>
        <time>2025-04-09T23:31:47.000Z</time>
      </trkpt>
      <trkpt lat="-6.640187" lon="106.795871">
        <ele>340.6</ele>
        <time>2025-04-09T23:31:48.000Z</time>
      </trkpt>
      <trkpt lat="-6.64019445791546" lon="106.79587752567602">
        <ele>340.73983591530714</ele>
        <time>2025-04-09T23:31:48.466Z</time>
      </trkpt>
      <trkpt lat="-6.640203" lon="106.795885">
        <ele>340.9</ele>
        <time>2025-04-09T23:31:49.000Z</time>
      </trkpt>
      <trkpt lat="-6.640208" lon="106.795891">
        <ele>341</ele>
        <time>2025-04-09T23:31:50.000Z</time>
      </trkpt>
      <trkpt lat="-6.640214" lon="106.795896">
        <ele>341.1</ele>
        <time>2025-04-09T23:31:51.000Z</time>
      </trkpt>
      <trkpt lat="-6.640221" lon="106.795904">
        <ele>341.3</ele>
        <time>2025-04-09T23:31:52.000Z</time>
      </trkpt>
      <trkpt lat="-6.640228" lon="106.795912">
        <ele>341.4</ele>
        <time>2025-04-09T23:31:53.000Z</time>
      </trkpt>
      <trkpt lat="-6.640236" lon="106.795921">
        <ele>341.6</ele>
        <time>2025-04-09T23:31:54.000Z</time>
      </trkpt>
      <trkpt lat="-6.640245" lon="106.795923">
        <ele>341.7</ele>
        <time>2025-04-09T23:31:55.000Z</time>
      </trkpt>
      <trkpt lat="-6.640254" lon="106.795922">
        <ele>341.9</ele>
        <time>2025-04-09T23:31:56.000Z</time>
      </trkpt>
      <trkpt lat="-6.640263" lon="106.795923">
        <ele>342</ele>
        <time>2025-04-09T23:31:57.000Z</time>
      </trkpt>
      <trkpt lat="-6.640268" lon="106.795924">
        <ele>342.1</ele>
        <time>2025-04-09T23:31:58.000Z</time>
      </trkpt>
      <trkpt lat="-6.640269" lon="106.795927">
        <ele>342.1</ele>
        <time>2025-04-09T23:31:59.000Z</time>
      </trkpt>
      <trkpt lat="-6.64027" lon="106.795927">
        <ele>342.1</ele>
        <time>2025-04-09T23:32:00.000Z</time>
      </trkpt>
      <trkpt lat="-6.64027" lon="106.795926">
        <ele>342.2</ele>
        <time>2025-04-09T23:32:01.000Z</time>
      </trkpt>
      <trkpt lat="-6.640269" lon="106.795928">
        <ele>342.2</ele>
        <time>2025-04-09T23:32:02.000Z</time>
      </trkpt>
      <trkpt lat="-6.640268" lon="106.795929">
        <ele>342.2</ele>
        <time>2025-04-09T23:32:03.000Z</time>
      </trkpt>
      <trkpt lat="-6.640268" lon="106.79593">
        <ele>342.2</ele>
        <time>2025-04-09T23:32:04.000Z</time>
      </trkpt>
      <trkpt lat="-6.640268" lon="106.795932">
        <ele>342.2</ele>
        <time>2025-04-09T23:32:05.000Z</time>
      </trkpt>
      <trkpt lat="-6.64027" lon="106.795934">
        <ele>342.3</ele>
        <time>2025-04-09T23:32:06.000Z</time>
      </trkpt>
      <trkpt lat="-6.640271" lon="106.795935">
        <ele>342.3</ele>
        <time>2025-04-09T23:32:07.000Z</time>
      </trkpt>
      <trkpt lat="-6.640271" lon="106.795934">
        <ele>342.3</ele>
        <time>2025-04-09T23:32:08.000Z</time>
      </trkpt>
      <trkpt lat="-6.640272" lon="106.795933">
        <ele>342.3</ele>
        <time>2025-04-09T23:32:09.000Z</time>
      </trkpt>
      <trkpt lat="-6.640272" lon="106.795933">
        <ele>342.3</ele>
        <time>2025-04-09T23:32:10.000Z</time>
      </trkpt>
      <trkpt lat="-6.640272" lon="106.795933">
        <ele>342.3</ele>
        <time>2025-04-09T23:32:11.000Z</time>
      </trkpt>
      <trkpt lat="-6.640272" lon="106.795933">
        <ele>342.3</ele>
        <time>2025-04-09T23:32:12.000Z</time>
      </trkpt>
      <trkpt lat="-6.640272" lon="106.795933">
        <ele>342.3</ele>
        <time>2025-04-09T23:32:13.000Z</time>
      </trkpt>
      <trkpt lat="-6.640272" lon="106.795933">
        <ele>342.3</ele>
        <time>2025-04-09T23:32:46.000Z</time>
      </trkpt>
      <trkpt lat="-6.640272" lon="106.795933">
        <ele>342.3</ele>
        <time>2025-04-09T23:32:47.000Z</time>
      </trkpt>
      <trkpt lat="-6.640269" lon="106.795938">
        <ele>342.4</ele>
        <time>2025-04-09T23:32:48.000Z</time>
      </trkpt>
      <trkpt lat="-6.640275661587225" lon="106.795938">
        <ele>342.48326984030786</ele>
        <time>2025-04-09T23:32:48.832Z</time>
      </trkpt>
      <trkpt lat="-6.640277" lon="106.795938">
        <ele>342.5</ele>
        <time>2025-04-09T23:32:49.000Z</time>
      </trkpt>
      <trkpt lat="-6.64029" lon="106.795935">
        <ele>342.7</ele>
        <time>2025-04-09T23:32:50.000Z</time>
      </trkpt>
      <trkpt lat="-6.640304" lon="106.795933">
        <ele>343</ele>
        <time>2025-04-09T23:32:51.000Z</time>
      </trkpt>
      <trkpt lat="-6.640321" lon="106.795931">
        <ele>343.2</ele>
        <time>2025-04-09T23:32:52.000Z</time>
      </trkpt>
      <trkpt lat="-6.640338" lon="106.795931">
        <ele>343.5</ele>
        <time>2025-04-09T23:32:53.000Z</time>
      </trkpt>
      <trkpt lat="-6.640357" lon="106.79594">
        <ele>343.9</ele>
        <time>2025-04-09T23:32:54.000Z</time>
      </trkpt>
      <trkpt lat="-6.640363" lon="106.795947">
        <ele>344</ele>
        <time>2025-04-09T23:32:55.000Z</time>
      </trkpt>
      <trkpt lat="-6.640368" lon="106.795953">
        <ele>344.2</ele>
        <time>2025-04-09T23:32:56.000Z</time>
      </trkpt>
      <trkpt lat="-6.640371" lon="106.795966">
        <ele>344.4</ele>
        <time>2025-04-09T23:32:57.000Z</time>
      </trkpt>
      <trkpt lat="-6.640371" lon="106.795976">
        <ele>344.6</ele>
        <time>2025-04-09T23:32:58.000Z</time>
      </trkpt>
      <trkpt lat="-6.64037" lon="106.795986">
        <ele>344.8</ele>
        <time>2025-04-09T23:32:59.000Z</time>
      </trkpt>
      <trkpt lat="-6.640372" lon="106.795996">
        <ele>345</ele>
        <time>2025-04-09T23:33:00.000Z</time>
      </trkpt>
      <trkpt lat="-6.640374" lon="106.796004">
        <ele>345.2</ele>
        <time>2025-04-09T23:33:01.000Z</time>
      </trkpt>
      <trkpt lat="-6.640374" lon="106.796012">
        <ele>345.3</ele>
        <time>2025-04-09T23:33:02.000Z</time>
      </trkpt>
      <trkpt lat="-6.640374" lon="106.796019">
        <ele>345.4</ele>
        <time>2025-04-09T23:33:03.000Z</time>
      </trkpt>
      <trkpt lat="-6.640373442827596" lon="106.79602345737923">
        <ele>345.5114344808742</ele>
        <time>2025-04-09T23:33:03.557Z</time>
      </trkpt>
      <trkpt lat="-6.640373" lon="106.796027">
        <ele>345.6</ele>
        <time>2025-04-09T23:33:04.000Z</time>
      </trkpt>
      <trkpt lat="-6.640368" lon="106.796035">
        <ele>345.8</ele>
        <time>2025-04-09T23:33:05.000Z</time>
      </trkpt>
      <trkpt lat="-6.640362" lon="106.796045">
        <ele>346</ele>
        <time>2025-04-09T23:33:06.000Z</time>
      </trkpt>
      <trkpt lat="-6.640362" lon="106.796055">
        <ele>346.2</ele>
        <time>2025-04-09T23:33:07.000Z</time>
      </trkpt>
      <trkpt lat="-6.640364" lon="106.796065">
        <ele>346.4</ele>
        <time>2025-04-09T23:33:08.000Z</time>
      </trkpt>
      <trkpt lat="-6.640369" lon="106.796075">
        <ele>346.6</ele>
        <time>2025-04-09T23:33:09.000Z</time>
      </trkpt>
      <trkpt lat="-6.640374" lon="106.796082">
        <ele>346.7</ele>
        <time>2025-04-09T23:33:10.000Z</time>
      </trkpt>
      <trkpt lat="-6.640374" lon="106.796093">
        <ele>346.9</ele>
        <time>2025-04-09T23:33:11.000Z</time>
      </trkpt>
      <trkpt lat="-6.640374" lon="106.796105">
        <ele>347.2</ele>
        <time>2025-04-09T23:33:12.000Z</time>
      </trkpt>
      <trkpt lat="-6.64037" lon="106.796119">
        <ele>347.4</ele>
        <time>2025-04-09T23:33:13.000Z</time>
      </trkpt>
      <trkpt lat="-6.640364" lon="106.796132">
        <ele>347.6</ele>
        <time>2025-04-09T23:33:14.000Z</time>
      </trkpt>
      <trkpt lat="-6.640361" lon="106.796143">
        <ele>347.8</ele>
        <time>2025-04-09T23:33:15.000Z</time>
      </trkpt>
      <trkpt lat="-6.640362" lon="106.796154">
        <ele>348</ele>
        <time>2025-04-09T23:33:16.000Z</time>
      </trkpt>
      <trkpt lat="-6.640363" lon="106.796163">
        <ele>348.1</ele>
        <time>2025-04-09T23:33:17.000Z</time>
      </trkpt>
      <trkpt lat="-6.64036" lon="106.796174">
        <ele>348.3</ele>
        <time>2025-04-09T23:33:18.000Z</time>
      </trkpt>
      <trkpt lat="-6.640357" lon="106.796185">
        <ele>348.4</ele>
        <time>2025-04-09T23:33:19.000Z</time>
      </trkpt>
      <trkpt lat="-6.640356" lon="106.796194">
        <ele>348.5</ele>
        <time>2025-04-09T23:33:20.000Z</time>
      </trkpt>
      <trkpt lat="-6.640356" lon="106.796201">
        <ele>348.6</ele>
        <time>2025-04-09T23:33:21.000Z</time>
      </trkpt>
      <trkpt lat="-6.640352" lon="106.796209">
        <ele>348.7</ele>
        <time>2025-04-09T23:33:22.000Z</time>
      </trkpt>
      <trkpt lat="-6.640348" lon="106.796217">
        <ele>348.8</ele>
        <time>2025-04-09T23:33:23.000Z</time>
      </trkpt>
      <trkpt lat="-6.640345" lon="106.796222">
        <ele>348.9</ele>
        <time>2025-04-09T23:33:24.000Z</time>
      </trkpt>
      <trkpt lat="-6.64034" lon="106.79623">
        <ele>348.9</ele>
        <time>2025-04-09T23:33:25.000Z</time>
      </trkpt>
      <trkpt lat="-6.640338" lon="106.796239">
        <ele>349</ele>
        <time>2025-04-09T23:33:26.000Z</time>
      </trkpt>
      <trkpt lat="-6.640336" lon="106.796251">
        <ele>349.1</ele>
        <time>2025-04-09T23:33:27.000Z</time>
      </trkpt>
      <trkpt lat="-6.640335" lon="106.796263">
        <ele>349.2</ele>
        <time>2025-04-09T23:33:28.000Z</time>
      </trkpt>
      <trkpt lat="-6.640333" lon="106.796274">
        <ele>349.3</ele>
        <time>2025-04-09T23:33:29.000Z</time>
      </trkpt>
      <trkpt lat="-6.640332" lon="106.796287">
        <ele>349.4</ele>
        <time>2025-04-09T23:33:30.000Z</time>
      </trkpt>
      <trkpt lat="-6.64033" lon="106.796307">
        <ele>349.5</ele>
        <time>2025-04-09T23:33:31.000Z</time>
      </trkpt>
      <trkpt lat="-6.640327" lon="106.796316">
        <ele>349.5</ele>
        <time>2025-04-09T23:33:32.000Z</time>
      </trkpt>
      <trkpt lat="-6.640325" lon="106.796324">
        <ele>349.6</ele>
        <time>2025-04-09T23:33:33.000Z</time>
      </trkpt>
      <trkpt lat="-6.640323" lon="106.796339">
        <ele>349.6</ele>
        <time>2025-04-09T23:33:34.000Z</time>
      </trkpt>
      <trkpt lat="-6.64032" lon="106.796354">
        <ele>349.7</ele>
        <time>2025-04-09T23:33:35.000Z</time>
      </trkpt>
      <trkpt lat="-6.640318" lon="106.79637">
        <ele>349.8</ele>
        <time>2025-04-09T23:33:36.000Z</time>
      </trkpt>
      <trkpt lat="-6.640317" lon="106.796384">
        <ele>349.8</ele>
        <time>2025-04-09T23:33:37.000Z</time>
      </trkpt>
      <trkpt lat="-6.640318" lon="106.796396">
        <ele>349.9</ele>
        <time>2025-04-09T23:33:38.000Z</time>
      </trkpt>
      <trkpt lat="-6.640315" lon="106.796413">
        <ele>349.9</ele>
        <time>2025-04-09T23:33:39.000Z</time>
      </trkpt>
      <trkpt lat="-6.640316" lon="106.796425">
        <ele>350</ele>
        <time>2025-04-09T23:33:40.000Z</time>
      </trkpt>
      <trkpt lat="-6.640319245420785" lon="106.79643040903464">
        <ele>350</ele>
        <time>2025-04-09T23:33:40.540Z</time>
      </trkpt>
      <trkpt lat="-6.640322" lon="106.796435">
        <ele>350</ele>
        <time>2025-04-09T23:33:41.000Z</time>
      </trkpt>
      <trkpt lat="-6.640331" lon="106.796435">
        <ele>350.2</ele>
        <time>2025-04-09T23:33:42.000Z</time>
      </trkpt>
      <trkpt lat="-6.640339" lon="106.796436">
        <ele>350.3</ele>
        <time>2025-04-09T23:33:43.000Z</time>
      </trkpt>
      <trkpt lat="-6.640349" lon="106.796435">
        <ele>350.4</ele>
        <time>2025-04-09T23:33:44.000Z</time>
      </trkpt>
      <trkpt lat="-6.640358" lon="106.796435">
        <ele>350.5</ele>
        <time>2025-04-09T23:33:45.000Z</time>
      </trkpt>
      <trkpt lat="-6.640367" lon="106.796437">
        <ele>350.6</ele>
        <time>2025-04-09T23:33:46.000Z</time>
      </trkpt>
      <trkpt lat="-6.64038" lon="106.796441">
        <ele>350.8</ele>
        <time>2025-04-09T23:33:47.000Z</time>
      </trkpt>
      <trkpt lat="-6.640394" lon="106.796444">
        <ele>351</ele>
        <time>2025-04-09T23:33:48.000Z</time>
      </trkpt>
      <trkpt lat="-6.640409" lon="106.796448">
        <ele>351.1</ele>
        <time>2025-04-09T23:33:49.000Z</time>
      </trkpt>
      <trkpt lat="-6.640421" lon="106.79645">
        <ele>351.3</ele>
        <time>2025-04-09T23:33:50.000Z</time>
      </trkpt>
      <trkpt lat="-6.640433" lon="106.796449">
        <ele>351.5</ele>
        <time>2025-04-09T23:33:51.000Z</time>
      </trkpt>
      <trkpt lat="-6.640442" lon="106.796447">
        <ele>351.6</ele>
        <time>2025-04-09T23:33:52.000Z</time>
      </trkpt>
      <trkpt lat="-6.64045" lon="106.796442">
        <ele>351.7</ele>
        <time>2025-04-09T23:33:53.000Z</time>
      </trkpt>
      <trkpt lat="-6.640456" lon="106.796438">
        <ele>351.9</ele>
        <time>2025-04-09T23:33:54.000Z</time>
      </trkpt>
      <trkpt lat="-6.640462" lon="106.796436">
        <ele>352</ele>
        <time>2025-04-09T23:33:55.000Z</time>
      </trkpt>
      <trkpt lat="-6.640465" lon="106.796437">
        <ele>352</ele>
        <time>2025-04-09T23:33:56.000Z</time>
      </trkpt>
      <trkpt lat="-6.640468" lon="106.796437">
        <ele>352</ele>
        <time>2025-04-09T23:33:57.000Z</time>
      </trkpt>
      <trkpt lat="-6.640471" lon="106.796438">
        <ele>352.1</ele>
        <time>2025-04-09T23:33:58.000Z</time>
      </trkpt>
      <trkpt lat="-6.640472" lon="106.796442">
        <ele>352.2</ele>
        <time>2025-04-09T23:33:59.000Z</time>
      </trkpt>
      <trkpt lat="-6.640475" lon="106.796445">
        <ele>352.2</ele>
        <time>2025-04-09T23:34:00.000Z</time>
      </trkpt>
      <trkpt lat="-6.640476" lon="106.796447">
        <ele>352.3</ele>
        <time>2025-04-09T23:34:01.000Z</time>
      </trkpt>
      <trkpt lat="-6.640478" lon="106.79645">
        <ele>352.3</ele>
        <time>2025-04-09T23:34:02.000Z</time>
      </trkpt>
      <trkpt lat="-6.640478" lon="106.796451">
        <ele>352.3</ele>
        <time>2025-04-09T23:34:03.000Z</time>
      </trkpt>
      <trkpt lat="-6.640478" lon="106.796452">
        <ele>352.4</ele>
        <time>2025-04-09T23:34:04.000Z</time>
      </trkpt>
      <trkpt lat="-6.640478" lon="106.796452">
        <ele>352.4</ele>
        <time>2025-04-09T23:34:05.000Z</time>
      </trkpt>
      <trkpt lat="-6.640482290798649" lon="106.79645039095051">
        <ele>352.45363498311553</ele>
        <time>2025-04-09T23:34:05.536Z</time>
      </trkpt>
      <trkpt lat="-6.640486" lon="106.796449">
        <ele>352.5</ele>
        <time>2025-04-09T23:34:06.000Z</time>
      </trkpt>
      <trkpt lat="-6.640498" lon="106.796451">
        <ele>352.7</ele>
        <time>2025-04-09T23:34:07.000Z</time>
      </trkpt>
      <trkpt lat="-6.640509" lon="106.796453">
        <ele>352.9</ele>
        <time>2025-04-09T23:34:08.000Z</time>
      </trkpt>
      <trkpt lat="-6.640528" lon="106.796459">
        <ele>353.2</ele>
        <time>2025-04-09T23:34:09.000Z</time>
      </trkpt>
      <trkpt lat="-6.640536" lon="106.796463">
        <ele>353.4</ele>
        <time>2025-04-09T23:34:10.000Z</time>
      </trkpt>
      <trkpt lat="-6.640544" lon="106.796467">
        <ele>353.5</ele>
        <time>2025-04-09T23:34:11.000Z</time>
      </trkpt>
      <trkpt lat="-6.640555" lon="106.796471">
        <ele>353.7</ele>
        <time>2025-04-09T23:34:12.000Z</time>
      </trkpt>
      <trkpt lat="-6.640565" lon="106.796475">
        <ele>353.9</ele>
        <time>2025-04-09T23:34:13.000Z</time>
      </trkpt>
      <trkpt lat="-6.640575" lon="106.796475">
        <ele>354.1</ele>
        <time>2025-04-09T23:34:14.000Z</time>
      </trkpt>
      <trkpt lat="-6.640587" lon="106.796477">
        <ele>354.3</ele>
        <time>2025-04-09T23:34:15.000Z</time>
      </trkpt>
      <trkpt lat="-6.640597" lon="106.796472">
        <ele>354.5</ele>
        <time>2025-04-09T23:34:16.000Z</time>
      </trkpt>
      <trkpt lat="-6.640605" lon="106.796468">
        <ele>354.7</ele>
        <time>2025-04-09T23:34:17.000Z</time>
      </trkpt>
      <trkpt lat="-6.640614" lon="106.796468">
        <ele>354.8</ele>
        <time>2025-04-09T23:34:18.000Z</time>
      </trkpt>
      <trkpt lat="-6.640622" lon="106.796469">
        <ele>355</ele>
        <time>2025-04-09T23:34:19.000Z</time>
      </trkpt>
      <trkpt lat="-6.640628" lon="106.796468">
        <ele>355.1</ele>
        <time>2025-04-09T23:34:20.000Z</time>
      </trkpt>
      <trkpt lat="-6.640635" lon="106.79647">
        <ele>355.2</ele>
        <time>2025-04-09T23:34:21.000Z</time>
      </trkpt>
      <trkpt lat="-6.640644" lon="106.796473">
        <ele>355.4</ele>
        <time>2025-04-09T23:34:22.000Z</time>
      </trkpt>
      <trkpt lat="-6.64065" lon="106.796476">
        <ele>355.5</ele>
        <time>2025-04-09T23:34:23.000Z</time>
      </trkpt>
      <trkpt lat="-6.640661" lon="106.796479">
        <ele>355.7</ele>
        <time>2025-04-09T23:34:24.000Z</time>
      </trkpt>
      <trkpt lat="-6.640673" lon="106.796484">
        <ele>355.9</ele>
        <time>2025-04-09T23:34:25.000Z</time>
      </trkpt>
      <trkpt lat="-6.640686" lon="106.796491">
        <ele>356.2</ele>
        <time>2025-04-09T23:34:26.000Z</time>
      </trkpt>
      <trkpt lat="-6.640695" lon="106.796494">
        <ele>356.3</ele>
        <time>2025-04-09T23:34:27.000Z</time>
      </trkpt>
      <trkpt lat="-6.640702" lon="106.796495">
        <ele>356.4</ele>
        <time>2025-04-09T23:34:28.000Z</time>
      </trkpt>
      <trkpt lat="-6.64071" lon="106.796493">
        <ele>356.6</ele>
        <time>2025-04-09T23:34:29.000Z</time>
      </trkpt>
      <trkpt lat="-6.640718" lon="106.796494">
        <ele>356.7</ele>
        <time>2025-04-09T23:34:30.000Z</time>
      </trkpt>
      <trkpt lat="-6.640726" lon="106.796496">
        <ele>356.8</ele>
        <time>2025-04-09T23:34:31.000Z</time>
      </trkpt>
      <trkpt lat="-6.640736" lon="106.796498">
        <ele>357</ele>
        <time>2025-04-09T23:34:32.000Z</time>
      </trkpt>
      <trkpt lat="-6.640743" lon="106.7965">
        <ele>357.1</ele>
        <time>2025-04-09T23:34:33.000Z</time>
      </trkpt>
      <trkpt lat="-6.640751" lon="106.796504">
        <ele>357.3</ele>
        <time>2025-04-09T23:34:34.000Z</time>
      </trkpt>
      <trkpt lat="-6.64076" lon="106.796505">
        <ele>357.4</ele>
        <time>2025-04-09T23:34:35.000Z</time>
      </trkpt>
      <trkpt lat="-6.640766" lon="106.796507">
        <ele>357.5</ele>
        <time>2025-04-09T23:34:36.000Z</time>
      </trkpt>
      <trkpt lat="-6.640772" lon="106.79651">
        <ele>357.6</ele>
        <time>2025-04-09T23:34:37.000Z</time>
      </trkpt>
      <trkpt lat="-6.64078" lon="106.79651">
        <ele>357.7</ele>
        <time>2025-04-09T23:34:38.000Z</time>
      </trkpt>
      <trkpt lat="-6.640789" lon="106.796512">
        <ele>357.9</ele>
        <time>2025-04-09T23:34:39.000Z</time>
      </trkpt>
      <trkpt lat="-6.640801" lon="106.796517">
        <ele>358.1</ele>
        <time>2025-04-09T23:34:40.000Z</time>
      </trkpt>
      <trkpt lat="-6.64081" lon="106.796522">
        <ele>358.2</ele>
        <time>2025-04-09T23:34:41.000Z</time>
      </trkpt>
      <trkpt lat="-6.64082" lon="106.796527">
        <ele>358.4</ele>
        <time>2025-04-09T23:34:42.000Z</time>
      </trkpt>
      <trkpt lat="-6.64083" lon="106.79653">
        <ele>358.5</ele>
        <time>2025-04-09T23:34:43.000Z</time>
      </trkpt>
      <trkpt lat="-6.640842" lon="106.796534">
        <ele>358.7</ele>
        <time>2025-04-09T23:34:44.000Z</time>
      </trkpt>
      <trkpt lat="-6.640853" lon="106.796537">
        <ele>358.9</ele>
        <time>2025-04-09T23:34:45.000Z</time>
      </trkpt>
      <trkpt lat="-6.640862" lon="106.796541">
        <ele>359</ele>
        <time>2025-04-09T23:34:46.000Z</time>
      </trkpt>
      <trkpt lat="-6.640869" lon="106.796545">
        <ele>359.1</ele>
        <time>2025-04-09T23:34:47.000Z</time>
      </trkpt>
      <trkpt lat="-6.640877" lon="106.79655">
        <ele>359.3</ele>
        <time>2025-04-09T23:34:48.000Z</time>
      </trkpt>
      <trkpt lat="-6.640886" lon="106.796551">
        <ele>359.4</ele>
        <time>2025-04-09T23:34:49.000Z</time>
      </trkpt>
      <trkpt lat="-6.640895" lon="106.796552">
        <ele>359.5</ele>
        <time>2025-04-09T23:34:50.000Z</time>
      </trkpt>
      <trkpt lat="-6.640902" lon="106.796553">
        <ele>359.6</ele>
        <time>2025-04-09T23:34:51.000Z</time>
      </trkpt>
      <trkpt lat="-6.640912" lon="106.796555">
        <ele>359.8</ele>
        <time>2025-04-09T23:34:52.000Z</time>
      </trkpt>
      <trkpt lat="-6.640914" lon="106.796556">
        <ele>359.8</ele>
        <time>2025-04-09T23:34:53.000Z</time>
      </trkpt>
      <trkpt lat="-6.640917" lon="106.796556">
        <ele>359.9</ele>
        <time>2025-04-09T23:34:54.000Z</time>
      </trkpt>
      <trkpt lat="-6.64092" lon="106.796557">
        <ele>359.9</ele>
        <time>2025-04-09T23:34:55.000Z</time>
      </trkpt>
      <trkpt lat="-6.640922" lon="106.796557">
        <ele>359.9</ele>
        <time>2025-04-09T23:34:56.000Z</time>
      </trkpt>
      <trkpt lat="-6.640925" lon="106.796557">
        <ele>360</ele>
        <time>2025-04-09T23:34:57.000Z</time>
      </trkpt>
      <trkpt lat="-6.640928" lon="106.796558">
        <ele>360</ele>
        <time>2025-04-09T23:34:58.000Z</time>
      </trkpt>
      <trkpt lat="-6.640931" lon="106.796558">
        <ele>360.1</ele>
        <time>2025-04-09T23:34:59.000Z</time>
      </trkpt>
      <trkpt lat="-6.640933" lon="106.796558">
        <ele>360.1</ele>
        <time>2025-04-09T23:35:00.000Z</time>
      </trkpt>
      <trkpt lat="-6.640936" lon="106.796559">
        <ele>360.1</ele>
        <time>2025-04-09T23:35:01.000Z</time>
      </trkpt>
      <trkpt lat="-6.640939" lon="106.796559">
        <ele>360.2</ele>
        <time>2025-04-09T23:35:02.000Z</time>
      </trkpt>
      <trkpt lat="-6.640941" lon="106.79656">
        <ele>360.2</ele>
        <time>2025-04-09T23:35:03.000Z</time>
      </trkpt>
      <trkpt lat="-6.640944" lon="106.79656">
        <ele>360.2</ele>
        <time>2025-04-09T23:35:04.000Z</time>
      </trkpt>
      <trkpt lat="-6.640955" lon="106.796563">
        <ele>360.4</ele>
        <time>2025-04-09T23:35:05.000Z</time>
      </trkpt>
      <trkpt lat="-6.64096" lon="106.796565">
        <ele>360.5</ele>
        <time>2025-04-09T23:35:06.000Z</time>
      </trkpt>
      <trkpt lat="-6.640967" lon="106.796568">
        <ele>360.6</ele>
        <time>2025-04-09T23:35:07.000Z</time>
      </trkpt>
      <trkpt lat="-6.640975" lon="106.79657">
        <ele>360.7</ele>
        <time>2025-04-09T23:35:08.000Z</time>
      </trkpt>
      <trkpt lat="-6.640985" lon="106.796572">
        <ele>360.8</ele>
        <time>2025-04-09T23:35:09.000Z</time>
      </trkpt>
      <trkpt lat="-6.640995" lon="106.796573">
        <ele>361</ele>
        <time>2025-04-09T23:35:10.000Z</time>
      </trkpt>
      <trkpt lat="-6.641002" lon="106.796575">
        <ele>361.1</ele>
        <time>2025-04-09T23:35:11.000Z</time>
      </trkpt>
      <trkpt lat="-6.641009" lon="106.796578">
        <ele>361.2</ele>
        <time>2025-04-09T23:35:12.000Z</time>
      </trkpt>
      <trkpt lat="-6.641018" lon="106.796579">
        <ele>361.3</ele>
        <time>2025-04-09T23:35:13.000Z</time>
      </trkpt>
      <trkpt lat="-6.641026" lon="106.796582">
        <ele>361.4</ele>
        <time>2025-04-09T23:35:14.000Z</time>
      </trkpt>
      <trkpt lat="-6.641035" lon="106.796585">
        <ele>361.6</ele>
        <time>2025-04-09T23:35:15.000Z</time>
      </trkpt>
      <trkpt lat="-6.641042" lon="106.796586">
        <ele>361.7</ele>
        <time>2025-04-09T23:35:16.000Z</time>
      </trkpt>
      <trkpt lat="-6.641048" lon="106.796588">
        <ele>361.8</ele>
        <time>2025-04-09T23:35:17.000Z</time>
      </trkpt>
      <trkpt lat="-6.641053" lon="106.796592">
        <ele>361.9</ele>
        <time>2025-04-09T23:35:18.000Z</time>
      </trkpt>
      <trkpt lat="-6.641061" lon="106.7966">
        <ele>362.1</ele>
        <time>2025-04-09T23:35:19.000Z</time>
      </trkpt>
      <trkpt lat="-6.641074" lon="106.796614">
        <ele>362.3</ele>
        <time>2025-04-09T23:35:20.000Z</time>
      </trkpt>
      <trkpt lat="-6.641081" lon="106.796619">
        <ele>362.5</ele>
        <time>2025-04-09T23:35:21.000Z</time>
      </trkpt>
      <trkpt lat="-6.641087" lon="106.796625">
        <ele>362.6</ele>
        <time>2025-04-09T23:35:22.000Z</time>
      </trkpt>
      <trkpt lat="-6.641095" lon="106.796634">
        <ele>362.8</ele>
        <time>2025-04-09T23:35:23.000Z</time>
      </trkpt>
      <trkpt lat="-6.641105" lon="106.796639">
        <ele>363</ele>
        <time>2025-04-09T23:35:24.000Z</time>
      </trkpt>
      <trkpt lat="-6.641113" lon="106.79664">
        <ele>363.1</ele>
        <time>2025-04-09T23:35:25.000Z</time>
      </trkpt>
      <trkpt lat="-6.641119" lon="106.79664">
        <ele>363.2</ele>
        <time>2025-04-09T23:35:26.000Z</time>
      </trkpt>
      <trkpt lat="-6.641127" lon="106.796641">
        <ele>363.3</ele>
        <time>2025-04-09T23:35:27.000Z</time>
      </trkpt>
      <trkpt lat="-6.641133" lon="106.796642">
        <ele>363.4</ele>
        <time>2025-04-09T23:35:28.000Z</time>
      </trkpt>
      <trkpt lat="-6.64114" lon="106.796641">
        <ele>363.5</ele>
        <time>2025-04-09T23:35:29.000Z</time>
      </trkpt>
      <trkpt lat="-6.641147" lon="106.796641">
        <ele>363.6</ele>
        <time>2025-04-09T23:35:30.000Z</time>
      </trkpt>
      <trkpt lat="-6.641152" lon="106.79664">
        <ele>363.7</ele>
        <time>2025-04-09T23:35:31.000Z</time>
      </trkpt>
      <trkpt lat="-6.64116" lon="106.79664">
        <ele>363.8</ele>
        <time>2025-04-09T23:35:32.000Z</time>
      </trkpt>
      <trkpt lat="-6.641164" lon="106.796644">
        <ele>363.9</ele>
        <time>2025-04-09T23:35:33.000Z</time>
      </trkpt>
      <trkpt lat="-6.64117" lon="106.796646">
        <ele>364</ele>
        <time>2025-04-09T23:35:34.000Z</time>
      </trkpt>
      <trkpt lat="-6.641176" lon="106.79665">
        <ele>364.1</ele>
        <time>2025-04-09T23:35:35.000Z</time>
      </trkpt>
      <trkpt lat="-6.641188" lon="106.796652">
        <ele>364.3</ele>
        <time>2025-04-09T23:35:36.000Z</time>
      </trkpt>
      <trkpt lat="-6.641197" lon="106.796654">
        <ele>364.4</ele>
        <time>2025-04-09T23:35:37.000Z</time>
      </trkpt>
      <trkpt lat="-6.641206" lon="106.796656">
        <ele>364.6</ele>
        <time>2025-04-09T23:35:38.000Z</time>
      </trkpt>
      <trkpt lat="-6.641214" lon="106.796658">
        <ele>364.7</ele>
        <time>2025-04-09T23:35:39.000Z</time>
      </trkpt>
      <trkpt lat="-6.641222" lon="106.796665">
        <ele>364.8</ele>
        <time>2025-04-09T23:35:40.000Z</time>
      </trkpt>
      <trkpt lat="-6.641238" lon="106.796669">
        <ele>365.1</ele>
        <time>2025-04-09T23:35:41.000Z</time>
      </trkpt>
      <trkpt lat="-6.641246" lon="106.796671">
        <ele>365.2</ele>
        <time>2025-04-09T23:35:42.000Z</time>
      </trkpt>
      <trkpt lat="-6.641253" lon="106.796672">
        <ele>365.3</ele>
        <time>2025-04-09T23:35:43.000Z</time>
      </trkpt>
      <trkpt lat="-6.64126" lon="106.796674">
        <ele>365.4</ele>
        <time>2025-04-09T23:35:44.000Z</time>
      </trkpt>
      <trkpt lat="-6.641273" lon="106.796677">
        <ele>365.6</ele>
        <time>2025-04-09T23:35:45.000Z</time>
      </trkpt>
      <trkpt lat="-6.641284" lon="106.79668">
        <ele>365.8</ele>
        <time>2025-04-09T23:35:46.000Z</time>
      </trkpt>
      <trkpt lat="-6.641293" lon="106.796683">
        <ele>365.9</ele>
        <time>2025-04-09T23:35:47.000Z</time>
      </trkpt>
      <trkpt lat="-6.641301" lon="106.796686">
        <ele>366.1</ele>
        <time>2025-04-09T23:35:48.000Z</time>
      </trkpt>
      <trkpt lat="-6.641309" lon="106.796686">
        <ele>366.2</ele>
        <time>2025-04-09T23:35:49.000Z</time>
      </trkpt>
      <trkpt lat="-6.641315" lon="106.796688">
        <ele>366.3</ele>
        <time>2025-04-09T23:35:50.000Z</time>
      </trkpt>
      <trkpt lat="-6.641323" lon="106.796691">
        <ele>366.4</ele>
        <time>2025-04-09T23:35:51.000Z</time>
      </trkpt>
      <trkpt lat="-6.641332" lon="106.796695">
        <ele>366.5</ele>
        <time>2025-04-09T23:35:52.000Z</time>
      </trkpt>
      <trkpt lat="-6.641338" lon="106.796699">
        <ele>366.6</ele>
        <time>2025-04-09T23:35:53.000Z</time>
      </trkpt>
      <trkpt lat="-6.641341" lon="106.796704">
        <ele>366.7</ele>
        <time>2025-04-09T23:35:54.000Z</time>
      </trkpt>
      <trkpt lat="-6.641347" lon="106.796709">
        <ele>366.8</ele>
        <time>2025-04-09T23:35:55.000Z</time>
      </trkpt>
      <trkpt lat="-6.641354" lon="106.796712">
        <ele>366.9</ele>
        <time>2025-04-09T23:35:56.000Z</time>
      </trkpt>
      <trkpt lat="-6.641356560214668" lon="106.79671242670244">
        <ele>366.94267024446617</ele>
        <time>2025-04-09T23:35:56.426Z</time>
      </trkpt>
      <trkpt lat="-6.64136" lon="106.796713">
        <ele>367</ele>
        <time>2025-04-09T23:35:57.000Z</time>
      </trkpt>
      <trkpt lat="-6.641366" lon="106.796713">
        <ele>367.1</ele>
        <time>2025-04-09T23:35:58.000Z</time>
      </trkpt>
      <trkpt lat="-6.641378" lon="106.79671">
        <ele>367.3</ele>
        <time>2025-04-09T23:35:59.000Z</time>
      </trkpt>
      <trkpt lat="-6.641391" lon="106.796709">
        <ele>367.4</ele>
        <time>2025-04-09T23:36:00.000Z</time>
      </trkpt>
      <trkpt lat="-6.641402" lon="106.79671">
        <ele>367.6</ele>
        <time>2025-04-09T23:36:01.000Z</time>
      </trkpt>
      <trkpt lat="-6.64141" lon="106.796712">
        <ele>367.7</ele>
        <time>2025-04-09T23:36:02.000Z</time>
      </trkpt>
      <trkpt lat="-6.641418" lon="106.796713">
        <ele>367.8</ele>
        <time>2025-04-09T23:36:03.000Z</time>
      </trkpt>
      <trkpt lat="-6.641429" lon="106.796716">
        <ele>368</ele>
        <time>2025-04-09T23:36:04.000Z</time>
      </trkpt>
      <trkpt lat="-6.64144" lon="106.796719">
        <ele>368.1</ele>
        <time>2025-04-09T23:36:05.000Z</time>
      </trkpt>
      <trkpt lat="-6.641449" lon="106.79672">
        <ele>368.2</ele>
        <time>2025-04-09T23:36:06.000Z</time>
      </trkpt>
      <trkpt lat="-6.641456" lon="106.796723">
        <ele>368.3</ele>
        <time>2025-04-09T23:36:07.000Z</time>
      </trkpt>
      <trkpt lat="-6.641464" lon="106.796726">
        <ele>368.4</ele>
        <time>2025-04-09T23:36:08.000Z</time>
      </trkpt>
      <trkpt lat="-6.641476" lon="106.796728">
        <ele>368.6</ele>
        <time>2025-04-09T23:36:09.000Z</time>
      </trkpt>
      <trkpt lat="-6.641489" lon="106.796731">
        <ele>368.7</ele>
        <time>2025-04-09T23:36:10.000Z</time>
      </trkpt>
      <trkpt lat="-6.641499" lon="106.796737">
        <ele>368.8</ele>
        <time>2025-04-09T23:36:11.000Z</time>
      </trkpt>
      <trkpt lat="-6.641509" lon="106.796741">
        <ele>369</ele>
        <time>2025-04-09T23:36:12.000Z</time>
      </trkpt>
      <trkpt lat="-6.641517" lon="106.796746">
        <ele>369.1</ele>
        <time>2025-04-09T23:36:13.000Z</time>
      </trkpt>
      <trkpt lat="-6.641525" lon="106.796751">
        <ele>369.2</ele>
        <time>2025-04-09T23:36:14.000Z</time>
      </trkpt>
      <trkpt lat="-6.641537" lon="106.796752">
        <ele>369.3</ele>
        <time>2025-04-09T23:36:15.000Z</time>
      </trkpt>
      <trkpt lat="-6.64155" lon="106.796751">
        <ele>369.4</ele>
        <time>2025-04-09T23:36:16.000Z</time>
      </trkpt>
      <trkpt lat="-6.641562" lon="106.796749">
        <ele>369.5</ele>
        <time>2025-04-09T23:36:17.000Z</time>
      </trkpt>
      <trkpt lat="-6.64157" lon="106.796748">
        <ele>369.6</ele>
        <time>2025-04-09T23:36:18.000Z</time>
      </trkpt>
      <trkpt lat="-6.641584" lon="106.796748">
        <ele>369.7</ele>
        <time>2025-04-09T23:36:19.000Z</time>
      </trkpt>
      <trkpt lat="-6.641592" lon="106.79675">
        <ele>369.8</ele>
        <time>2025-04-09T23:36:20.000Z</time>
      </trkpt>
      <trkpt lat="-6.641599" lon="106.796753">
        <ele>369.9</ele>
        <time>2025-04-09T23:36:21.000Z</time>
      </trkpt>
      <trkpt lat="-6.641607" lon="106.796756">
        <ele>369.9</ele>
        <time>2025-04-09T23:36:22.000Z</time>
      </trkpt>
      <trkpt lat="-6.641617" lon="106.796758">
        <ele>370</ele>
        <time>2025-04-09T23:36:23.000Z</time>
      </trkpt>
      <trkpt lat="-6.641623" lon="106.796761">
        <ele>370.1</ele>
        <time>2025-04-09T23:36:24.000Z</time>
      </trkpt>
      <trkpt lat="-6.64163" lon="106.796767">
        <ele>370.2</ele>
        <time>2025-04-09T23:36:25.000Z</time>
      </trkpt>
      <trkpt lat="-6.641637" lon="106.79677">
        <ele>370.2</ele>
        <time>2025-04-09T23:36:26.000Z</time>
      </trkpt>
      <trkpt lat="-6.641646" lon="106.796772">
        <ele>370.3</ele>
        <time>2025-04-09T23:36:27.000Z</time>
      </trkpt>
      <trkpt lat="-6.641655" lon="106.796774">
        <ele>370.4</ele>
        <time>2025-04-09T23:36:28.000Z</time>
      </trkpt>
      <trkpt lat="-6.641661" lon="106.796777">
        <ele>370.4</ele>
        <time>2025-04-09T23:36:29.000Z</time>
      </trkpt>
      <trkpt lat="-6.641668" lon="106.796781">
        <ele>370.5</ele>
        <time>2025-04-09T23:36:30.000Z</time>
      </trkpt>
      <trkpt lat="-6.641678" lon="106.796786">
        <ele>370.6</ele>
        <time>2025-04-09T23:36:31.000Z</time>
      </trkpt>
      <trkpt lat="-6.641688" lon="106.796788">
        <ele>370.7</ele>
        <time>2025-04-09T23:36:32.000Z</time>
      </trkpt>
      <trkpt lat="-6.641694" lon="106.79679">
        <ele>370.7</ele>
        <time>2025-04-09T23:36:33.000Z</time>
      </trkpt>
      <trkpt lat="-6.641698" lon="106.796792">
        <ele>370.8</ele>
        <time>2025-04-09T23:36:34.000Z</time>
      </trkpt>
      <trkpt lat="-6.641704" lon="106.796794">
        <ele>370.8</ele>
        <time>2025-04-09T23:36:35.000Z</time>
      </trkpt>
      <trkpt lat="-6.641709" lon="106.796796">
        <ele>370.9</ele>
        <time>2025-04-09T23:36:36.000Z</time>
      </trkpt>
      <trkpt lat="-6.641715" lon="106.796801">
        <ele>370.9</ele>
        <time>2025-04-09T23:36:37.000Z</time>
      </trkpt>
      <trkpt lat="-6.641721" lon="106.796805">
        <ele>371</ele>
        <time>2025-04-09T23:36:38.000Z</time>
      </trkpt>
      <trkpt lat="-6.641728" lon="106.796807">
        <ele>371</ele>
        <time>2025-04-09T23:36:39.000Z</time>
      </trkpt>
      <trkpt lat="-6.641734" lon="106.796808">
        <ele>371.1</ele>
        <time>2025-04-09T23:36:40.000Z</time>
      </trkpt>
      <trkpt lat="-6.64174" lon="106.796809">
        <ele>371.1</ele>
        <time>2025-04-09T23:36:41.000Z</time>
      </trkpt>
      <trkpt lat="-6.641746" lon="106.79681">
        <ele>371.2</ele>
        <time>2025-04-09T23:36:42.000Z</time>
      </trkpt>
      <trkpt lat="-6.641754" lon="106.796814">
        <ele>371.3</ele>
        <time>2025-04-09T23:36:43.000Z</time>
      </trkpt>
      <trkpt lat="-6.641762" lon="106.796815">
        <ele>371.3</ele>
        <time>2025-04-09T23:36:44.000Z</time>
      </trkpt>
      <trkpt lat="-6.641772" lon="106.796817">
        <ele>371.4</ele>
        <time>2025-04-09T23:36:45.000Z</time>
      </trkpt>
      <trkpt lat="-6.641782" lon="106.79682">
        <ele>371.5</ele>
        <time>2025-04-09T23:36:46.000Z</time>
      </trkpt>
      <trkpt lat="-6.64179" lon="106.796821">
        <ele>371.5</ele>
        <time>2025-04-09T23:36:47.000Z</time>
      </trkpt>
      <trkpt lat="-6.641798" lon="106.796822">
        <ele>371.6</ele>
        <time>2025-04-09T23:36:48.000Z</time>
      </trkpt>
      <trkpt lat="-6.641805" lon="106.796826">
        <ele>371.7</ele>
        <time>2025-04-09T23:36:49.000Z</time>
      </trkpt>
      <trkpt lat="-6.641816" lon="106.796832">
        <ele>371.7</ele>
        <time>2025-04-09T23:36:50.000Z</time>
      </trkpt>
      <trkpt lat="-6.641827" lon="106.796837">
        <ele>371.8</ele>
        <time>2025-04-09T23:36:51.000Z</time>
      </trkpt>
      <trkpt lat="-6.641834" lon="106.796839">
        <ele>371.9</ele>
        <time>2025-04-09T23:36:52.000Z</time>
      </trkpt>
      <trkpt lat="-6.641837" lon="106.79684">
        <ele>371.9</ele>
        <time>2025-04-09T23:36:53.000Z</time>
      </trkpt>
      <trkpt lat="-6.641838" lon="106.796842">
        <ele>371.9</ele>
        <time>2025-04-09T23:36:54.000Z</time>
      </trkpt>
      <trkpt lat="-6.641838" lon="106.796841">
        <ele>371.9</ele>
        <time>2025-04-09T23:36:55.000Z</time>
      </trkpt>
      <trkpt lat="-6.641838" lon="106.796841">
        <ele>371.9</ele>
        <time>2025-04-09T23:36:56.000Z</time>
      </trkpt>
      <trkpt lat="-6.641837" lon="106.796841">
        <ele>371.9</ele>
        <time>2025-04-09T23:36:57.000Z</time>
      </trkpt>
      <trkpt lat="-6.641837" lon="106.79684">
        <ele>371.9</ele>
        <time>2025-04-09T23:36:58.000Z</time>
      </trkpt>
      <trkpt lat="-6.641837" lon="106.796838">
        <ele>372</ele>
        <time>2025-04-09T23:36:59.000Z</time>
      </trkpt>
      <trkpt lat="-6.641837" lon="106.796838">
        <ele>372</ele>
        <time>2025-04-09T23:37:00.000Z</time>
      </trkpt>
      <trkpt lat="-6.64184" lon="106.796839">
        <ele>372</ele>
        <time>2025-04-09T23:37:01.000Z</time>
      </trkpt>
      <trkpt lat="-6.641846" lon="106.796841">
        <ele>372</ele>
        <time>2025-04-09T23:37:02.000Z</time>
      </trkpt>
      <trkpt lat="-6.641855" lon="106.796847">
        <ele>372.1</ele>
        <time>2025-04-09T23:37:03.000Z</time>
      </trkpt>
      <trkpt lat="-6.641866" lon="106.796852">
        <ele>372.2</ele>
        <time>2025-04-09T23:37:04.000Z</time>
      </trkpt>
      <trkpt lat="-6.641873" lon="106.796854">
        <ele>372.2</ele>
        <time>2025-04-09T23:37:05.000Z</time>
      </trkpt>
      <trkpt lat="-6.641877" lon="106.796855">
        <ele>372.2</ele>
        <time>2025-04-09T23:37:06.000Z</time>
      </trkpt>
      <trkpt lat="-6.641882" lon="106.796856">
        <ele>372.2</ele>
        <time>2025-04-09T23:37:07.000Z</time>
      </trkpt>
      <trkpt lat="-6.641884" lon="106.796857">
        <ele>372.3</ele>
        <time>2025-04-09T23:37:08.000Z</time>
      </trkpt>
      <trkpt lat="-6.641886" lon="106.796859">
        <ele>372.3</ele>
        <time>2025-04-09T23:37:09.000Z</time>
      </trkpt>
      <trkpt lat="-6.64189" lon="106.79686">
        <ele>372.3</ele>
        <time>2025-04-09T23:37:10.000Z</time>
      </trkpt>
      <trkpt lat="-6.641896" lon="106.796864">
        <ele>372.3</ele>
        <time>2025-04-09T23:37:11.000Z</time>
      </trkpt>
      <trkpt lat="-6.641904" lon="106.796869">
        <ele>372.4</ele>
        <time>2025-04-09T23:37:12.000Z</time>
      </trkpt>
      <trkpt lat="-6.641922" lon="106.79688">
        <ele>372.5</ele>
        <time>2025-04-09T23:37:13.000Z</time>
      </trkpt>
      <trkpt lat="-6.641929" lon="106.796884">
        <ele>372.5</ele>
        <time>2025-04-09T23:37:14.000Z</time>
      </trkpt>
      <trkpt lat="-6.641937" lon="106.796889">
        <ele>372.5</ele>
        <time>2025-04-09T23:37:15.000Z</time>
      </trkpt>
      <trkpt lat="-6.641946" lon="106.796893">
        <ele>372.6</ele>
        <time>2025-04-09T23:37:16.000Z</time>
      </trkpt>
      <trkpt lat="-6.641955" lon="106.796899">
        <ele>372.6</ele>
        <time>2025-04-09T23:37:17.000Z</time>
      </trkpt>
      <trkpt lat="-6.641965" lon="106.796905">
        <ele>372.6</ele>
        <time>2025-04-09T23:37:18.000Z</time>
      </trkpt>
      <trkpt lat="-6.641982" lon="106.796913">
        <ele>372.7</ele>
        <time>2025-04-09T23:37:19.000Z</time>
      </trkpt>
      <trkpt lat="-6.64199" lon="106.796917">
        <ele>372.7</ele>
        <time>2025-04-09T23:37:20.000Z</time>
      </trkpt>
      <trkpt lat="-6.641998" lon="106.79692">
        <ele>372.7</ele>
        <time>2025-04-09T23:37:21.000Z</time>
      </trkpt>
      <trkpt lat="-6.642016" lon="106.796931">
        <ele>372.7</ele>
        <time>2025-04-09T23:37:22.000Z</time>
      </trkpt>
      <trkpt lat="-6.642024" lon="106.796937">
        <ele>372.7</ele>
        <time>2025-04-09T23:37:23.000Z</time>
      </trkpt>
      <trkpt lat="-6.642031" lon="106.796943">
        <ele>372.7</ele>
        <time>2025-04-09T23:37:24.000Z</time>
      </trkpt>
      <trkpt lat="-6.642048" lon="106.796957">
        <ele>372.6</ele>
        <time>2025-04-09T23:37:25.000Z</time>
      </trkpt>
      <trkpt lat="-6.642056" lon="106.796962">
        <ele>372.6</ele>
        <time>2025-04-09T23:37:26.000Z</time>
      </trkpt>
      <trkpt lat="-6.642063" lon="106.796967">
        <ele>372.6</ele>
        <time>2025-04-09T23:37:27.000Z</time>
      </trkpt>
      <trkpt lat="-6.642071" lon="106.796975">
        <ele>372.6</ele>
        <time>2025-04-09T23:37:28.000Z</time>
      </trkpt>
      <trkpt lat="-6.642077" lon="106.796984">
        <ele>372.5</ele>
        <time>2025-04-09T23:37:29.000Z</time>
      </trkpt>
      <trkpt lat="-6.642084" lon="106.796992">
        <ele>372.5</ele>
        <time>2025-04-09T23:37:30.000Z</time>
      </trkpt>
      <trkpt lat="-6.642091" lon="106.797001">
        <ele>372.5</ele>
        <time>2025-04-09T23:37:31.000Z</time>
      </trkpt>
      <trkpt lat="-6.642097" lon="106.797011">
        <ele>372.4</ele>
        <time>2025-04-09T23:37:32.000Z</time>
      </trkpt>
      <trkpt lat="-6.642106" lon="106.797019">
        <ele>372.4</ele>
        <time>2025-04-09T23:37:33.000Z</time>
      </trkpt>
      <trkpt lat="-6.642117" lon="106.797023">
        <ele>372.3</ele>
        <time>2025-04-09T23:37:34.000Z</time>
      </trkpt>
      <trkpt lat="-6.642129" lon="106.797027">
        <ele>372.2</ele>
        <time>2025-04-09T23:37:35.000Z</time>
      </trkpt>
      <trkpt lat="-6.642139" lon="106.797033">
        <ele>372.2</ele>
        <time>2025-04-09T23:37:36.000Z</time>
      </trkpt>
      <trkpt lat="-6.642151" lon="106.797036">
        <ele>372.1</ele>
        <time>2025-04-09T23:37:37.000Z</time>
      </trkpt>
      <trkpt lat="-6.642163" lon="106.79704">
        <ele>372</ele>
        <time>2025-04-09T23:37:38.000Z</time>
      </trkpt>
      <trkpt lat="-6.642173" lon="106.797042">
        <ele>372</ele>
        <time>2025-04-09T23:37:39.000Z</time>
      </trkpt>
      <trkpt lat="-6.64218" lon="106.797047">
        <ele>371.9</ele>
        <time>2025-04-09T23:37:40.000Z</time>
      </trkpt>
      <trkpt lat="-6.642188" lon="106.797052">
        <ele>371.9</ele>
        <time>2025-04-09T23:37:41.000Z</time>
      </trkpt>
      <trkpt lat="-6.642194" lon="106.797055">
        <ele>371.8</ele>
        <time>2025-04-09T23:37:42.000Z</time>
      </trkpt>
      <trkpt lat="-6.642206" lon="106.797055">
        <ele>371.8</ele>
        <time>2025-04-09T23:37:43.000Z</time>
      </trkpt>
      <trkpt lat="-6.642218" lon="106.797051">
        <ele>371.7</ele>
        <time>2025-04-09T23:37:44.000Z</time>
      </trkpt>
      <trkpt lat="-6.642227" lon="106.797051">
        <ele>371.6</ele>
        <time>2025-04-09T23:37:45.000Z</time>
      </trkpt>
      <trkpt lat="-6.642238" lon="106.797049">
        <ele>371.6</ele>
        <time>2025-04-09T23:37:46.000Z</time>
      </trkpt>
      <trkpt lat="-6.642247" lon="106.797047">
        <ele>371.5</ele>
        <time>2025-04-09T23:37:47.000Z</time>
      </trkpt>
      <trkpt lat="-6.642258" lon="106.797043">
        <ele>371.4</ele>
        <time>2025-04-09T23:37:48.000Z</time>
      </trkpt>
      <trkpt lat="-6.642269" lon="106.797042">
        <ele>371.4</ele>
        <time>2025-04-09T23:37:49.000Z</time>
      </trkpt>
      <trkpt lat="-6.642281" lon="106.797038">
        <ele>371.3</ele>
        <time>2025-04-09T23:37:50.000Z</time>
      </trkpt>
      <trkpt lat="-6.64229" lon="106.797032">
        <ele>371.2</ele>
        <time>2025-04-09T23:37:51.000Z</time>
      </trkpt>
      <trkpt lat="-6.642297" lon="106.797027">
        <ele>371.2</ele>
        <time>2025-04-09T23:37:52.000Z</time>
      </trkpt>
      <trkpt lat="-6.642304" lon="106.797022">
        <ele>371.1</ele>
        <time>2025-04-09T23:37:53.000Z</time>
      </trkpt>
      <trkpt lat="-6.642311" lon="106.797018">
        <ele>371.1</ele>
        <time>2025-04-09T23:37:54.000Z</time>
      </trkpt>
      <trkpt lat="-6.64232" lon="106.797014">
        <ele>371</ele>
        <time>2025-04-09T23:37:55.000Z</time>
      </trkpt>
      <trkpt lat="-6.642327" lon="106.797011">
        <ele>370.9</ele>
        <time>2025-04-09T23:37:56.000Z</time>
      </trkpt>
      <trkpt lat="-6.642333" lon="106.797007">
        <ele>370.9</ele>
        <time>2025-04-09T23:37:57.000Z</time>
      </trkpt>
      <trkpt lat="-6.64234" lon="106.797004">
        <ele>370.8</ele>
        <time>2025-04-09T23:37:58.000Z</time>
      </trkpt>
      <trkpt lat="-6.642348" lon="106.797001">
        <ele>370.8</ele>
        <time>2025-04-09T23:37:59.000Z</time>
      </trkpt>
      <trkpt lat="-6.642355" lon="106.796997">
        <ele>370.7</ele>
        <time>2025-04-09T23:38:00.000Z</time>
      </trkpt>
      <trkpt lat="-6.642364" lon="106.796992">
        <ele>370.6</ele>
        <time>2025-04-09T23:38:01.000Z</time>
      </trkpt>
      <trkpt lat="-6.642373" lon="106.796986">
        <ele>370.6</ele>
        <time>2025-04-09T23:38:02.000Z</time>
      </trkpt>
      <trkpt lat="-6.642378" lon="106.796979">
        <ele>370.5</ele>
        <time>2025-04-09T23:38:03.000Z</time>
      </trkpt>
      <trkpt lat="-6.642382" lon="106.796975">
        <ele>370.5</ele>
        <time>2025-04-09T23:38:04.000Z</time>
      </trkpt>
      <trkpt lat="-6.642387" lon="106.79697">
        <ele>370.4</ele>
        <time>2025-04-09T23:38:05.000Z</time>
      </trkpt>
      <trkpt lat="-6.642391" lon="106.796966">
        <ele>370.4</ele>
        <time>2025-04-09T23:38:06.000Z</time>
      </trkpt>
      <trkpt lat="-6.6424" lon="106.796965">
        <ele>370.3</ele>
        <time>2025-04-09T23:38:07.000Z</time>
      </trkpt>
      <trkpt lat="-6.642408" lon="106.796962">
        <ele>370.3</ele>
        <time>2025-04-09T23:38:08.000Z</time>
      </trkpt>
      <trkpt lat="-6.642414" lon="106.796956">
        <ele>370.2</ele>
        <time>2025-04-09T23:38:09.000Z</time>
      </trkpt>
      <trkpt lat="-6.642421" lon="106.79695">
        <ele>370.1</ele>
        <time>2025-04-09T23:38:10.000Z</time>
      </trkpt>
      <trkpt lat="-6.642421" lon="106.79695">
        <ele>370.1</ele>
        <time>2025-04-09T23:38:10.000Z</time>
      </trkpt>
      <trkpt lat="-6.642426" lon="106.796949">
        <ele>370.1</ele>
        <time>2025-04-09T23:38:11.000Z</time>
      </trkpt>
      <trkpt lat="-6.642433" lon="106.796949">
        <ele>370.1</ele>
        <time>2025-04-09T23:38:12.000Z</time>
      </trkpt>
      <trkpt lat="-6.64244" lon="106.796946">
        <ele>370</ele>
        <time>2025-04-09T23:38:13.000Z</time>
      </trkpt>
      <trkpt lat="-6.642445" lon="106.796943">
        <ele>370</ele>
        <time>2025-04-09T23:38:14.000Z</time>
      </trkpt>
      <trkpt lat="-6.642449" lon="106.796939">
        <ele>369.9</ele>
        <time>2025-04-09T23:38:15.000Z</time>
      </trkpt>
      <trkpt lat="-6.642449" lon="106.796937">
        <ele>369.9</ele>
        <time>2025-04-09T23:38:16.000Z</time>
      </trkpt>
      <trkpt lat="-6.642451" lon="106.796937">
        <ele>369.9</ele>
        <time>2025-04-09T23:38:17.000Z</time>
      </trkpt>
      <trkpt lat="-6.642454" lon="106.796934">
        <ele>369.9</ele>
        <time>2025-04-09T23:38:18.000Z</time>
      </trkpt>
      <trkpt lat="-6.642461" lon="106.796935">
        <ele>369.8</ele>
        <time>2025-04-09T23:38:19.000Z</time>
      </trkpt>
      <trkpt lat="-6.642469" lon="106.796929">
        <ele>369.8</ele>
        <time>2025-04-09T23:38:20.000Z</time>
      </trkpt>
      <trkpt lat="-6.642476" lon="106.796923">
        <ele>369.7</ele>
        <time>2025-04-09T23:38:21.000Z</time>
      </trkpt>
      <trkpt lat="-6.642484" lon="106.796918">
        <ele>369.6</ele>
        <time>2025-04-09T23:38:22.000Z</time>
      </trkpt>
      <trkpt lat="-6.642491" lon="106.796911">
        <ele>369.6</ele>
        <time>2025-04-09T23:38:23.000Z</time>
      </trkpt>
      <trkpt lat="-6.642499" lon="106.796904">
        <ele>369.5</ele>
        <time>2025-04-09T23:38:24.000Z</time>
      </trkpt>
      <trkpt lat="-6.642507" lon="106.7969">
        <ele>369.5</ele>
        <time>2025-04-09T23:38:25.000Z</time>
      </trkpt>
      <trkpt lat="-6.642526" lon="106.796892">
        <ele>369.4</ele>
        <time>2025-04-09T23:38:26.000Z</time>
      </trkpt>
      <trkpt lat="-6.642533" lon="106.796888">
        <ele>369.4</ele>
        <time>2025-04-09T23:38:27.000Z</time>
      </trkpt>
      <trkpt lat="-6.642541" lon="106.796884">
        <ele>369.4</ele>
        <time>2025-04-09T23:38:28.000Z</time>
      </trkpt>
      <trkpt lat="-6.64256" lon="106.796871">
        <ele>369.3</ele>
        <time>2025-04-09T23:38:29.000Z</time>
      </trkpt>
      <trkpt lat="-6.642568" lon="106.796868">
        <ele>369.3</ele>
        <time>2025-04-09T23:38:30.000Z</time>
      </trkpt>
      <trkpt lat="-6.642576" lon="106.796864">
        <ele>369.3</ele>
        <time>2025-04-09T23:38:31.000Z</time>
      </trkpt>
      <trkpt lat="-6.642593" lon="106.796866">
        <ele>369.3</ele>
        <time>2025-04-09T23:38:32.000Z</time>
      </trkpt>
      <trkpt lat="-6.642609" lon="106.796868">
        <ele>369.3</ele>
        <time>2025-04-09T23:38:33.000Z</time>
      </trkpt>
      <trkpt lat="-6.64262" lon="106.79687">
        <ele>369.5</ele>
        <time>2025-04-09T23:38:34.000Z</time>
      </trkpt>
      <trkpt lat="-6.642628" lon="106.796873">
        <ele>369.5</ele>
        <time>2025-04-09T23:38:35.000Z</time>
      </trkpt>
      <trkpt lat="-6.642633" lon="106.796877">
        <ele>369.5</ele>
        <time>2025-04-09T23:38:36.000Z</time>
      </trkpt>
      <trkpt lat="-6.642637" lon="106.796881">
        <ele>369.5</ele>
        <time>2025-04-09T23:38:37.000Z</time>
      </trkpt>
      <trkpt lat="-6.642636" lon="106.796887">
        <ele>369.5</ele>
        <time>2025-04-09T23:38:38.000Z</time>
      </trkpt>
      <trkpt lat="-6.642634" lon="106.796888">
        <ele>369.5</ele>
        <time>2025-04-09T23:38:39.000Z</time>
      </trkpt>
      <trkpt lat="-6.64263" lon="106.796888">
        <ele>369.5</ele>
        <time>2025-04-09T23:38:40.000Z</time>
      </trkpt>
      <trkpt lat="-6.642629" lon="106.796888">
        <ele>369.5</ele>
        <time>2025-04-09T23:38:41.000Z</time>
      </trkpt>
      <trkpt lat="-6.642633" lon="106.796888">
        <ele>369.5</ele>
        <time>2025-04-09T23:38:42.000Z</time>
      </trkpt>
      <trkpt lat="-6.642634" lon="106.796887">
        <ele>369.5</ele>
        <time>2025-04-09T23:38:43.000Z</time>
      </trkpt>
      <trkpt lat="-6.642632" lon="106.796886">
        <ele>369.5</ele>
        <time>2025-04-09T23:38:44.000Z</time>
      </trkpt>
      <trkpt lat="-6.64263" lon="106.796884">
        <ele>369.5</ele>
        <time>2025-04-09T23:38:45.000Z</time>
      </trkpt>
      <trkpt lat="-6.642629" lon="106.796883">
        <ele>369.5</ele>
        <time>2025-04-09T23:38:46.000Z</time>
      </trkpt>
      <trkpt lat="-6.642628" lon="106.796883">
        <ele>369.5</ele>
        <time>2025-04-09T23:38:47.000Z</time>
      </trkpt>
      <trkpt lat="-6.642628" lon="106.796883">
        <ele>369.5</ele>
        <time>2025-04-09T23:38:48.000Z</time>
      </trkpt>
      <trkpt lat="-6.642628" lon="106.796883">
        <ele>369.5</ele>
        <time>2025-04-09T23:38:49.000Z</time>
      </trkpt>
      <trkpt lat="-6.64261" lon="106.796873">
        <ele>369.3</ele>
        <time>2025-04-09T23:39:25.000Z</time>
      </trkpt>
      <trkpt lat="-6.642612" lon="106.796877">
        <ele>369.3</ele>
        <time>2025-04-09T23:39:26.000Z</time>
      </trkpt>
      <trkpt lat="-6.642615" lon="106.79688">
        <ele>369.5</ele>
        <time>2025-04-09T23:39:27.000Z</time>
      </trkpt>
      <trkpt lat="-6.642617" lon="106.796885">
        <ele>369.5</ele>
        <time>2025-04-09T23:39:28.000Z</time>
      </trkpt>
      <trkpt lat="-6.642618" lon="106.796888">
        <ele>369.5</ele>
        <time>2025-04-09T23:39:29.000Z</time>
      </trkpt>
      <trkpt lat="-6.642624" lon="106.79689">
        <ele>369.5</ele>
        <time>2025-04-09T23:39:30.000Z</time>
      </trkpt>
      <trkpt lat="-6.642628" lon="106.796896">
        <ele>369.7</ele>
        <time>2025-04-09T23:39:31.000Z</time>
      </trkpt>
      <trkpt lat="-6.642634" lon="106.796903">
        <ele>369.7</ele>
        <time>2025-04-09T23:39:32.000Z</time>
      </trkpt>
      <trkpt lat="-6.642642" lon="106.796912">
        <ele>369.7</ele>
        <time>2025-04-09T23:39:33.000Z</time>
      </trkpt>
      <trkpt lat="-6.642649" lon="106.796924">
        <ele>369.7</ele>
        <time>2025-04-09T23:39:34.000Z</time>
      </trkpt>
      <trkpt lat="-6.642662" lon="106.796942">
        <ele>370.2</ele>
        <time>2025-04-09T23:39:35.000Z</time>
      </trkpt>
      <trkpt lat="-6.642668" lon="106.796949">
        <ele>370.2</ele>
        <time>2025-04-09T23:39:36.000Z</time>
      </trkpt>
      <trkpt lat="-6.642674" lon="106.796957">
        <ele>370.2</ele>
        <time>2025-04-09T23:39:37.000Z</time>
      </trkpt>
      <trkpt lat="-6.642683" lon="106.796969">
        <ele>370.2</ele>
        <time>2025-04-09T23:39:38.000Z</time>
      </trkpt>
      <trkpt lat="-6.642691" lon="106.796979">
        <ele>370.2</ele>
        <time>2025-04-09T23:39:39.000Z</time>
      </trkpt>
      <trkpt lat="-6.642701" lon="106.796989">
        <ele>370.9</ele>
        <time>2025-04-09T23:39:40.000Z</time>
      </trkpt>
      <trkpt lat="-6.64271" lon="106.797001">
        <ele>370.9</ele>
        <time>2025-04-09T23:39:41.000Z</time>
      </trkpt>
      <trkpt lat="-6.642718" lon="106.797012">
        <ele>370.9</ele>
        <time>2025-04-09T23:39:42.000Z</time>
      </trkpt>
      <trkpt lat="-6.642731" lon="106.797023">
        <ele>371.1</ele>
        <time>2025-04-09T23:39:43.000Z</time>
      </trkpt>
      <trkpt lat="-6.642743" lon="106.797035">
        <ele>371.6</ele>
        <time>2025-04-09T23:39:44.000Z</time>
      </trkpt>
      <trkpt lat="-6.642753" lon="106.797047">
        <ele>371.6</ele>
        <time>2025-04-09T23:39:45.000Z</time>
      </trkpt>
      <trkpt lat="-6.642765" lon="106.797059">
        <ele>371.6</ele>
        <time>2025-04-09T23:39:46.000Z</time>
      </trkpt>
      <trkpt lat="-6.642779" lon="106.797068">
        <ele>371.7</ele>
        <time>2025-04-09T23:39:47.000Z</time>
      </trkpt>
      <trkpt lat="-6.642796" lon="106.797082">
        <ele>372.6</ele>
        <time>2025-04-09T23:39:48.000Z</time>
      </trkpt>
      <trkpt lat="-6.642801" lon="106.797087">
        <ele>372.6</ele>
        <time>2025-04-09T23:39:49.000Z</time>
      </trkpt>
      <trkpt lat="-6.642807" lon="106.797092">
        <ele>372.6</ele>
        <time>2025-04-09T23:39:50.000Z</time>
      </trkpt>
      <trkpt lat="-6.642815" lon="106.797101">
        <ele>372.6</ele>
        <time>2025-04-09T23:39:51.000Z</time>
      </trkpt>
      <trkpt lat="-6.642825" lon="106.79711">
        <ele>372.4</ele>
        <time>2025-04-09T23:39:52.000Z</time>
      </trkpt>
      <trkpt lat="-6.64283" lon="106.797118">
        <ele>372.9</ele>
        <time>2025-04-09T23:39:53.000Z</time>
      </trkpt>
      <trkpt lat="-6.642831" lon="106.797125">
        <ele>372.9</ele>
        <time>2025-04-09T23:39:54.000Z</time>
      </trkpt>
      <trkpt lat="-6.642833" lon="106.797129">
        <ele>372.9</ele>
        <time>2025-04-09T23:39:55.000Z</time>
      </trkpt>
      <trkpt lat="-6.642834" lon="106.797133">
        <ele>372.9</ele>
        <time>2025-04-09T23:39:56.000Z</time>
      </trkpt>
      <trkpt lat="-6.642838" lon="106.797137">
        <ele>372.9</ele>
        <time>2025-04-09T23:39:57.000Z</time>
      </trkpt>
      <trkpt lat="-6.642843" lon="106.79714">
        <ele>372.9</ele>
        <time>2025-04-09T23:39:58.000Z</time>
      </trkpt>
      <trkpt lat="-6.642843" lon="106.797146">
        <ele>372.9</ele>
        <time>2025-04-09T23:39:59.000Z</time>
      </trkpt>
      <trkpt lat="-6.642845" lon="106.797153">
        <ele>372.5</ele>
        <time>2025-04-09T23:40:00.000Z</time>
      </trkpt>
      <trkpt lat="-6.642851" lon="106.797161">
        <ele>372.5</ele>
        <time>2025-04-09T23:40:01.000Z</time>
      </trkpt>
      <trkpt lat="-6.642859" lon="106.797172">
        <ele>372.5</ele>
        <time>2025-04-09T23:40:02.000Z</time>
      </trkpt>
      <trkpt lat="-6.642864" lon="106.797183">
        <ele>372.5</ele>
        <time>2025-04-09T23:40:03.000Z</time>
      </trkpt>
      <trkpt lat="-6.642867" lon="106.797192">
        <ele>372.5</ele>
        <time>2025-04-09T23:40:04.000Z</time>
      </trkpt>
      <trkpt lat="-6.642876" lon="106.797203">
        <ele>372.6</ele>
        <time>2025-04-09T23:40:05.000Z</time>
      </trkpt>
      <trkpt lat="-6.642886" lon="106.797214">
        <ele>372.6</ele>
        <time>2025-04-09T23:40:06.000Z</time>
      </trkpt>
      <trkpt lat="-6.642896" lon="106.797225">
        <ele>372.6</ele>
        <time>2025-04-09T23:40:07.000Z</time>
      </trkpt>
      <trkpt lat="-6.642901" lon="106.797233">
        <ele>372.6</ele>
        <time>2025-04-09T23:40:08.000Z</time>
      </trkpt>
      <trkpt lat="-6.642906" lon="106.797243">
        <ele>372.2</ele>
        <time>2025-04-09T23:40:09.000Z</time>
      </trkpt>
      <trkpt lat="-6.642908" lon="106.797254">
        <ele>372.2</ele>
        <time>2025-04-09T23:40:10.000Z</time>
      </trkpt>
      <trkpt lat="-6.642911" lon="106.797263">
        <ele>372.8</ele>
        <time>2025-04-09T23:40:11.000Z</time>
      </trkpt>
      <trkpt lat="-6.642913" lon="106.797271">
        <ele>372.8</ele>
        <time>2025-04-09T23:40:12.000Z</time>
      </trkpt>
      <trkpt lat="-6.642915" lon="106.797275">
        <ele>372.8</ele>
        <time>2025-04-09T23:40:13.000Z</time>
      </trkpt>
      <trkpt lat="-6.642921" lon="106.797266">
        <ele>372.8</ele>
        <time>2025-04-09T23:40:14.000Z</time>
      </trkpt>
      <trkpt lat="-6.642921" lon="106.797257">
        <ele>372.8</ele>
        <time>2025-04-09T23:40:15.000Z</time>
      </trkpt>
      <trkpt lat="-6.642919" lon="106.797251">
        <ele>372.8</ele>
        <time>2025-04-09T23:40:16.000Z</time>
      </trkpt>
      <trkpt lat="-6.642919" lon="106.79725">
        <ele>372.8</ele>
        <time>2025-04-09T23:40:17.000Z</time>
      </trkpt>
      <trkpt lat="-6.642919" lon="106.797249">
        <ele>372.8</ele>
        <time>2025-04-09T23:40:18.000Z</time>
      </trkpt>
      <trkpt lat="-6.64292" lon="106.797252">
        <ele>372.8</ele>
        <time>2025-04-09T23:40:19.000Z</time>
      </trkpt>
      <trkpt lat="-6.642921" lon="106.797252">
        <ele>372.8</ele>
        <time>2025-04-09T23:40:20.000Z</time>
      </trkpt>
      <trkpt lat="-6.642922" lon="106.797251">
        <ele>372.8</ele>
        <time>2025-04-09T23:40:21.000Z</time>
      </trkpt>
      <trkpt lat="-6.642925" lon="106.79725">
        <ele>372.8</ele>
        <time>2025-04-09T23:40:22.000Z</time>
      </trkpt>
      <trkpt lat="-6.642926" lon="106.79725">
        <ele>372.8</ele>
        <time>2025-04-09T23:40:23.000Z</time>
      </trkpt>
      <trkpt lat="-6.642926" lon="106.79725">
        <ele>372.8</ele>
        <time>2025-04-09T23:40:24.000Z</time>
      </trkpt>
      <trkpt lat="-6.642927" lon="106.79725">
        <ele>372.8</ele>
        <time>2025-04-09T23:40:25.000Z</time>
      </trkpt>
      <trkpt lat="-6.642927" lon="106.79725">
        <ele>372.8</ele>
        <time>2025-04-09T23:40:26.000Z</time>
      </trkpt>
      <trkpt lat="-6.642927" lon="106.79725">
        <ele>372.8</ele>
        <time>2025-04-09T23:40:27.000Z</time>
      </trkpt>
      <trkpt lat="-6.642927" lon="106.79725">
        <ele>372.8</ele>
        <time>2025-04-09T23:40:28.000Z</time>
      </trkpt>
      <trkpt lat="-6.642927" lon="106.79725">
        <ele>372.8</ele>
        <time>2025-04-09T23:40:29.000Z</time>
      </trkpt>
      <trkpt lat="-6.642927" lon="106.79725">
        <ele>372.8</ele>
        <time>2025-04-09T23:40:30.000Z</time>
      </trkpt>
      <trkpt lat="-6.642927" lon="106.79725">
        <ele>372.8</ele>
        <time>2025-04-09T23:40:31.000Z</time>
      </trkpt>
      <trkpt lat="-6.642927" lon="106.79725">
        <ele>372.8</ele>
        <time>2025-04-09T23:40:32.000Z</time>
      </trkpt>
      <trkpt lat="-6.642933" lon="106.797272">
        <ele>372.8</ele>
        <time>2025-04-09T23:44:36.000Z</time>
      </trkpt>
      <trkpt lat="-6.642933" lon="106.797272">
        <ele>372.8</ele>
        <time>2025-04-09T23:44:37.000Z</time>
      </trkpt>
      <trkpt lat="-6.642933" lon="106.797272">
        <ele>372.8</ele>
        <time>2025-04-09T23:44:38.000Z</time>
      </trkpt>
      <trkpt lat="-6.642933" lon="106.797272">
        <ele>372.8</ele>
        <time>2025-04-09T23:44:39.000Z</time>
      </trkpt>
      <trkpt lat="-6.642933" lon="106.797272">
        <ele>372.8</ele>
        <time>2025-04-09T23:44:40.000Z</time>
      </trkpt>
      <trkpt lat="-6.642933" lon="106.797272">
        <ele>372.8</ele>
        <time>2025-04-09T23:44:41.000Z</time>
      </trkpt>
      <trkpt lat="-6.642933" lon="106.797272">
        <ele>372.8</ele>
        <time>2025-04-09T23:44:42.000Z</time>
      </trkpt>
      <trkpt lat="-6.642935" lon="106.797267">
        <ele>372.8</ele>
        <time>2025-04-09T23:44:43.000Z</time>
      </trkpt>
      <trkpt lat="-6.642936" lon="106.797269">
        <ele>372.8</ele>
        <time>2025-04-09T23:44:44.000Z</time>
      </trkpt>
      <trkpt lat="-6.642939" lon="106.797275">
        <ele>372.8</ele>
        <time>2025-04-09T23:44:45.000Z</time>
      </trkpt>
      <trkpt lat="-6.642944" lon="106.797282">
        <ele>372.3</ele>
        <time>2025-04-09T23:44:46.000Z</time>
      </trkpt>
      <trkpt lat="-6.642949" lon="106.797288">
        <ele>372.3</ele>
        <time>2025-04-09T23:44:47.000Z</time>
      </trkpt>
      <trkpt lat="-6.642952" lon="106.797296">
        <ele>372.3</ele>
        <time>2025-04-09T23:44:48.000Z</time>
      </trkpt>
      <trkpt lat="-6.642957" lon="106.797301">
        <ele>373</ele>
        <time>2025-04-09T23:44:49.000Z</time>
      </trkpt>
      <trkpt lat="-6.642959" lon="106.797308">
        <ele>373</ele>
        <time>2025-04-09T23:44:50.000Z</time>
      </trkpt>
      <trkpt lat="-6.642957" lon="106.797314">
        <ele>373</ele>
        <time>2025-04-09T23:44:51.000Z</time>
      </trkpt>
      <trkpt lat="-6.642956" lon="106.797319">
        <ele>373</ele>
        <time>2025-04-09T23:44:52.000Z</time>
      </trkpt>
      <trkpt lat="-6.642953" lon="106.797322">
        <ele>372.3</ele>
        <time>2025-04-09T23:44:53.000Z</time>
      </trkpt>
      <trkpt lat="-6.642953" lon="106.797326">
        <ele>371.8</ele>
        <time>2025-04-09T23:44:54.000Z</time>
      </trkpt>
      <trkpt lat="-6.64296" lon="106.797333">
        <ele>372.6</ele>
        <time>2025-04-09T23:44:55.000Z</time>
      </trkpt>
      <trkpt lat="-6.642968" lon="106.797342">
        <ele>372.6</ele>
        <time>2025-04-09T23:44:56.000Z</time>
      </trkpt>
      <trkpt lat="-6.642975" lon="106.797352">
        <ele>372.6</ele>
        <time>2025-04-09T23:44:57.000Z</time>
      </trkpt>
      <trkpt lat="-6.642982" lon="106.797362">
        <ele>372.6</ele>
        <time>2025-04-09T23:44:58.000Z</time>
      </trkpt>
      <trkpt lat="-6.642989" lon="106.797369">
        <ele>372.1</ele>
        <time>2025-04-09T23:44:59.000Z</time>
      </trkpt>
      <trkpt lat="-6.642996" lon="106.797377">
        <ele>372.1</ele>
        <time>2025-04-09T23:45:00.000Z</time>
      </trkpt>
      <trkpt lat="-6.643" lon="106.797384">
        <ele>373</ele>
        <time>2025-04-09T23:45:01.000Z</time>
      </trkpt>
      <trkpt lat="-6.643002" lon="106.797395">
        <ele>373</ele>
        <time>2025-04-09T23:45:02.000Z</time>
      </trkpt>
      <trkpt lat="-6.643007" lon="106.797404">
        <ele>373</ele>
        <time>2025-04-09T23:45:03.000Z</time>
      </trkpt>
      <trkpt lat="-6.643019" lon="106.797409">
        <ele>373</ele>
        <time>2025-04-09T23:45:04.000Z</time>
      </trkpt>
      <trkpt lat="-6.643033" lon="106.797414">
        <ele>372.5</ele>
        <time>2025-04-09T23:45:05.000Z</time>
      </trkpt>
      <trkpt lat="-6.64304" lon="106.797424">
        <ele>373.6</ele>
        <time>2025-04-09T23:45:06.000Z</time>
      </trkpt>
      <trkpt lat="-6.643044" lon="106.797435">
        <ele>373.6</ele>
        <time>2025-04-09T23:45:07.000Z</time>
      </trkpt>
      <trkpt lat="-6.643045" lon="106.797447">
        <ele>373.6</ele>
        <time>2025-04-09T23:45:08.000Z</time>
      </trkpt>
      <trkpt lat="-6.643049" lon="106.797461">
        <ele>373</ele>
        <time>2025-04-09T23:45:09.000Z</time>
      </trkpt>
      <trkpt lat="-6.643052" lon="106.797476">
        <ele>373</ele>
        <time>2025-04-09T23:45:10.000Z</time>
      </trkpt>
      <trkpt lat="-6.643054" lon="106.79749">
        <ele>373</ele>
        <time>2025-04-09T23:45:11.000Z</time>
      </trkpt>
      <trkpt lat="-6.643056" lon="106.797505">
        <ele>372.4</ele>
        <time>2025-04-09T23:45:12.000Z</time>
      </trkpt>
      <trkpt lat="-6.643059" lon="106.797519">
        <ele>372.4</ele>
        <time>2025-04-09T23:45:13.000Z</time>
      </trkpt>
      <trkpt lat="-6.643064" lon="106.797533">
        <ele>372.4</ele>
        <time>2025-04-09T23:45:14.000Z</time>
      </trkpt>
      <trkpt lat="-6.643069" lon="106.797543">
        <ele>371.7</ele>
        <time>2025-04-09T23:45:15.000Z</time>
      </trkpt>
      <trkpt lat="-6.643072" lon="106.797551">
        <ele>371.7</ele>
        <time>2025-04-09T23:45:16.000Z</time>
      </trkpt>
      <trkpt lat="-6.643076" lon="106.797556">
        <ele>371.7</ele>
        <time>2025-04-09T23:45:17.000Z</time>
      </trkpt>
      <trkpt lat="-6.643077" lon="106.797558">
        <ele>371.7</ele>
        <time>2025-04-09T23:45:18.000Z</time>
      </trkpt>
      <trkpt lat="-6.643075" lon="106.797555">
        <ele>371.7</ele>
        <time>2025-04-09T23:45:19.000Z</time>
      </trkpt>
      <trkpt lat="-6.643075" lon="106.797558">
        <ele>371.7</ele>
        <time>2025-04-09T23:45:20.000Z</time>
      </trkpt>
      <trkpt lat="-6.643075" lon="106.797565">
        <ele>371.7</ele>
        <time>2025-04-09T23:45:21.000Z</time>
      </trkpt>
      <trkpt lat="-6.643074" lon="106.797569">
        <ele>371.7</ele>
        <time>2025-04-09T23:45:22.000Z</time>
      </trkpt>
      <trkpt lat="-6.643075" lon="106.797575">
        <ele>371.7</ele>
        <time>2025-04-09T23:45:23.000Z</time>
      </trkpt>
      <trkpt lat="-6.643074" lon="106.797583">
        <ele>371</ele>
        <time>2025-04-09T23:45:24.000Z</time>
      </trkpt>
      <trkpt lat="-6.643072" lon="106.797591">
        <ele>371</ele>
        <time>2025-04-09T23:45:25.000Z</time>
      </trkpt>
      <trkpt lat="-6.643071" lon="106.797595">
        <ele>371</ele>
        <time>2025-04-09T23:45:26.000Z</time>
      </trkpt>
      <trkpt lat="-6.643072" lon="106.797597">
        <ele>371</ele>
        <time>2025-04-09T23:45:27.000Z</time>
      </trkpt>
      <trkpt lat="-6.643074" lon="106.797597">
        <ele>371</ele>
        <time>2025-04-09T23:45:28.000Z</time>
      </trkpt>
      <trkpt lat="-6.643076" lon="106.797598">
        <ele>371</ele>
        <time>2025-04-09T23:45:29.000Z</time>
      </trkpt>
      <trkpt lat="-6.643078" lon="106.797601">
        <ele>371</ele>
        <time>2025-04-09T23:45:30.000Z</time>
      </trkpt>
      <trkpt lat="-6.643081" lon="106.797606">
        <ele>371</ele>
        <time>2025-04-09T23:45:31.000Z</time>
      </trkpt>
      <trkpt lat="-6.643083" lon="106.797611">
        <ele>372</ele>
        <time>2025-04-09T23:45:32.000Z</time>
      </trkpt>
      <trkpt lat="-6.643084" lon="106.797616">
        <ele>372</ele>
        <time>2025-04-09T23:45:33.000Z</time>
      </trkpt>
      <trkpt lat="-6.643085" lon="106.79762">
        <ele>372</ele>
        <time>2025-04-09T23:45:34.000Z</time>
      </trkpt>
      <trkpt lat="-6.643086" lon="106.797623">
        <ele>372</ele>
        <time>2025-04-09T23:45:35.000Z</time>
      </trkpt>
      <trkpt lat="-6.643087" lon="106.797623">
        <ele>372</ele>
        <time>2025-04-09T23:45:36.000Z</time>
      </trkpt>
      <trkpt lat="-6.643083" lon="106.797615">
        <ele>372</ele>
        <time>2025-04-09T23:45:37.000Z</time>
      </trkpt>
      <trkpt lat="-6.643077" lon="106.79761">
        <ele>371</ele>
        <time>2025-04-09T23:45:38.000Z</time>
      </trkpt>
      <trkpt lat="-6.643073" lon="106.797608">
        <ele>371</ele>
        <time>2025-04-09T23:45:39.000Z</time>
      </trkpt>
      <trkpt lat="-6.643072" lon="106.797611">
        <ele>371</ele>
        <time>2025-04-09T23:45:40.000Z</time>
      </trkpt>
      <trkpt lat="-6.643069" lon="106.797621">
        <ele>371</ele>
        <time>2025-04-09T23:45:41.000Z</time>
      </trkpt>
      <trkpt lat="-6.643064" lon="106.797637">
        <ele>370.2</ele>
        <time>2025-04-09T23:45:42.000Z</time>
      </trkpt>
      <trkpt lat="-6.643059" lon="106.797651">
        <ele>370.2</ele>
        <time>2025-04-09T23:45:43.000Z</time>
      </trkpt>
      <trkpt lat="-6.643058" lon="106.797669">
        <ele>369.4</ele>
        <time>2025-04-09T23:45:44.000Z</time>
      </trkpt>
      <trkpt lat="-6.643061" lon="106.797678">
        <ele>369.4</ele>
        <time>2025-04-09T23:45:45.000Z</time>
      </trkpt>
      <trkpt lat="-6.643061" lon="106.79769">
        <ele>369.4</ele>
        <time>2025-04-09T23:45:46.000Z</time>
      </trkpt>
      <trkpt lat="-6.643063" lon="106.797701">
        <ele>369.5</ele>
        <time>2025-04-09T23:45:47.000Z</time>
      </trkpt>
      <trkpt lat="-6.643062" lon="106.797713">
        <ele>368.7</ele>
        <time>2025-04-09T23:45:48.000Z</time>
      </trkpt>
      <trkpt lat="-6.643064" lon="106.797726">
        <ele>368.7</ele>
        <time>2025-04-09T23:45:49.000Z</time>
      </trkpt>
      <trkpt lat="-6.643066" lon="106.797734">
        <ele>368.7</ele>
        <time>2025-04-09T23:45:50.000Z</time>
      </trkpt>
      <trkpt lat="-6.643068" lon="106.797741">
        <ele>368.7</ele>
        <time>2025-04-09T23:45:51.000Z</time>
      </trkpt>
      <trkpt lat="-6.643064" lon="106.797745">
        <ele>368.7</ele>
        <time>2025-04-09T23:45:52.000Z</time>
      </trkpt>
      <trkpt lat="-6.643061" lon="106.797751">
        <ele>368.7</ele>
        <time>2025-04-09T23:45:53.000Z</time>
      </trkpt>
      <trkpt lat="-6.643057" lon="106.797756">
        <ele>367.9</ele>
        <time>2025-04-09T23:45:54.000Z</time>
      </trkpt>
      <trkpt lat="-6.643054" lon="106.79776">
        <ele>367.9</ele>
        <time>2025-04-09T23:45:55.000Z</time>
      </trkpt>
      <trkpt lat="-6.643053" lon="106.797764">
        <ele>367.9</ele>
        <time>2025-04-09T23:45:56.000Z</time>
      </trkpt>
      <trkpt lat="-6.643055" lon="106.797771">
        <ele>367.9</ele>
        <time>2025-04-09T23:45:57.000Z</time>
      </trkpt>
      <trkpt lat="-6.643056" lon="106.79778">
        <ele>367.9</ele>
        <time>2025-04-09T23:45:58.000Z</time>
      </trkpt>
      <trkpt lat="-6.643058" lon="106.797789">
        <ele>367.9</ele>
        <time>2025-04-09T23:45:59.000Z</time>
      </trkpt>
      <trkpt lat="-6.643062" lon="106.797803">
        <ele>367</ele>
        <time>2025-04-09T23:46:00.000Z</time>
      </trkpt>
      <trkpt lat="-6.643064" lon="106.797809">
        <ele>367</ele>
        <time>2025-04-09T23:46:01.000Z</time>
      </trkpt>
      <trkpt lat="-6.643065" lon="106.797814">
        <ele>367</ele>
        <time>2025-04-09T23:46:02.000Z</time>
      </trkpt>
      <trkpt lat="-6.643067" lon="106.79782">
        <ele>367</ele>
        <time>2025-04-09T23:46:03.000Z</time>
      </trkpt>
      <trkpt lat="-6.643069" lon="106.797825">
        <ele>367</ele>
        <time>2025-04-09T23:46:04.000Z</time>
      </trkpt>
      <trkpt lat="-6.643079" lon="106.797842">
        <ele>366.1</ele>
        <time>2025-04-09T23:46:05.000Z</time>
      </trkpt>
      <trkpt lat="-6.643083" lon="106.79785">
        <ele>366.8</ele>
        <time>2025-04-09T23:46:06.000Z</time>
      </trkpt>
      <trkpt lat="-6.643088" lon="106.797857">
        <ele>366.8</ele>
        <time>2025-04-09T23:46:07.000Z</time>
      </trkpt>
      <trkpt lat="-6.643099" lon="106.797864">
        <ele>366.8</ele>
        <time>2025-04-09T23:46:08.000Z</time>
      </trkpt>
      <trkpt lat="-6.64311" lon="106.79787">
        <ele>366.8</ele>
        <time>2025-04-09T23:46:09.000Z</time>
      </trkpt>
      <trkpt lat="-6.643119" lon="106.797876">
        <ele>366.8</ele>
        <time>2025-04-09T23:46:10.000Z</time>
      </trkpt>
      <trkpt lat="-6.643136" lon="106.797889">
        <ele>366.2</ele>
        <time>2025-04-09T23:46:11.000Z</time>
      </trkpt>
      <trkpt lat="-6.643143" lon="106.797895">
        <ele>366.2</ele>
        <time>2025-04-09T23:46:12.000Z</time>
      </trkpt>
      <trkpt lat="-6.643151" lon="106.797901">
        <ele>366.2</ele>
        <time>2025-04-09T23:46:13.000Z</time>
      </trkpt>
      <trkpt lat="-6.643159" lon="106.797906">
        <ele>366.2</ele>
        <time>2025-04-09T23:46:14.000Z</time>
      </trkpt>
      <trkpt lat="-6.643164" lon="106.797907">
        <ele>366.2</ele>
        <time>2025-04-09T23:46:15.000Z</time>
      </trkpt>
      <trkpt lat="-6.64317" lon="106.797909">
        <ele>366.8</ele>
        <time>2025-04-09T23:46:16.000Z</time>
      </trkpt>
      <trkpt lat="-6.643178" lon="106.797914">
        <ele>366.8</ele>
        <time>2025-04-09T23:46:17.000Z</time>
      </trkpt>
      <trkpt lat="-6.643188" lon="106.797917">
        <ele>366.8</ele>
        <time>2025-04-09T23:46:18.000Z</time>
      </trkpt>
      <trkpt lat="-6.643197" lon="106.797922">
        <ele>366.8</ele>
        <time>2025-04-09T23:46:19.000Z</time>
      </trkpt>
      <trkpt lat="-6.643207" lon="106.797928">
        <ele>365.2</ele>
        <time>2025-04-09T23:46:20.000Z</time>
      </trkpt>
      <trkpt lat="-6.643219" lon="106.797932">
        <ele>365.9</ele>
        <time>2025-04-09T23:46:21.000Z</time>
      </trkpt>
      <trkpt lat="-6.643226" lon="106.797933">
        <ele>365.9</ele>
        <time>2025-04-09T23:46:22.000Z</time>
      </trkpt>
      <trkpt lat="-6.643232" lon="106.797935">
        <ele>365.9</ele>
        <time>2025-04-09T23:46:23.000Z</time>
      </trkpt>
      <trkpt lat="-6.643239" lon="106.797936">
        <ele>365.9</ele>
        <time>2025-04-09T23:46:24.000Z</time>
      </trkpt>
      <trkpt lat="-6.643245" lon="106.797938">
        <ele>365.9</ele>
        <time>2025-04-09T23:46:25.000Z</time>
      </trkpt>
      <trkpt lat="-6.643265" lon="106.797943">
        <ele>366.6</ele>
        <time>2025-04-09T23:46:26.000Z</time>
      </trkpt>
      <trkpt lat="-6.64328" lon="106.797945">
        <ele>366.6</ele>
        <time>2025-04-09T23:46:27.000Z</time>
      </trkpt>
      <trkpt lat="-6.643292" lon="106.797949">
        <ele>366.6</ele>
        <time>2025-04-09T23:46:28.000Z</time>
      </trkpt>
      <trkpt lat="-6.643302" lon="106.797954">
        <ele>367.2</ele>
        <time>2025-04-09T23:46:29.000Z</time>
      </trkpt>
      <trkpt lat="-6.643309" lon="106.79796">
        <ele>367.2</ele>
        <time>2025-04-09T23:46:30.000Z</time>
      </trkpt>
      <trkpt lat="-6.643315" lon="106.797967">
        <ele>365.8</ele>
        <time>2025-04-09T23:46:31.000Z</time>
      </trkpt>
      <trkpt lat="-6.643319" lon="106.797973">
        <ele>365.8</ele>
        <time>2025-04-09T23:46:32.000Z</time>
      </trkpt>
      <trkpt lat="-6.643322" lon="106.797978">
        <ele>365.8</ele>
        <time>2025-04-09T23:46:33.000Z</time>
      </trkpt>
      <trkpt lat="-6.643326" lon="106.797984">
        <ele>365.8</ele>
        <time>2025-04-09T23:46:34.000Z</time>
      </trkpt>
      <trkpt lat="-6.64333" lon="106.79799">
        <ele>365.8</ele>
        <time>2025-04-09T23:46:35.000Z</time>
      </trkpt>
      <trkpt lat="-6.643334" lon="106.797995">
        <ele>365.8</ele>
        <time>2025-04-09T23:46:36.000Z</time>
      </trkpt>
      <trkpt lat="-6.643339" lon="106.797999">
        <ele>366.5</ele>
        <time>2025-04-09T23:46:37.000Z</time>
      </trkpt>
      <trkpt lat="-6.643344" lon="106.798003">
        <ele>366.5</ele>
        <time>2025-04-09T23:46:38.000Z</time>
      </trkpt>
      <trkpt lat="-6.643351" lon="106.798003">
        <ele>366.5</ele>
        <time>2025-04-09T23:46:39.000Z</time>
      </trkpt>
      <trkpt lat="-6.643359" lon="106.798006">
        <ele>366.5</ele>
        <time>2025-04-09T23:46:40.000Z</time>
      </trkpt>
      <trkpt lat="-6.643368" lon="106.798004">
        <ele>366.5</ele>
        <time>2025-04-09T23:46:41.000Z</time>
      </trkpt>
      <trkpt lat="-6.643378" lon="106.798004">
        <ele>366.5</ele>
        <time>2025-04-09T23:46:42.000Z</time>
      </trkpt>
      <trkpt lat="-6.643384" lon="106.798001">
        <ele>367.1</ele>
        <time>2025-04-09T23:46:43.000Z</time>
      </trkpt>
      <trkpt lat="-6.643387" lon="106.798">
        <ele>367.1</ele>
        <time>2025-04-09T23:46:44.000Z</time>
      </trkpt>
      <trkpt lat="-6.643392" lon="106.798001">
        <ele>367.1</ele>
        <time>2025-04-09T23:46:45.000Z</time>
      </trkpt>
      <trkpt lat="-6.643397" lon="106.798004">
        <ele>367.1</ele>
        <time>2025-04-09T23:46:46.000Z</time>
      </trkpt>
      <trkpt lat="-6.643401" lon="106.798011">
        <ele>366.1</ele>
        <time>2025-04-09T23:46:47.000Z</time>
      </trkpt>
      <trkpt lat="-6.643408" lon="106.798017">
        <ele>366.1</ele>
        <time>2025-04-09T23:46:48.000Z</time>
      </trkpt>
      <trkpt lat="-6.643413" lon="106.798022">
        <ele>366.1</ele>
        <time>2025-04-09T23:46:49.000Z</time>
      </trkpt>
      <trkpt lat="-6.64342" lon="106.798028">
        <ele>366.1</ele>
        <time>2025-04-09T23:46:50.000Z</time>
      </trkpt>
      <trkpt lat="-6.643426" lon="106.798031">
        <ele>366.6</ele>
        <time>2025-04-09T23:46:51.000Z</time>
      </trkpt>
      <trkpt lat="-6.643435" lon="106.798037">
        <ele>366.6</ele>
        <time>2025-04-09T23:46:52.000Z</time>
      </trkpt>
      <trkpt lat="-6.643441" lon="106.798045">
        <ele>366.6</ele>
        <time>2025-04-09T23:46:53.000Z</time>
      </trkpt>
      <trkpt lat="-6.643445" lon="106.798053">
        <ele>365.8</ele>
        <time>2025-04-09T23:46:54.000Z</time>
      </trkpt>
      <trkpt lat="-6.643453" lon="106.798059">
        <ele>365.8</ele>
        <time>2025-04-09T23:46:55.000Z</time>
      </trkpt>
      <trkpt lat="-6.64346" lon="106.798063">
        <ele>365.8</ele>
        <time>2025-04-09T23:46:56.000Z</time>
      </trkpt>
      <trkpt lat="-6.643467" lon="106.798069">
        <ele>366.4</ele>
        <time>2025-04-09T23:46:57.000Z</time>
      </trkpt>
      <trkpt lat="-6.643473" lon="106.798073">
        <ele>366.4</ele>
        <time>2025-04-09T23:46:58.000Z</time>
      </trkpt>
      <trkpt lat="-6.643477" lon="106.798072">
        <ele>366.4</ele>
        <time>2025-04-09T23:46:59.000Z</time>
      </trkpt>
      <trkpt lat="-6.643482" lon="106.798073">
        <ele>366.4</ele>
        <time>2025-04-09T23:47:00.000Z</time>
      </trkpt>
      <trkpt lat="-6.643489" lon="106.798075">
        <ele>366.4</ele>
        <time>2025-04-09T23:47:01.000Z</time>
      </trkpt>
      <trkpt lat="-6.643498" lon="106.798075">
        <ele>366.4</ele>
        <time>2025-04-09T23:47:02.000Z</time>
      </trkpt>
      <trkpt lat="-6.643514" lon="106.798076">
        <ele>367</ele>
        <time>2025-04-09T23:47:03.000Z</time>
      </trkpt>
      <trkpt lat="-6.643521" lon="106.798076">
        <ele>367</ele>
        <time>2025-04-09T23:47:04.000Z</time>
      </trkpt>
      <trkpt lat="-6.643528" lon="106.798077">
        <ele>367</ele>
        <time>2025-04-09T23:47:05.000Z</time>
      </trkpt>
      <trkpt lat="-6.643535" lon="106.798077">
        <ele>367</ele>
        <time>2025-04-09T23:47:06.000Z</time>
      </trkpt>
      <trkpt lat="-6.643545" lon="106.798077">
        <ele>367</ele>
        <time>2025-04-09T23:47:07.000Z</time>
      </trkpt>
      <trkpt lat="-6.643552" lon="106.798077">
        <ele>367.7</ele>
        <time>2025-04-09T23:47:08.000Z</time>
      </trkpt>
      <trkpt lat="-6.643558" lon="106.798075">
        <ele>367.7</ele>
        <time>2025-04-09T23:47:09.000Z</time>
      </trkpt>
      <trkpt lat="-6.643565" lon="106.798076">
        <ele>367.7</ele>
        <time>2025-04-09T23:47:10.000Z</time>
      </trkpt>
      <trkpt lat="-6.643572" lon="106.798075">
        <ele>367.7</ele>
        <time>2025-04-09T23:47:11.000Z</time>
      </trkpt>
      <trkpt lat="-6.643579" lon="106.798072">
        <ele>367.7</ele>
        <time>2025-04-09T23:47:12.000Z</time>
      </trkpt>
      <trkpt lat="-6.643582" lon="106.798067">
        <ele>367.7</ele>
        <time>2025-04-09T23:47:13.000Z</time>
      </trkpt>
      <trkpt lat="-6.643588" lon="106.798064">
        <ele>367.7</ele>
        <time>2025-04-09T23:47:14.000Z</time>
      </trkpt>
      <trkpt lat="-6.643594" lon="106.798065">
        <ele>368.6</ele>
        <time>2025-04-09T23:47:15.000Z</time>
      </trkpt>
      <trkpt lat="-6.643602" lon="106.798064">
        <ele>368.6</ele>
        <time>2025-04-09T23:47:16.000Z</time>
      </trkpt>
      <trkpt lat="-6.643607" lon="106.798063">
        <ele>368.6</ele>
        <time>2025-04-09T23:47:17.000Z</time>
      </trkpt>
      <trkpt lat="-6.643615" lon="106.798065">
        <ele>368.6</ele>
        <time>2025-04-09T23:47:18.000Z</time>
      </trkpt>
      <trkpt lat="-6.643621" lon="106.798066">
        <ele>368.6</ele>
        <time>2025-04-09T23:47:19.000Z</time>
      </trkpt>
      <trkpt lat="-6.643622" lon="106.798064">
        <ele>368.6</ele>
        <time>2025-04-09T23:47:20.000Z</time>
      </trkpt>
      <trkpt lat="-6.643625" lon="106.798063">
        <ele>368.6</ele>
        <time>2025-04-09T23:47:21.000Z</time>
      </trkpt>
      <trkpt lat="-6.643627" lon="106.798062">
        <ele>368.6</ele>
        <time>2025-04-09T23:47:22.000Z</time>
      </trkpt>
      <trkpt lat="-6.643629" lon="106.798062">
        <ele>368.6</ele>
        <time>2025-04-09T23:47:23.000Z</time>
      </trkpt>
      <trkpt lat="-6.643633" lon="106.79806">
        <ele>368.6</ele>
        <time>2025-04-09T23:47:24.000Z</time>
      </trkpt>
      <trkpt lat="-6.64364" lon="106.798059">
        <ele>369.5</ele>
        <time>2025-04-09T23:47:25.000Z</time>
      </trkpt>
      <trkpt lat="-6.643644" lon="106.798059">
        <ele>369.5</ele>
        <time>2025-04-09T23:47:26.000Z</time>
      </trkpt>
      <trkpt lat="-6.643646" lon="106.798058">
        <ele>369.5</ele>
        <time>2025-04-09T23:47:27.000Z</time>
      </trkpt>
      <trkpt lat="-6.643647" lon="106.798058">
        <ele>369.5</ele>
        <time>2025-04-09T23:47:28.000Z</time>
      </trkpt>
      <trkpt lat="-6.643647" lon="106.798058">
        <ele>369.5</ele>
        <time>2025-04-09T23:47:29.000Z</time>
      </trkpt>
      <trkpt lat="-6.643647" lon="106.798058">
        <ele>369.5</ele>
        <time>2025-04-09T23:47:30.000Z</time>
      </trkpt>
      <trkpt lat="-6.643647" lon="106.798058">
        <ele>369.5</ele>
        <time>2025-04-09T23:47:31.000Z</time>
      </trkpt>
      <trkpt lat="-6.643647" lon="106.798058">
        <ele>369.5</ele>
        <time>2025-04-09T23:47:32.000Z</time>
      </trkpt>
      <trkpt lat="-6.643647" lon="106.798058">
        <ele>369.5</ele>
        <time>2025-04-09T23:47:33.000Z</time>
      </trkpt>
      <trkpt lat="-6.643647" lon="106.798058">
        <ele>369.5</ele>
        <time>2025-04-09T23:47:34.000Z</time>
      </trkpt>
      <trkpt lat="-6.643647" lon="106.798058">
        <ele>369.5</ele>
        <time>2025-04-09T23:47:35.000Z</time>
      </trkpt>
      <trkpt lat="-6.643646" lon="106.798068">
        <ele>369.5</ele>
        <time>2025-04-09T23:47:36.000Z</time>
      </trkpt>
      <trkpt lat="-6.643651" lon="106.798072">
        <ele>369.5</ele>
        <time>2025-04-09T23:47:37.000Z</time>
      </trkpt>
      <trkpt lat="-6.643653" lon="106.798077">
        <ele>369.5</ele>
        <time>2025-04-09T23:47:38.000Z</time>
      </trkpt>
      <trkpt lat="-6.643651" lon="106.798081">
        <ele>369.5</ele>
        <time>2025-04-09T23:47:39.000Z</time>
      </trkpt>
      <trkpt lat="-6.643653" lon="106.79809">
        <ele>369.5</ele>
        <time>2025-04-09T23:47:40.000Z</time>
      </trkpt>
      <trkpt lat="-6.643654" lon="106.798098">
        <ele>369.4</ele>
        <time>2025-04-09T23:47:41.000Z</time>
      </trkpt>
      <trkpt lat="-6.643654" lon="106.798105">
        <ele>369.4</ele>
        <time>2025-04-09T23:47:42.000Z</time>
      </trkpt>
      <trkpt lat="-6.643654" lon="106.798115">
        <ele>369.4</ele>
        <time>2025-04-09T23:47:43.000Z</time>
      </trkpt>
      <trkpt lat="-6.643652" lon="106.798125">
        <ele>369.4</ele>
        <time>2025-04-09T23:47:44.000Z</time>
      </trkpt>
      <trkpt lat="-6.643648" lon="106.798131">
        <ele>369.4</ele>
        <time>2025-04-09T23:47:45.000Z</time>
      </trkpt>
      <trkpt lat="-6.643643" lon="106.798139">
        <ele>369.3</ele>
        <time>2025-04-09T23:47:46.000Z</time>
      </trkpt>
      <trkpt lat="-6.643637" lon="106.798146">
        <ele>369.3</ele>
        <time>2025-04-09T23:47:47.000Z</time>
      </trkpt>
      <trkpt lat="-6.643635" lon="106.798154">
        <ele>368</ele>
        <time>2025-04-09T23:47:48.000Z</time>
      </trkpt>
      <trkpt lat="-6.643631" lon="106.798161">
        <ele>368</ele>
        <time>2025-04-09T23:47:49.000Z</time>
      </trkpt>
      <trkpt lat="-6.643627" lon="106.798165">
        <ele>368</ele>
        <time>2025-04-09T23:47:50.000Z</time>
      </trkpt>
      <trkpt lat="-6.643624" lon="106.79818">
        <ele>368</ele>
        <time>2025-04-09T23:47:51.000Z</time>
      </trkpt>
      <trkpt lat="-6.643623" lon="106.798189">
        <ele>367.6</ele>
        <time>2025-04-09T23:47:52.000Z</time>
      </trkpt>
      <trkpt lat="-6.643622" lon="106.798197">
        <ele>367.6</ele>
        <time>2025-04-09T23:47:53.000Z</time>
      </trkpt>
      <trkpt lat="-6.643621" lon="106.798205">
        <ele>367.6</ele>
        <time>2025-04-09T23:47:54.000Z</time>
      </trkpt>
      <trkpt lat="-6.64362" lon="106.798215">
        <ele>367.6</ele>
        <time>2025-04-09T23:47:55.000Z</time>
      </trkpt>
      <trkpt lat="-6.643618" lon="106.798225">
        <ele>367.1</ele>
        <time>2025-04-09T23:47:56.000Z</time>
      </trkpt>
      <trkpt lat="-6.643619" lon="106.798237">
        <ele>367.1</ele>
        <time>2025-04-09T23:47:57.000Z</time>
      </trkpt>
      <trkpt lat="-6.64362" lon="106.798245">
        <ele>367.1</ele>
        <time>2025-04-09T23:47:58.000Z</time>
      </trkpt>
      <trkpt lat="-6.643623" lon="106.798255">
        <ele>367.1</ele>
        <time>2025-04-09T23:47:59.000Z</time>
      </trkpt>
      <trkpt lat="-6.643624" lon="106.798265">
        <ele>367.1</ele>
        <time>2025-04-09T23:48:00.000Z</time>
      </trkpt>
      <trkpt lat="-6.643628" lon="106.798273">
        <ele>366.6</ele>
        <time>2025-04-09T23:48:01.000Z</time>
      </trkpt>
      <trkpt lat="-6.643634" lon="106.798281">
        <ele>366.6</ele>
        <time>2025-04-09T23:48:02.000Z</time>
      </trkpt>
      <trkpt lat="-6.64364" lon="106.798289">
        <ele>367.9</ele>
        <time>2025-04-09T23:48:03.000Z</time>
      </trkpt>
      <trkpt lat="-6.643645" lon="106.798298">
        <ele>367.9</ele>
        <time>2025-04-09T23:48:04.000Z</time>
      </trkpt>
      <trkpt lat="-6.64365" lon="106.798308">
        <ele>367.9</ele>
        <time>2025-04-09T23:48:05.000Z</time>
      </trkpt>
      <trkpt lat="-6.643653" lon="106.798317">
        <ele>367.3</ele>
        <time>2025-04-09T23:48:06.000Z</time>
      </trkpt>
      <trkpt lat="-6.643657" lon="106.79832">
        <ele>367.3</ele>
        <time>2025-04-09T23:48:07.000Z</time>
      </trkpt>
      <trkpt lat="-6.643659" lon="106.798323">
        <ele>367.3</ele>
        <time>2025-04-09T23:48:08.000Z</time>
      </trkpt>
      <trkpt lat="-6.643663" lon="106.798325">
        <ele>367.3</ele>
        <time>2025-04-09T23:48:09.000Z</time>
      </trkpt>
      <trkpt lat="-6.643659" lon="106.798324">
        <ele>367.3</ele>
        <time>2025-04-09T23:48:10.000Z</time>
      </trkpt>
      <trkpt lat="-6.643656" lon="106.798328">
        <ele>367.3</ele>
        <time>2025-04-09T23:48:11.000Z</time>
      </trkpt>
      <trkpt lat="-6.643662" lon="106.798335">
        <ele>367.3</ele>
        <time>2025-04-09T23:48:12.000Z</time>
      </trkpt>
      <trkpt lat="-6.643666" lon="106.798338">
        <ele>367.3</ele>
        <time>2025-04-09T23:48:13.000Z</time>
      </trkpt>
      <trkpt lat="-6.64367" lon="106.79834">
        <ele>367.3</ele>
        <time>2025-04-09T23:48:14.000Z</time>
      </trkpt>
      <trkpt lat="-6.643673" lon="106.798339">
        <ele>367.3</ele>
        <time>2025-04-09T23:48:15.000Z</time>
      </trkpt>
      <trkpt lat="-6.643674" lon="106.798338">
        <ele>367.3</ele>
        <time>2025-04-09T23:48:16.000Z</time>
      </trkpt>
      <trkpt lat="-6.643675" lon="106.798336">
        <ele>367.3</ele>
        <time>2025-04-09T23:48:17.000Z</time>
      </trkpt>
      <trkpt lat="-6.643677" lon="106.798333">
        <ele>367.3</ele>
        <time>2025-04-09T23:48:18.000Z</time>
      </trkpt>
      <trkpt lat="-6.643679" lon="106.798331">
        <ele>368.7</ele>
        <time>2025-04-09T23:48:19.000Z</time>
      </trkpt>
      <trkpt lat="-6.643681" lon="106.798332">
        <ele>368.7</ele>
        <time>2025-04-09T23:48:20.000Z</time>
      </trkpt>
      <trkpt lat="-6.643682" lon="106.798344">
        <ele>368.7</ele>
        <time>2025-04-09T23:48:21.000Z</time>
      </trkpt>
      <trkpt lat="-6.643687" lon="106.798354">
        <ele>367.9</ele>
        <time>2025-04-09T23:48:22.000Z</time>
      </trkpt>
      <trkpt lat="-6.643693" lon="106.798366">
        <ele>367.9</ele>
        <time>2025-04-09T23:48:23.000Z</time>
      </trkpt>
      <trkpt lat="-6.643703" lon="106.798382">
        <ele>367.9</ele>
        <time>2025-04-09T23:48:24.000Z</time>
      </trkpt>
      <trkpt lat="-6.643706" lon="106.798392">
        <ele>367.9</ele>
        <time>2025-04-09T23:48:25.000Z</time>
      </trkpt>
      <trkpt lat="-6.64371" lon="106.798401">
        <ele>367.1</ele>
        <time>2025-04-09T23:48:26.000Z</time>
      </trkpt>
      <trkpt lat="-6.64371" lon="106.798416">
        <ele>367.1</ele>
        <time>2025-04-09T23:48:27.000Z</time>
      </trkpt>
      <trkpt lat="-6.643711" lon="106.798428">
        <ele>367.1</ele>
        <time>2025-04-09T23:48:28.000Z</time>
      </trkpt>
      <trkpt lat="-6.643711" lon="106.798434">
        <ele>367.1</ele>
        <time>2025-04-09T23:48:29.000Z</time>
      </trkpt>
      <trkpt lat="-6.643713" lon="106.798438">
        <ele>367.1</ele>
        <time>2025-04-09T23:48:30.000Z</time>
      </trkpt>
      <trkpt lat="-6.64371" lon="106.798446">
        <ele>366.4</ele>
        <time>2025-04-09T23:48:31.000Z</time>
      </trkpt>
      <trkpt lat="-6.643709" lon="106.798456">
        <ele>366.4</ele>
        <time>2025-04-09T23:48:32.000Z</time>
      </trkpt>
      <trkpt lat="-6.643707" lon="106.798465">
        <ele>366.4</ele>
        <time>2025-04-09T23:48:33.000Z</time>
      </trkpt>
      <trkpt lat="-6.643707" lon="106.798468">
        <ele>366.4</ele>
        <time>2025-04-09T23:48:34.000Z</time>
      </trkpt>
      <trkpt lat="-6.643705" lon="106.798474">
        <ele>366.4</ele>
        <time>2025-04-09T23:48:35.000Z</time>
      </trkpt>
      <trkpt lat="-6.643706" lon="106.798479">
        <ele>366.4</ele>
        <time>2025-04-09T23:48:36.000Z</time>
      </trkpt>
      <trkpt lat="-6.643709" lon="106.79848">
        <ele>366.4</ele>
        <time>2025-04-09T23:48:37.000Z</time>
      </trkpt>
      <trkpt lat="-6.64371" lon="106.798483">
        <ele>365.7</ele>
        <time>2025-04-09T23:48:38.000Z</time>
      </trkpt>
      <trkpt lat="-6.643711" lon="106.798484">
        <ele>365.7</ele>
        <time>2025-04-09T23:48:39.000Z</time>
      </trkpt>
      <trkpt lat="-6.643709" lon="106.798486">
        <ele>365.7</ele>
        <time>2025-04-09T23:48:40.000Z</time>
      </trkpt>
      <trkpt lat="-6.643709" lon="106.798491">
        <ele>365.7</ele>
        <time>2025-04-09T23:48:41.000Z</time>
      </trkpt>
      <trkpt lat="-6.64371" lon="106.798497">
        <ele>365.7</ele>
        <time>2025-04-09T23:48:42.000Z</time>
      </trkpt>
      <trkpt lat="-6.643711" lon="106.798502">
        <ele>365.7</ele>
        <time>2025-04-09T23:48:43.000Z</time>
      </trkpt>
      <trkpt lat="-6.643712" lon="106.798503">
        <ele>365.7</ele>
        <time>2025-04-09T23:48:44.000Z</time>
      </trkpt>
      <trkpt lat="-6.643716" lon="106.798517">
        <ele>365.7</ele>
        <time>2025-04-09T23:48:45.000Z</time>
      </trkpt>
      <trkpt lat="-6.643723" lon="106.798532">
        <ele>366.3</ele>
        <time>2025-04-09T23:48:46.000Z</time>
      </trkpt>
      <trkpt lat="-6.643726" lon="106.798549">
        <ele>366.3</ele>
        <time>2025-04-09T23:48:47.000Z</time>
      </trkpt>
      <trkpt lat="-6.643723" lon="106.798578">
        <ele>365.8</ele>
        <time>2025-04-09T23:48:48.000Z</time>
      </trkpt>
      <trkpt lat="-6.643722" lon="106.798586">
        <ele>365.8</ele>
        <time>2025-04-09T23:48:49.000Z</time>
      </trkpt>
      <trkpt lat="-6.64372" lon="106.798599">
        <ele>364.7</ele>
        <time>2025-04-09T23:48:50.000Z</time>
      </trkpt>
      <trkpt lat="-6.643717" lon="106.798606">
        <ele>364.7</ele>
        <time>2025-04-09T23:48:51.000Z</time>
      </trkpt>
      <trkpt lat="-6.643712" lon="106.798613">
        <ele>364.2</ele>
        <time>2025-04-09T23:48:52.000Z</time>
      </trkpt>
      <trkpt lat="-6.643708" lon="106.798625">
        <ele>364.2</ele>
        <time>2025-04-09T23:48:53.000Z</time>
      </trkpt>
      <trkpt lat="-6.643702" lon="106.798633">
        <ele>364.2</ele>
        <time>2025-04-09T23:48:54.000Z</time>
      </trkpt>
      <trkpt lat="-6.6437" lon="106.798644">
        <ele>364.2</ele>
        <time>2025-04-09T23:48:55.000Z</time>
      </trkpt>
      <trkpt lat="-6.643698" lon="106.798652">
        <ele>364.2</ele>
        <time>2025-04-09T23:48:56.000Z</time>
      </trkpt>
      <trkpt lat="-6.643695" lon="106.798662">
        <ele>363.7</ele>
        <time>2025-04-09T23:48:57.000Z</time>
      </trkpt>
      <trkpt lat="-6.643688" lon="106.798674">
        <ele>363.7</ele>
        <time>2025-04-09T23:48:58.000Z</time>
      </trkpt>
      <trkpt lat="-6.643684" lon="106.798683">
        <ele>363.7</ele>
        <time>2025-04-09T23:48:59.000Z</time>
      </trkpt>
      <trkpt lat="-6.643684" lon="106.798693">
        <ele>363.7</ele>
        <time>2025-04-09T23:49:00.000Z</time>
      </trkpt>
      <trkpt lat="-6.643687" lon="106.798701">
        <ele>363.1</ele>
        <time>2025-04-09T23:49:01.000Z</time>
      </trkpt>
      <trkpt lat="-6.643688" lon="106.79871">
        <ele>363.1</ele>
        <time>2025-04-09T23:49:02.000Z</time>
      </trkpt>
      <trkpt lat="-6.64369" lon="106.798719">
        <ele>363.1</ele>
        <time>2025-04-09T23:49:03.000Z</time>
      </trkpt>
      <trkpt lat="-6.64369" lon="106.79873">
        <ele>363.1</ele>
        <time>2025-04-09T23:49:04.000Z</time>
      </trkpt>
      <trkpt lat="-6.643691" lon="106.798737">
        <ele>363.1</ele>
        <time>2025-04-09T23:49:05.000Z</time>
      </trkpt>
      <trkpt lat="-6.643691" lon="106.798749">
        <ele>362.5</ele>
        <time>2025-04-09T23:49:06.000Z</time>
      </trkpt>
      <trkpt lat="-6.643689" lon="106.798761">
        <ele>362.5</ele>
        <time>2025-04-09T23:49:07.000Z</time>
      </trkpt>
      <trkpt lat="-6.643682" lon="106.79878">
        <ele>362.5</ele>
        <time>2025-04-09T23:49:08.000Z</time>
      </trkpt>
      <trkpt lat="-6.643677" lon="106.798787">
        <ele>360.9</ele>
        <time>2025-04-09T23:49:09.000Z</time>
      </trkpt>
      <trkpt lat="-6.643673" lon="106.798795">
        <ele>360.9</ele>
        <time>2025-04-09T23:49:10.000Z</time>
      </trkpt>
      <trkpt lat="-6.643664" lon="106.798806">
        <ele>360.9</ele>
        <time>2025-04-09T23:49:11.000Z</time>
      </trkpt>
      <trkpt lat="-6.643657" lon="106.798819">
        <ele>360.9</ele>
        <time>2025-04-09T23:49:12.000Z</time>
      </trkpt>
      <trkpt lat="-6.643651" lon="106.798835">
        <ele>360.5</ele>
        <time>2025-04-09T23:49:13.000Z</time>
      </trkpt>
      <trkpt lat="-6.643643" lon="106.798848">
        <ele>360.5</ele>
        <time>2025-04-09T23:49:14.000Z</time>
      </trkpt>
      <trkpt lat="-6.643634" lon="106.798858">
        <ele>359.5</ele>
        <time>2025-04-09T23:49:15.000Z</time>
      </trkpt>
      <trkpt lat="-6.643624" lon="106.798864">
        <ele>359.5</ele>
        <time>2025-04-09T23:49:16.000Z</time>
      </trkpt>
      <trkpt lat="-6.643616" lon="106.798869">
        <ele>359.3</ele>
        <time>2025-04-09T23:49:17.000Z</time>
      </trkpt>
      <trkpt lat="-6.643609" lon="106.798876">
        <ele>359.3</ele>
        <time>2025-04-09T23:49:18.000Z</time>
      </trkpt>
      <trkpt lat="-6.643607" lon="106.798883">
        <ele>359.3</ele>
        <time>2025-04-09T23:49:19.000Z</time>
      </trkpt>
      <trkpt lat="-6.643604" lon="106.798892">
        <ele>359.3</ele>
        <time>2025-04-09T23:49:20.000Z</time>
      </trkpt>
      <trkpt lat="-6.643603" lon="106.798901">
        <ele>359.3</ele>
        <time>2025-04-09T23:49:21.000Z</time>
      </trkpt>
      <trkpt lat="-6.643601" lon="106.798907">
        <ele>359.3</ele>
        <time>2025-04-09T23:49:22.000Z</time>
      </trkpt>
      <trkpt lat="-6.643596" lon="106.798915">
        <ele>359.3</ele>
        <time>2025-04-09T23:49:23.000Z</time>
      </trkpt>
      <trkpt lat="-6.643592" lon="106.798922">
        <ele>358.4</ele>
        <time>2025-04-09T23:49:24.000Z</time>
      </trkpt>
      <trkpt lat="-6.643589" lon="106.798929">
        <ele>358.4</ele>
        <time>2025-04-09T23:49:25.000Z</time>
      </trkpt>
      <trkpt lat="-6.643584" lon="106.798937">
        <ele>358.4</ele>
        <time>2025-04-09T23:49:26.000Z</time>
      </trkpt>
      <trkpt lat="-6.643578" lon="106.798947">
        <ele>358.4</ele>
        <time>2025-04-09T23:49:27.000Z</time>
      </trkpt>
      <trkpt lat="-6.643573" lon="106.798958">
        <ele>358.4</ele>
        <time>2025-04-09T23:49:28.000Z</time>
      </trkpt>
      <trkpt lat="-6.643569" lon="106.798968">
        <ele>358.5</ele>
        <time>2025-04-09T23:49:29.000Z</time>
      </trkpt>
      <trkpt lat="-6.643567" lon="106.798979">
        <ele>358.5</ele>
        <time>2025-04-09T23:49:30.000Z</time>
      </trkpt>
      <trkpt lat="-6.643562" lon="106.79899">
        <ele>358.5</ele>
        <time>2025-04-09T23:49:31.000Z</time>
      </trkpt>
      <trkpt lat="-6.643558" lon="106.799001">
        <ele>358.6</ele>
        <time>2025-04-09T23:49:32.000Z</time>
      </trkpt>
      <trkpt lat="-6.643554" lon="106.799011">
        <ele>358.6</ele>
        <time>2025-04-09T23:49:33.000Z</time>
      </trkpt>
      <trkpt lat="-6.64355" lon="106.799023">
        <ele>357.6</ele>
        <time>2025-04-09T23:49:34.000Z</time>
      </trkpt>
      <trkpt lat="-6.64355" lon="106.799043">
        <ele>357.7</ele>
        <time>2025-04-09T23:49:35.000Z</time>
      </trkpt>
      <trkpt lat="-6.643551" lon="106.799053">
        <ele>358.6</ele>
        <time>2025-04-09T23:49:36.000Z</time>
      </trkpt>
      <trkpt lat="-6.643552" lon="106.799062">
        <ele>358.6</ele>
        <time>2025-04-09T23:49:37.000Z</time>
      </trkpt>
      <trkpt lat="-6.643552" lon="106.799071">
        <ele>358.6</ele>
        <time>2025-04-09T23:49:38.000Z</time>
      </trkpt>
      <trkpt lat="-6.643555" lon="106.799077">
        <ele>358.6</ele>
        <time>2025-04-09T23:49:39.000Z</time>
      </trkpt>
      <trkpt lat="-6.643556" lon="106.799082">
        <ele>358.6</ele>
        <time>2025-04-09T23:49:40.000Z</time>
      </trkpt>
      <trkpt lat="-6.643558" lon="106.799085">
        <ele>358.6</ele>
        <time>2025-04-09T23:49:41.000Z</time>
      </trkpt>
      <trkpt lat="-6.643562" lon="106.799085">
        <ele>358.6</ele>
        <time>2025-04-09T23:49:42.000Z</time>
      </trkpt>
      <trkpt lat="-6.643564" lon="106.799085">
        <ele>358.6</ele>
        <time>2025-04-09T23:49:43.000Z</time>
      </trkpt>
      <trkpt lat="-6.643568" lon="106.799087">
        <ele>358.6</ele>
        <time>2025-04-09T23:49:44.000Z</time>
      </trkpt>
      <trkpt lat="-6.643575" lon="106.799094">
        <ele>358.6</ele>
        <time>2025-04-09T23:49:45.000Z</time>
      </trkpt>
      <trkpt lat="-6.643578" lon="106.799098">
        <ele>358.6</ele>
        <time>2025-04-09T23:49:46.000Z</time>
      </trkpt>
      <trkpt lat="-6.643581" lon="106.799101">
        <ele>358.6</ele>
        <time>2025-04-09T23:49:47.000Z</time>
      </trkpt>
      <trkpt lat="-6.643583" lon="106.799105">
        <ele>358.6</ele>
        <time>2025-04-09T23:49:48.000Z</time>
      </trkpt>
      <trkpt lat="-6.643586" lon="106.799108">
        <ele>358.6</ele>
        <time>2025-04-09T23:49:49.000Z</time>
      </trkpt>
      <trkpt lat="-6.643589" lon="106.799112">
        <ele>358.6</ele>
        <time>2025-04-09T23:49:50.000Z</time>
      </trkpt>
      <trkpt lat="-6.643592" lon="106.799115">
        <ele>358.6</ele>
        <time>2025-04-09T23:49:51.000Z</time>
      </trkpt>
      <trkpt lat="-6.643609" lon="106.79913">
        <ele>359.4</ele>
        <time>2025-04-09T23:49:52.000Z</time>
      </trkpt>
      <trkpt lat="-6.643617" lon="106.799138">
        <ele>359.4</ele>
        <time>2025-04-09T23:49:53.000Z</time>
      </trkpt>
      <trkpt lat="-6.643624" lon="106.799145">
        <ele>359.4</ele>
        <time>2025-04-09T23:49:54.000Z</time>
      </trkpt>
      <trkpt lat="-6.643638" lon="106.799154">
        <ele>360.1</ele>
        <time>2025-04-09T23:49:55.000Z</time>
      </trkpt>
      <trkpt lat="-6.643649" lon="106.799163">
        <ele>360.1</ele>
        <time>2025-04-09T23:49:56.000Z</time>
      </trkpt>
      <trkpt lat="-6.643668" lon="106.799176">
        <ele>359.9</ele>
        <time>2025-04-09T23:49:57.000Z</time>
      </trkpt>
      <trkpt lat="-6.643676" lon="106.799181">
        <ele>359.9</ele>
        <time>2025-04-09T23:49:58.000Z</time>
      </trkpt>
      <trkpt lat="-6.643684" lon="106.799186">
        <ele>360.7</ele>
        <time>2025-04-09T23:49:59.000Z</time>
      </trkpt>
      <trkpt lat="-6.643698" lon="106.799191">
        <ele>360.7</ele>
        <time>2025-04-09T23:50:00.000Z</time>
      </trkpt>
      <trkpt lat="-6.643712" lon="106.799195">
        <ele>360.7</ele>
        <time>2025-04-09T23:50:01.000Z</time>
      </trkpt>
      <trkpt lat="-6.643726" lon="106.799201">
        <ele>361.7</ele>
        <time>2025-04-09T23:50:02.000Z</time>
      </trkpt>
      <trkpt lat="-6.643737" lon="106.799207">
        <ele>361.7</ele>
        <time>2025-04-09T23:50:03.000Z</time>
      </trkpt>
      <trkpt lat="-6.643751" lon="106.799223">
        <ele>361.4</ele>
        <time>2025-04-09T23:50:04.000Z</time>
      </trkpt>
      <trkpt lat="-6.643757" lon="106.799229">
        <ele>361.4</ele>
        <time>2025-04-09T23:50:05.000Z</time>
      </trkpt>
      <trkpt lat="-6.643763" lon="106.799236">
        <ele>361.5</ele>
        <time>2025-04-09T23:50:06.000Z</time>
      </trkpt>
      <trkpt lat="-6.643781" lon="106.799248">
        <ele>362.4</ele>
        <time>2025-04-09T23:50:07.000Z</time>
      </trkpt>
      <trkpt lat="-6.643789" lon="106.799251">
        <ele>362.4</ele>
        <time>2025-04-09T23:50:08.000Z</time>
      </trkpt>
      <trkpt lat="-6.643796" lon="106.799255">
        <ele>362</ele>
        <time>2025-04-09T23:50:09.000Z</time>
      </trkpt>
      <trkpt lat="-6.643804" lon="106.79926">
        <ele>362</ele>
        <time>2025-04-09T23:50:10.000Z</time>
      </trkpt>
      <trkpt lat="-6.643811" lon="106.79926">
        <ele>362.7</ele>
        <time>2025-04-09T23:50:11.000Z</time>
      </trkpt>
      <trkpt lat="-6.643818" lon="106.79926">
        <ele>362.7</ele>
        <time>2025-04-09T23:50:12.000Z</time>
      </trkpt>
      <trkpt lat="-6.643826" lon="106.799259">
        <ele>362.7</ele>
        <time>2025-04-09T23:50:13.000Z</time>
      </trkpt>
      <trkpt lat="-6.643833" lon="106.799258">
        <ele>362.7</ele>
        <time>2025-04-09T23:50:14.000Z</time>
      </trkpt>
      <trkpt lat="-6.643841" lon="106.799261">
        <ele>362.7</ele>
        <time>2025-04-09T23:50:15.000Z</time>
      </trkpt>
      <trkpt lat="-6.643849" lon="106.799265">
        <ele>363.3</ele>
        <time>2025-04-09T23:50:16.000Z</time>
      </trkpt>
      <trkpt lat="-6.643851" lon="106.799268">
        <ele>363.3</ele>
        <time>2025-04-09T23:50:17.000Z</time>
      </trkpt>
      <trkpt lat="-6.643852" lon="106.799273">
        <ele>363.3</ele>
        <time>2025-04-09T23:50:18.000Z</time>
      </trkpt>
      <trkpt lat="-6.643853" lon="106.799275">
        <ele>363.3</ele>
        <time>2025-04-09T23:50:19.000Z</time>
      </trkpt>
      <trkpt lat="-6.643855" lon="106.799275">
        <ele>363.3</ele>
        <time>2025-04-09T23:50:20.000Z</time>
      </trkpt>
      <trkpt lat="-6.64386" lon="106.799277">
        <ele>363.3</ele>
        <time>2025-04-09T23:50:21.000Z</time>
      </trkpt>
      <trkpt lat="-6.643865" lon="106.799282">
        <ele>363.3</ele>
        <time>2025-04-09T23:50:22.000Z</time>
      </trkpt>
      <trkpt lat="-6.643872" lon="106.799291">
        <ele>363.3</ele>
        <time>2025-04-09T23:50:23.000Z</time>
      </trkpt>
      <trkpt lat="-6.643889" lon="106.799305">
        <ele>362.2</ele>
        <time>2025-04-09T23:50:24.000Z</time>
      </trkpt>
      <trkpt lat="-6.643896" lon="106.799309">
        <ele>362.4</ele>
        <time>2025-04-09T23:50:25.000Z</time>
      </trkpt>
      <trkpt lat="-6.643903" lon="106.799314">
        <ele>362.4</ele>
        <time>2025-04-09T23:50:26.000Z</time>
      </trkpt>
      <trkpt lat="-6.643912" lon="106.799316">
        <ele>362.4</ele>
        <time>2025-04-09T23:50:27.000Z</time>
      </trkpt>
      <trkpt lat="-6.643918" lon="106.799319">
        <ele>362.4</ele>
        <time>2025-04-09T23:50:28.000Z</time>
      </trkpt>
      <trkpt lat="-6.643928" lon="106.799321">
        <ele>362.4</ele>
        <time>2025-04-09T23:50:29.000Z</time>
      </trkpt>
      <trkpt lat="-6.643938" lon="106.799321">
        <ele>362.5</ele>
        <time>2025-04-09T23:50:30.000Z</time>
      </trkpt>
      <trkpt lat="-6.643946" lon="106.799324">
        <ele>362.5</ele>
        <time>2025-04-09T23:50:31.000Z</time>
      </trkpt>
      <trkpt lat="-6.643952" lon="106.799329">
        <ele>362.5</ele>
        <time>2025-04-09T23:50:32.000Z</time>
      </trkpt>
      <trkpt lat="-6.643956" lon="106.799333">
        <ele>362.5</ele>
        <time>2025-04-09T23:50:33.000Z</time>
      </trkpt>
      <trkpt lat="-6.643962" lon="106.799342">
        <ele>361.2</ele>
        <time>2025-04-09T23:50:34.000Z</time>
      </trkpt>
      <trkpt lat="-6.643968" lon="106.799351">
        <ele>361.2</ele>
        <time>2025-04-09T23:50:35.000Z</time>
      </trkpt>
      <trkpt lat="-6.643972" lon="106.799361">
        <ele>361.2</ele>
        <time>2025-04-09T23:50:36.000Z</time>
      </trkpt>
      <trkpt lat="-6.643977" lon="106.799371">
        <ele>361.2</ele>
        <time>2025-04-09T23:50:37.000Z</time>
      </trkpt>
      <trkpt lat="-6.643984" lon="106.799379">
        <ele>361.2</ele>
        <time>2025-04-09T23:50:38.000Z</time>
      </trkpt>
      <trkpt lat="-6.643995" lon="106.799387">
        <ele>360</ele>
        <time>2025-04-09T23:50:39.000Z</time>
      </trkpt>
      <trkpt lat="-6.644005" lon="106.799395">
        <ele>360</ele>
        <time>2025-04-09T23:50:40.000Z</time>
      </trkpt>
      <trkpt lat="-6.644011" lon="106.799403">
        <ele>360</ele>
        <time>2025-04-09T23:50:41.000Z</time>
      </trkpt>
      <trkpt lat="-6.644018" lon="106.799414">
        <ele>360</ele>
        <time>2025-04-09T23:50:42.000Z</time>
      </trkpt>
      <trkpt lat="-6.644026" lon="106.799422">
        <ele>360</ele>
        <time>2025-04-09T23:50:43.000Z</time>
      </trkpt>
      <trkpt lat="-6.644031" lon="106.79943">
        <ele>358.9</ele>
        <time>2025-04-09T23:50:44.000Z</time>
      </trkpt>
      <trkpt lat="-6.644035" lon="106.799436">
        <ele>358.9</ele>
        <time>2025-04-09T23:50:45.000Z</time>
      </trkpt>
      <trkpt lat="-6.644039" lon="106.799441">
        <ele>358.9</ele>
        <time>2025-04-09T23:50:46.000Z</time>
      </trkpt>
      <trkpt lat="-6.644043" lon="106.799452">
        <ele>358.9</ele>
        <time>2025-04-09T23:50:47.000Z</time>
      </trkpt>
      <trkpt lat="-6.644046" lon="106.799462">
        <ele>358.9</ele>
        <time>2025-04-09T23:50:48.000Z</time>
      </trkpt>
      <trkpt lat="-6.64405" lon="106.79947">
        <ele>358</ele>
        <time>2025-04-09T23:50:49.000Z</time>
      </trkpt>
      <trkpt lat="-6.644051" lon="106.799476">
        <ele>358</ele>
        <time>2025-04-09T23:50:50.000Z</time>
      </trkpt>
      <trkpt lat="-6.644051" lon="106.799481">
        <ele>358</ele>
        <time>2025-04-09T23:50:51.000Z</time>
      </trkpt>
      <trkpt lat="-6.644056" lon="106.799486">
        <ele>358</ele>
        <time>2025-04-09T23:50:52.000Z</time>
      </trkpt>
      <trkpt lat="-6.64406" lon="106.79949">
        <ele>358</ele>
        <time>2025-04-09T23:50:53.000Z</time>
      </trkpt>
      <trkpt lat="-6.644067" lon="106.799495">
        <ele>358.1</ele>
        <time>2025-04-09T23:50:54.000Z</time>
      </trkpt>
      <trkpt lat="-6.644075" lon="106.799501">
        <ele>358.1</ele>
        <time>2025-04-09T23:50:55.000Z</time>
      </trkpt>
      <trkpt lat="-6.64409" lon="106.799515">
        <ele>357.3</ele>
        <time>2025-04-09T23:50:56.000Z</time>
      </trkpt>
      <trkpt lat="-6.644097" lon="106.79952">
        <ele>357.3</ele>
        <time>2025-04-09T23:50:57.000Z</time>
      </trkpt>
      <trkpt lat="-6.644103" lon="106.799525">
        <ele>357.3</ele>
        <time>2025-04-09T23:50:58.000Z</time>
      </trkpt>
      <trkpt lat="-6.644112" lon="106.79953">
        <ele>357.7</ele>
        <time>2025-04-09T23:50:59.000Z</time>
      </trkpt>
      <trkpt lat="-6.644121" lon="106.799533">
        <ele>357.7</ele>
        <time>2025-04-09T23:51:00.000Z</time>
      </trkpt>
      <trkpt lat="-6.644129" lon="106.799532">
        <ele>357.7</ele>
        <time>2025-04-09T23:51:01.000Z</time>
      </trkpt>
      <trkpt lat="-6.644138" lon="106.799533">
        <ele>357.7</ele>
        <time>2025-04-09T23:51:02.000Z</time>
      </trkpt>
      <trkpt lat="-6.644143" lon="106.799535">
        <ele>357.7</ele>
        <time>2025-04-09T23:51:03.000Z</time>
      </trkpt>
      <trkpt lat="-6.644149" lon="106.799536">
        <ele>358.2</ele>
        <time>2025-04-09T23:51:04.000Z</time>
      </trkpt>
      <trkpt lat="-6.644154" lon="106.799538">
        <ele>358.2</ele>
        <time>2025-04-09T23:51:05.000Z</time>
      </trkpt>
      <trkpt lat="-6.64416" lon="106.799539">
        <ele>358.2</ele>
        <time>2025-04-09T23:51:06.000Z</time>
      </trkpt>
      <trkpt lat="-6.644165" lon="106.799541">
        <ele>358.2</ele>
        <time>2025-04-09T23:51:07.000Z</time>
      </trkpt>
      <trkpt lat="-6.644176" lon="106.799544">
        <ele>358.2</ele>
        <time>2025-04-09T23:51:08.000Z</time>
      </trkpt>
      <trkpt lat="-6.644186" lon="106.799548">
        <ele>358.3</ele>
        <time>2025-04-09T23:51:09.000Z</time>
      </trkpt>
      <trkpt lat="-6.644196" lon="106.799555">
        <ele>358.4</ele>
        <time>2025-04-09T23:51:10.000Z</time>
      </trkpt>
      <trkpt lat="-6.644206" lon="106.799561">
        <ele>358.4</ele>
        <time>2025-04-09T23:51:11.000Z</time>
      </trkpt>
      <trkpt lat="-6.644215" lon="106.799566">
        <ele>358.4</ele>
        <time>2025-04-09T23:51:12.000Z</time>
      </trkpt>
      <trkpt lat="-6.644225" lon="106.799571">
        <ele>358.4</ele>
        <time>2025-04-09T23:51:13.000Z</time>
      </trkpt>
      <trkpt lat="-6.644234" lon="106.799579">
        <ele>359.2</ele>
        <time>2025-04-09T23:51:14.000Z</time>
      </trkpt>
      <trkpt lat="-6.644243" lon="106.799585">
        <ele>359.2</ele>
        <time>2025-04-09T23:51:15.000Z</time>
      </trkpt>
      <trkpt lat="-6.644253" lon="106.799587">
        <ele>359.2</ele>
        <time>2025-04-09T23:51:16.000Z</time>
      </trkpt>
      <trkpt lat="-6.644261" lon="106.799593">
        <ele>359.2</ele>
        <time>2025-04-09T23:51:17.000Z</time>
      </trkpt>
      <trkpt lat="-6.64427" lon="106.799599">
        <ele>358.9</ele>
        <time>2025-04-09T23:51:18.000Z</time>
      </trkpt>
      <trkpt lat="-6.64428" lon="106.799606">
        <ele>359.7</ele>
        <time>2025-04-09T23:51:19.000Z</time>
      </trkpt>
      <trkpt lat="-6.64429" lon="106.799615">
        <ele>359.7</ele>
        <time>2025-04-09T23:51:20.000Z</time>
      </trkpt>
      <trkpt lat="-6.644299" lon="106.799622">
        <ele>359.7</ele>
        <time>2025-04-09T23:51:21.000Z</time>
      </trkpt>
      <trkpt lat="-6.644306" lon="106.799627">
        <ele>359.7</ele>
        <time>2025-04-09T23:51:22.000Z</time>
      </trkpt>
      <trkpt lat="-6.644312" lon="106.799628">
        <ele>359.7</ele>
        <time>2025-04-09T23:51:23.000Z</time>
      </trkpt>
      <trkpt lat="-6.644319" lon="106.799631">
        <ele>360.5</ele>
        <time>2025-04-09T23:51:24.000Z</time>
      </trkpt>
      <trkpt lat="-6.644327" lon="106.799635">
        <ele>360.5</ele>
        <time>2025-04-09T23:51:25.000Z</time>
      </trkpt>
      <trkpt lat="-6.644335" lon="106.799641">
        <ele>360.3</ele>
        <time>2025-04-09T23:51:26.000Z</time>
      </trkpt>
      <trkpt lat="-6.644343" lon="106.799645">
        <ele>360.3</ele>
        <time>2025-04-09T23:51:27.000Z</time>
      </trkpt>
      <trkpt lat="-6.644354" lon="106.799648">
        <ele>360.3</ele>
        <time>2025-04-09T23:51:28.000Z</time>
      </trkpt>
      <trkpt lat="-6.644364" lon="106.799651">
        <ele>361</ele>
        <time>2025-04-09T23:51:29.000Z</time>
      </trkpt>
      <trkpt lat="-6.644374" lon="106.799654">
        <ele>361</ele>
        <time>2025-04-09T23:51:30.000Z</time>
      </trkpt>
      <trkpt lat="-6.644387" lon="106.799658">
        <ele>361</ele>
        <time>2025-04-09T23:51:31.000Z</time>
      </trkpt>
      <trkpt lat="-6.644399" lon="106.799659">
        <ele>361</ele>
        <time>2025-04-09T23:51:32.000Z</time>
      </trkpt>
      <trkpt lat="-6.644412" lon="106.799658">
        <ele>361.6</ele>
        <time>2025-04-09T23:51:33.000Z</time>
      </trkpt>
      <trkpt lat="-6.644422" lon="106.799657">
        <ele>361.6</ele>
        <time>2025-04-09T23:51:34.000Z</time>
      </trkpt>
      <trkpt lat="-6.644433" lon="106.799655">
        <ele>361.6</ele>
        <time>2025-04-09T23:51:35.000Z</time>
      </trkpt>
      <trkpt lat="-6.644444" lon="106.799652">
        <ele>361.6</ele>
        <time>2025-04-09T23:51:36.000Z</time>
      </trkpt>
      <trkpt lat="-6.644456" lon="106.799654">
        <ele>362</ele>
        <time>2025-04-09T23:51:37.000Z</time>
      </trkpt>
      <trkpt lat="-6.644467" lon="106.799656">
        <ele>362</ele>
        <time>2025-04-09T23:51:38.000Z</time>
      </trkpt>
      <trkpt lat="-6.644477" lon="106.799659">
        <ele>362</ele>
        <time>2025-04-09T23:51:39.000Z</time>
      </trkpt>
      <trkpt lat="-6.644485" lon="106.799666">
        <ele>362</ele>
        <time>2025-04-09T23:51:40.000Z</time>
      </trkpt>
      <trkpt lat="-6.644493" lon="106.799669">
        <ele>362.3</ele>
        <time>2025-04-09T23:51:41.000Z</time>
      </trkpt>
      <trkpt lat="-6.644501" lon="106.799669">
        <ele>362.3</ele>
        <time>2025-04-09T23:51:42.000Z</time>
      </trkpt>
      <trkpt lat="-6.644513" lon="106.79967">
        <ele>362.3</ele>
        <time>2025-04-09T23:51:43.000Z</time>
      </trkpt>
      <trkpt lat="-6.644524" lon="106.799672">
        <ele>362.3</ele>
        <time>2025-04-09T23:51:44.000Z</time>
      </trkpt>
      <trkpt lat="-6.644544" lon="106.79968">
        <ele>362.7</ele>
        <time>2025-04-09T23:51:45.000Z</time>
      </trkpt>
      <trkpt lat="-6.644551" lon="106.799683">
        <ele>362.7</ele>
        <time>2025-04-09T23:51:46.000Z</time>
      </trkpt>
      <trkpt lat="-6.644559" lon="106.799687">
        <ele>362</ele>
        <time>2025-04-09T23:51:47.000Z</time>
      </trkpt>
      <trkpt lat="-6.644567" lon="106.799694">
        <ele>362</ele>
        <time>2025-04-09T23:51:48.000Z</time>
      </trkpt>
      <trkpt lat="-6.644575" lon="106.799701">
        <ele>362.3</ele>
        <time>2025-04-09T23:51:49.000Z</time>
      </trkpt>
      <trkpt lat="-6.644584" lon="106.799709">
        <ele>362.3</ele>
        <time>2025-04-09T23:51:50.000Z</time>
      </trkpt>
      <trkpt lat="-6.644592" lon="106.799715">
        <ele>362.3</ele>
        <time>2025-04-09T23:51:51.000Z</time>
      </trkpt>
      <trkpt lat="-6.644602" lon="106.799721">
        <ele>362.3</ele>
        <time>2025-04-09T23:51:52.000Z</time>
      </trkpt>
      <trkpt lat="-6.64461" lon="106.799727">
        <ele>361.8</ele>
        <time>2025-04-09T23:51:53.000Z</time>
      </trkpt>
      <trkpt lat="-6.644625" lon="106.79974">
        <ele>362.2</ele>
        <time>2025-04-09T23:51:54.000Z</time>
      </trkpt>
      <trkpt lat="-6.644632" lon="106.799746">
        <ele>362.2</ele>
        <time>2025-04-09T23:51:55.000Z</time>
      </trkpt>
      <trkpt lat="-6.644638" lon="106.799751">
        <ele>362.2</ele>
        <time>2025-04-09T23:51:56.000Z</time>
      </trkpt>
      <trkpt lat="-6.644649" lon="106.799757">
        <ele>362.2</ele>
        <time>2025-04-09T23:51:57.000Z</time>
      </trkpt>
      <trkpt lat="-6.644658" lon="106.799762">
        <ele>362.2</ele>
        <time>2025-04-09T23:51:58.000Z</time>
      </trkpt>
      <trkpt lat="-6.644666" lon="106.799768">
        <ele>362.7</ele>
        <time>2025-04-09T23:51:59.000Z</time>
      </trkpt>
      <trkpt lat="-6.644673" lon="106.799777">
        <ele>362.3</ele>
        <time>2025-04-09T23:52:00.000Z</time>
      </trkpt>
      <trkpt lat="-6.64468" lon="106.799785">
        <ele>362.3</ele>
        <time>2025-04-09T23:52:01.000Z</time>
      </trkpt>
      <trkpt lat="-6.644688" lon="106.799794">
        <ele>362.3</ele>
        <time>2025-04-09T23:52:02.000Z</time>
      </trkpt>
      <trkpt lat="-6.644702" lon="106.799811">
        <ele>362.8</ele>
        <time>2025-04-09T23:52:03.000Z</time>
      </trkpt>
      <trkpt lat="-6.644707" lon="106.799817">
        <ele>362.4</ele>
        <time>2025-04-09T23:52:04.000Z</time>
      </trkpt>
      <trkpt lat="-6.644713" lon="106.799823">
        <ele>362.4</ele>
        <time>2025-04-09T23:52:05.000Z</time>
      </trkpt>
      <trkpt lat="-6.644719" lon="106.799831">
        <ele>362.4</ele>
        <time>2025-04-09T23:52:06.000Z</time>
      </trkpt>
      <trkpt lat="-6.644727" lon="106.799838">
        <ele>362.4</ele>
        <time>2025-04-09T23:52:07.000Z</time>
      </trkpt>
      <trkpt lat="-6.644734" lon="106.799846">
        <ele>362.4</ele>
        <time>2025-04-09T23:52:08.000Z</time>
      </trkpt>
      <trkpt lat="-6.64474" lon="106.799854">
        <ele>362.4</ele>
        <time>2025-04-09T23:52:09.000Z</time>
      </trkpt>
      <trkpt lat="-6.644748" lon="106.799861">
        <ele>362.4</ele>
        <time>2025-04-09T23:52:10.000Z</time>
      </trkpt>
      <trkpt lat="-6.644754" lon="106.799863">
        <ele>362.4</ele>
        <time>2025-04-09T23:52:11.000Z</time>
      </trkpt>
      <trkpt lat="-6.644754" lon="106.799865">
        <ele>362.4</ele>
        <time>2025-04-09T23:52:12.000Z</time>
      </trkpt>
      <trkpt lat="-6.644755" lon="106.799866">
        <ele>362.4</ele>
        <time>2025-04-09T23:52:13.000Z</time>
      </trkpt>
      <trkpt lat="-6.644757" lon="106.79987">
        <ele>362.4</ele>
        <time>2025-04-09T23:52:14.000Z</time>
      </trkpt>
      <trkpt lat="-6.644763" lon="106.799877">
        <ele>362.4</ele>
        <time>2025-04-09T23:52:15.000Z</time>
      </trkpt>
      <trkpt lat="-6.644771" lon="106.799886">
        <ele>362.4</ele>
        <time>2025-04-09T23:52:16.000Z</time>
      </trkpt>
      <trkpt lat="-6.644779" lon="106.799894">
        <ele>362.4</ele>
        <time>2025-04-09T23:52:17.000Z</time>
      </trkpt>
      <trkpt lat="-6.644787" lon="106.799901">
        <ele>362.2</ele>
        <time>2025-04-09T23:52:18.000Z</time>
      </trkpt>
      <trkpt lat="-6.644795" lon="106.799908">
        <ele>362.2</ele>
        <time>2025-04-09T23:52:19.000Z</time>
      </trkpt>
      <trkpt lat="-6.644803" lon="106.799912">
        <ele>362.2</ele>
        <time>2025-04-09T23:52:20.000Z</time>
      </trkpt>
      <trkpt lat="-6.64481" lon="106.799914">
        <ele>362.2</ele>
        <time>2025-04-09T23:52:21.000Z</time>
      </trkpt>
      <trkpt lat="-6.644818" lon="106.799917">
        <ele>362.2</ele>
        <time>2025-04-09T23:52:22.000Z</time>
      </trkpt>
      <trkpt lat="-6.644825" lon="106.79992">
        <ele>362.3</ele>
        <time>2025-04-09T23:52:23.000Z</time>
      </trkpt>
      <trkpt lat="-6.644832" lon="106.799931">
        <ele>362.8</ele>
        <time>2025-04-09T23:52:24.000Z</time>
      </trkpt>
      <trkpt lat="-6.644835" lon="106.799939">
        <ele>362.8</ele>
        <time>2025-04-09T23:52:25.000Z</time>
      </trkpt>
      <trkpt lat="-6.644837" lon="106.799946">
        <ele>362.3</ele>
        <time>2025-04-09T23:52:26.000Z</time>
      </trkpt>
      <trkpt lat="-6.64484" lon="106.799954">
        <ele>362.3</ele>
        <time>2025-04-09T23:52:27.000Z</time>
      </trkpt>
      <trkpt lat="-6.644847" lon="106.799973">
        <ele>362.3</ele>
        <time>2025-04-09T23:52:28.000Z</time>
      </trkpt>
      <trkpt lat="-6.644851" lon="106.799982">
        <ele>362.3</ele>
        <time>2025-04-09T23:52:29.000Z</time>
      </trkpt>
      <trkpt lat="-6.644854" lon="106.79999">
        <ele>361.9</ele>
        <time>2025-04-09T23:52:30.000Z</time>
      </trkpt>
      <trkpt lat="-6.644859" lon="106.800004">
        <ele>361.9</ele>
        <time>2025-04-09T23:52:31.000Z</time>
      </trkpt>
      <trkpt lat="-6.644863" lon="106.800016">
        <ele>361.9</ele>
        <time>2025-04-09T23:52:32.000Z</time>
      </trkpt>
      <trkpt lat="-6.644866" lon="106.800026">
        <ele>361.9</ele>
        <time>2025-04-09T23:52:33.000Z</time>
      </trkpt>
      <trkpt lat="-6.644869" lon="106.800036">
        <ele>361.4</ele>
        <time>2025-04-09T23:52:34.000Z</time>
      </trkpt>
      <trkpt lat="-6.644872" lon="106.800042">
        <ele>362</ele>
        <time>2025-04-09T23:52:35.000Z</time>
      </trkpt>
      <trkpt lat="-6.644874" lon="106.80005">
        <ele>362</ele>
        <time>2025-04-09T23:52:36.000Z</time>
      </trkpt>
      <trkpt lat="-6.64488" lon="106.80006">
        <ele>362</ele>
        <time>2025-04-09T23:52:37.000Z</time>
      </trkpt>
      <trkpt lat="-6.644887" lon="106.800072">
        <ele>361.3</ele>
        <time>2025-04-09T23:52:38.000Z</time>
      </trkpt>
      <trkpt lat="-6.644895" lon="106.800084">
        <ele>361.3</ele>
        <time>2025-04-09T23:52:39.000Z</time>
      </trkpt>
      <trkpt lat="-6.644898" lon="106.800095">
        <ele>361.3</ele>
        <time>2025-04-09T23:52:40.000Z</time>
      </trkpt>
      <trkpt lat="-6.644904" lon="106.800104">
        <ele>361.3</ele>
        <time>2025-04-09T23:52:41.000Z</time>
      </trkpt>
      <trkpt lat="-6.644908" lon="106.800113">
        <ele>360.3</ele>
        <time>2025-04-09T23:52:42.000Z</time>
      </trkpt>
      <trkpt lat="-6.64491" lon="106.800123">
        <ele>360.3</ele>
        <time>2025-04-09T23:52:43.000Z</time>
      </trkpt>
      <trkpt lat="-6.644916" lon="106.800132">
        <ele>360.7</ele>
        <time>2025-04-09T23:52:44.000Z</time>
      </trkpt>
      <trkpt lat="-6.644921" lon="106.800141">
        <ele>360.7</ele>
        <time>2025-04-09T23:52:45.000Z</time>
      </trkpt>
      <trkpt lat="-6.644925" lon="106.800149">
        <ele>360.7</ele>
        <time>2025-04-09T23:52:46.000Z</time>
      </trkpt>
      <trkpt lat="-6.644929" lon="106.800157">
        <ele>359.6</ele>
        <time>2025-04-09T23:52:47.000Z</time>
      </trkpt>
      <trkpt lat="-6.644932" lon="106.800167">
        <ele>359.6</ele>
        <time>2025-04-09T23:52:48.000Z</time>
      </trkpt>
      <trkpt lat="-6.644936" lon="106.800177">
        <ele>359.6</ele>
        <time>2025-04-09T23:52:49.000Z</time>
      </trkpt>
      <trkpt lat="-6.644941" lon="106.800183">
        <ele>359.6</ele>
        <time>2025-04-09T23:52:50.000Z</time>
      </trkpt>
      <trkpt lat="-6.644945" lon="106.800193">
        <ele>359.6</ele>
        <time>2025-04-09T23:52:51.000Z</time>
      </trkpt>
      <trkpt lat="-6.644952" lon="106.800203">
        <ele>358.5</ele>
        <time>2025-04-09T23:52:52.000Z</time>
      </trkpt>
      <trkpt lat="-6.644957" lon="106.800212">
        <ele>358.9</ele>
        <time>2025-04-09T23:52:53.000Z</time>
      </trkpt>
      <trkpt lat="-6.644963" lon="106.800221">
        <ele>358.9</ele>
        <time>2025-04-09T23:52:54.000Z</time>
      </trkpt>
      <trkpt lat="-6.644967" lon="106.800231">
        <ele>358.9</ele>
        <time>2025-04-09T23:52:55.000Z</time>
      </trkpt>
      <trkpt lat="-6.644974" lon="106.800239">
        <ele>358.9</ele>
        <time>2025-04-09T23:52:56.000Z</time>
      </trkpt>
      <trkpt lat="-6.64498" lon="106.800249">
        <ele>357.8</ele>
        <time>2025-04-09T23:52:57.000Z</time>
      </trkpt>
      <trkpt lat="-6.64499" lon="106.800258">
        <ele>357.8</ele>
        <time>2025-04-09T23:52:58.000Z</time>
      </trkpt>
      <trkpt lat="-6.644999" lon="106.800266">
        <ele>357.8</ele>
        <time>2025-04-09T23:52:59.000Z</time>
      </trkpt>
      <trkpt lat="-6.645007" lon="106.800278">
        <ele>358.3</ele>
        <time>2025-04-09T23:53:00.000Z</time>
      </trkpt>
      <trkpt lat="-6.645014" lon="106.800289">
        <ele>357.1</ele>
        <time>2025-04-09T23:53:01.000Z</time>
      </trkpt>
      <trkpt lat="-6.645026" lon="106.800307">
        <ele>357.1</ele>
        <time>2025-04-09T23:53:02.000Z</time>
      </trkpt>
      <trkpt lat="-6.64503" lon="106.800313">
        <ele>357.1</ele>
        <time>2025-04-09T23:53:03.000Z</time>
      </trkpt>
      <trkpt lat="-6.645035" lon="106.80032">
        <ele>357.1</ele>
        <time>2025-04-09T23:53:04.000Z</time>
      </trkpt>
      <trkpt lat="-6.645038" lon="106.800329">
        <ele>356</ele>
        <time>2025-04-09T23:53:05.000Z</time>
      </trkpt>
      <trkpt lat="-6.645045" lon="106.800339">
        <ele>356.4</ele>
        <time>2025-04-09T23:53:06.000Z</time>
      </trkpt>
      <trkpt lat="-6.645049" lon="106.800348">
        <ele>356.4</ele>
        <time>2025-04-09T23:53:07.000Z</time>
      </trkpt>
      <trkpt lat="-6.645056" lon="106.800358">
        <ele>356.4</ele>
        <time>2025-04-09T23:53:08.000Z</time>
      </trkpt>
      <trkpt lat="-6.645063" lon="106.800367">
        <ele>356.4</ele>
        <time>2025-04-09T23:53:09.000Z</time>
      </trkpt>
      <trkpt lat="-6.645067" lon="106.800375">
        <ele>355.2</ele>
        <time>2025-04-09T23:53:10.000Z</time>
      </trkpt>
      <trkpt lat="-6.645072" lon="106.800384">
        <ele>355.2</ele>
        <time>2025-04-09T23:53:11.000Z</time>
      </trkpt>
      <trkpt lat="-6.645078" lon="106.800388">
        <ele>355.2</ele>
        <time>2025-04-09T23:53:12.000Z</time>
      </trkpt>
      <trkpt lat="-6.645087" lon="106.800392">
        <ele>355.7</ele>
        <time>2025-04-09T23:53:13.000Z</time>
      </trkpt>
      <trkpt lat="-6.645095" lon="106.800397">
        <ele>355.7</ele>
        <time>2025-04-09T23:53:14.000Z</time>
      </trkpt>
      <trkpt lat="-6.645101" lon="106.800402">
        <ele>355.7</ele>
        <time>2025-04-09T23:53:15.000Z</time>
      </trkpt>
      <trkpt lat="-6.64511" lon="106.800408">
        <ele>355.7</ele>
        <time>2025-04-09T23:53:16.000Z</time>
      </trkpt>
      <trkpt lat="-6.645119" lon="106.800416">
        <ele>354.5</ele>
        <time>2025-04-09T23:53:17.000Z</time>
      </trkpt>
      <trkpt lat="-6.645128" lon="106.800421">
        <ele>354.9</ele>
        <time>2025-04-09T23:53:18.000Z</time>
      </trkpt>
      <trkpt lat="-6.645136" lon="106.800427">
        <ele>354.9</ele>
        <time>2025-04-09T23:53:19.000Z</time>
      </trkpt>
      <trkpt lat="-6.645146" lon="106.800432">
        <ele>354.9</ele>
        <time>2025-04-09T23:53:20.000Z</time>
      </trkpt>
      <trkpt lat="-6.645156" lon="106.800436">
        <ele>354.9</ele>
        <time>2025-04-09T23:53:21.000Z</time>
      </trkpt>
      <trkpt lat="-6.645166" lon="106.80044">
        <ele>354.9</ele>
        <time>2025-04-09T23:53:22.000Z</time>
      </trkpt>
      <trkpt lat="-6.645177" lon="106.800443">
        <ele>355.3</ele>
        <time>2025-04-09T23:53:23.000Z</time>
      </trkpt>
      <trkpt lat="-6.645188" lon="106.80045">
        <ele>355.3</ele>
        <time>2025-04-09T23:53:24.000Z</time>
      </trkpt>
      <trkpt lat="-6.645193" lon="106.80046">
        <ele>354</ele>
        <time>2025-04-09T23:53:25.000Z</time>
      </trkpt>
      <trkpt lat="-6.645197" lon="106.800469">
        <ele>354</ele>
        <time>2025-04-09T23:53:26.000Z</time>
      </trkpt>
      <trkpt lat="-6.645201" lon="106.800476">
        <ele>354</ele>
        <time>2025-04-09T23:53:27.000Z</time>
      </trkpt>
      <trkpt lat="-6.645204" lon="106.800482">
        <ele>354</ele>
        <time>2025-04-09T23:53:28.000Z</time>
      </trkpt>
      <trkpt lat="-6.645208" lon="106.800487">
        <ele>354</ele>
        <time>2025-04-09T23:53:29.000Z</time>
      </trkpt>
      <trkpt lat="-6.645211" lon="106.80049">
        <ele>354</ele>
        <time>2025-04-09T23:53:30.000Z</time>
      </trkpt>
      <trkpt lat="-6.645213" lon="106.800493">
        <ele>354.4</ele>
        <time>2025-04-09T23:53:31.000Z</time>
      </trkpt>
      <trkpt lat="-6.645213" lon="106.800494">
        <ele>354.4</ele>
        <time>2025-04-09T23:53:32.000Z</time>
      </trkpt>
      <trkpt lat="-6.645216" lon="106.800494">
        <ele>354.4</ele>
        <time>2025-04-09T23:53:33.000Z</time>
      </trkpt>
      <trkpt lat="-6.645219" lon="106.800494">
        <ele>354.4</ele>
        <time>2025-04-09T23:53:34.000Z</time>
      </trkpt>
      <trkpt lat="-6.645223" lon="106.800497">
        <ele>354.4</ele>
        <time>2025-04-09T23:53:35.000Z</time>
      </trkpt>
      <trkpt lat="-6.645226" lon="106.800503">
        <ele>353.2</ele>
        <time>2025-04-09T23:53:36.000Z</time>
      </trkpt>
      <trkpt lat="-6.645228" lon="106.800513">
        <ele>353.2</ele>
        <time>2025-04-09T23:53:37.000Z</time>
      </trkpt>
      <trkpt lat="-6.64523" lon="106.800522">
        <ele>353.2</ele>
        <time>2025-04-09T23:53:38.000Z</time>
      </trkpt>
      <trkpt lat="-6.645233" lon="106.800528">
        <ele>353.2</ele>
        <time>2025-04-09T23:53:39.000Z</time>
      </trkpt>
      <trkpt lat="-6.645235" lon="106.800528">
        <ele>353.2</ele>
        <time>2025-04-09T23:53:40.000Z</time>
      </trkpt>
      <trkpt lat="-6.645239" lon="106.800526">
        <ele>353.2</ele>
        <time>2025-04-09T23:53:41.000Z</time>
      </trkpt>
      <trkpt lat="-6.645241" lon="106.800524">
        <ele>353.2</ele>
        <time>2025-04-09T23:53:42.000Z</time>
      </trkpt>
      <trkpt lat="-6.645241" lon="106.800523">
        <ele>353.2</ele>
        <time>2025-04-09T23:53:43.000Z</time>
      </trkpt>
      <trkpt lat="-6.645242" lon="106.800524">
        <ele>353.2</ele>
        <time>2025-04-09T23:53:44.000Z</time>
      </trkpt>
      <trkpt lat="-6.645241" lon="106.800525">
        <ele>353.2</ele>
        <time>2025-04-09T23:53:45.000Z</time>
      </trkpt>
      <trkpt lat="-6.64524" lon="106.800525">
        <ele>353.2</ele>
        <time>2025-04-09T23:53:46.000Z</time>
      </trkpt>
      <trkpt lat="-6.64524" lon="106.800525">
        <ele>353.2</ele>
        <time>2025-04-09T23:53:47.000Z</time>
      </trkpt>
      <trkpt lat="-6.64524" lon="106.800525">
        <ele>353.2</ele>
        <time>2025-04-09T23:53:48.000Z</time>
      </trkpt>
      <trkpt lat="-6.64524" lon="106.800525">
        <ele>353.2</ele>
        <time>2025-04-09T23:53:49.000Z</time>
      </trkpt>
      <trkpt lat="-6.64524" lon="106.800525">
        <ele>353.2</ele>
        <time>2025-04-09T23:53:50.000Z</time>
      </trkpt>
      <trkpt lat="-6.64524" lon="106.800525">
        <ele>353.2</ele>
        <time>2025-04-09T23:53:51.000Z</time>
      </trkpt>
      <trkpt lat="-6.645239" lon="106.800542">
        <ele>352.2</ele>
        <time>2025-04-09T23:53:52.000Z</time>
      </trkpt>
      <trkpt lat="-6.645237" lon="106.800553">
        <ele>352.2</ele>
        <time>2025-04-09T23:53:53.000Z</time>
      </trkpt>
      <trkpt lat="-6.645239" lon="106.800561">
        <ele>352.2</ele>
        <time>2025-04-09T23:53:54.000Z</time>
      </trkpt>
      <trkpt lat="-6.645241" lon="106.800567">
        <ele>352.2</ele>
        <time>2025-04-09T23:53:55.000Z</time>
      </trkpt>
      <trkpt lat="-6.645244" lon="106.800573">
        <ele>352.2</ele>
        <time>2025-04-09T23:53:56.000Z</time>
      </trkpt>
      <trkpt lat="-6.645247" lon="106.800577">
        <ele>352.2</ele>
        <time>2025-04-09T23:53:57.000Z</time>
      </trkpt>
      <trkpt lat="-6.645249" lon="106.800579">
        <ele>352.2</ele>
        <time>2025-04-09T23:53:58.000Z</time>
      </trkpt>
      <trkpt lat="-6.64525" lon="106.800582">
        <ele>352.2</ele>
        <time>2025-04-09T23:53:59.000Z</time>
      </trkpt>
      <trkpt lat="-6.645251" lon="106.800588">
        <ele>351.4</ele>
        <time>2025-04-09T23:54:00.000Z</time>
      </trkpt>
      <trkpt lat="-6.645251" lon="106.800595">
        <ele>351.4</ele>
        <time>2025-04-09T23:54:01.000Z</time>
      </trkpt>
      <trkpt lat="-6.645251" lon="106.800602">
        <ele>351.4</ele>
        <time>2025-04-09T23:54:02.000Z</time>
      </trkpt>
      <trkpt lat="-6.645253" lon="106.80061">
        <ele>351.4</ele>
        <time>2025-04-09T23:54:03.000Z</time>
      </trkpt>
      <trkpt lat="-6.645254" lon="106.800625">
        <ele>351.4</ele>
        <time>2025-04-09T23:54:04.000Z</time>
      </trkpt>
      <trkpt lat="-6.645255" lon="106.800633">
        <ele>350.8</ele>
        <time>2025-04-09T23:54:05.000Z</time>
      </trkpt>
      <trkpt lat="-6.645255" lon="106.800642">
        <ele>350.8</ele>
        <time>2025-04-09T23:54:06.000Z</time>
      </trkpt>
      <trkpt lat="-6.645256" lon="106.80065">
        <ele>351.1</ele>
        <time>2025-04-09T23:54:07.000Z</time>
      </trkpt>
      <trkpt lat="-6.645254" lon="106.80066">
        <ele>350.8</ele>
        <time>2025-04-09T23:54:08.000Z</time>
      </trkpt>
      <trkpt lat="-6.645252" lon="106.800669">
        <ele>350.8</ele>
        <time>2025-04-09T23:54:09.000Z</time>
      </trkpt>
      <trkpt lat="-6.645252" lon="106.80068">
        <ele>350.4</ele>
        <time>2025-04-09T23:54:10.000Z</time>
      </trkpt>
      <trkpt lat="-6.645251" lon="106.800691">
        <ele>350.4</ele>
        <time>2025-04-09T23:54:11.000Z</time>
      </trkpt>
      <trkpt lat="-6.64525" lon="106.800701">
        <ele>350.4</ele>
        <time>2025-04-09T23:54:12.000Z</time>
      </trkpt>
      <trkpt lat="-6.645247" lon="106.800712">
        <ele>350.4</ele>
        <time>2025-04-09T23:54:13.000Z</time>
      </trkpt>
      <trkpt lat="-6.645243" lon="106.800722">
        <ele>350</ele>
        <time>2025-04-09T23:54:14.000Z</time>
      </trkpt>
      <trkpt lat="-6.645237" lon="106.80073">
        <ele>350</ele>
        <time>2025-04-09T23:54:15.000Z</time>
      </trkpt>
      <trkpt lat="-6.645231" lon="106.800739">
        <ele>350</ele>
        <time>2025-04-09T23:54:16.000Z</time>
      </trkpt>
      <trkpt lat="-6.645226" lon="106.800749">
        <ele>350</ele>
        <time>2025-04-09T23:54:17.000Z</time>
      </trkpt>
      <trkpt lat="-6.645219" lon="106.800758">
        <ele>349.6</ele>
        <time>2025-04-09T23:54:18.000Z</time>
      </trkpt>
      <trkpt lat="-6.645211" lon="106.800765">
        <ele>349.2</ele>
        <time>2025-04-09T23:54:19.000Z</time>
      </trkpt>
      <trkpt lat="-6.645204" lon="106.800773">
        <ele>349.2</ele>
        <time>2025-04-09T23:54:20.000Z</time>
      </trkpt>
      <trkpt lat="-6.645196" lon="106.800782">
        <ele>349.2</ele>
        <time>2025-04-09T23:54:21.000Z</time>
      </trkpt>
      <trkpt lat="-6.64519" lon="106.80079">
        <ele>349.2</ele>
        <time>2025-04-09T23:54:22.000Z</time>
      </trkpt>
      <trkpt lat="-6.645184" lon="106.800804">
        <ele>348.7</ele>
        <time>2025-04-09T23:54:23.000Z</time>
      </trkpt>
      <trkpt lat="-6.645181" lon="106.800812">
        <ele>348.7</ele>
        <time>2025-04-09T23:54:24.000Z</time>
      </trkpt>
      <trkpt lat="-6.645179" lon="106.800819">
        <ele>348.7</ele>
        <time>2025-04-09T23:54:25.000Z</time>
      </trkpt>
      <trkpt lat="-6.645176" lon="106.800826">
        <ele>348.7</ele>
        <time>2025-04-09T23:54:26.000Z</time>
      </trkpt>
      <trkpt lat="-6.645172" lon="106.800834">
        <ele>348.7</ele>
        <time>2025-04-09T23:54:27.000Z</time>
      </trkpt>
      <trkpt lat="-6.645169" lon="106.800841">
        <ele>348.2</ele>
        <time>2025-04-09T23:54:28.000Z</time>
      </trkpt>
      <trkpt lat="-6.64517" lon="106.800849">
        <ele>347.7</ele>
        <time>2025-04-09T23:54:29.000Z</time>
      </trkpt>
      <trkpt lat="-6.645168" lon="106.800857">
        <ele>347.7</ele>
        <time>2025-04-09T23:54:30.000Z</time>
      </trkpt>
      <trkpt lat="-6.645165" lon="106.800865">
        <ele>347.7</ele>
        <time>2025-04-09T23:54:31.000Z</time>
      </trkpt>
      <trkpt lat="-6.645162" lon="106.800875">
        <ele>347.7</ele>
        <time>2025-04-09T23:54:32.000Z</time>
      </trkpt>
      <trkpt lat="-6.645159" lon="106.800885">
        <ele>347.7</ele>
        <time>2025-04-09T23:54:33.000Z</time>
      </trkpt>
      <trkpt lat="-6.645158" lon="106.800892">
        <ele>347.1</ele>
        <time>2025-04-09T23:54:34.000Z</time>
      </trkpt>
      <trkpt lat="-6.645153" lon="106.800895">
        <ele>347.1</ele>
        <time>2025-04-09T23:54:35.000Z</time>
      </trkpt>
      <trkpt lat="-6.64515" lon="106.800897">
        <ele>347.1</ele>
        <time>2025-04-09T23:54:36.000Z</time>
      </trkpt>
      <trkpt lat="-6.645148" lon="106.8009">
        <ele>347.1</ele>
        <time>2025-04-09T23:54:37.000Z</time>
      </trkpt>
      <trkpt lat="-6.645146" lon="106.800904">
        <ele>347.1</ele>
        <time>2025-04-09T23:54:38.000Z</time>
      </trkpt>
      <trkpt lat="-6.645146" lon="106.800915">
        <ele>347.1</ele>
        <time>2025-04-09T23:54:39.000Z</time>
      </trkpt>
      <trkpt lat="-6.645139" lon="106.800935">
        <ele>346.4</ele>
        <time>2025-04-09T23:54:40.000Z</time>
      </trkpt>
      <trkpt lat="-6.645136" lon="106.800944">
        <ele>346.4</ele>
        <time>2025-04-09T23:54:41.000Z</time>
      </trkpt>
      <trkpt lat="-6.645132" lon="106.800952">
        <ele>346.4</ele>
        <time>2025-04-09T23:54:42.000Z</time>
      </trkpt>
      <trkpt lat="-6.645125" lon="106.800961">
        <ele>345.9</ele>
        <time>2025-04-09T23:54:43.000Z</time>
      </trkpt>
      <trkpt lat="-6.645118" lon="106.800968">
        <ele>345.9</ele>
        <time>2025-04-09T23:54:44.000Z</time>
      </trkpt>
      <trkpt lat="-6.645113" lon="106.800975">
        <ele>345</ele>
        <time>2025-04-09T23:54:45.000Z</time>
      </trkpt>
      <trkpt lat="-6.645107" lon="106.800983">
        <ele>345</ele>
        <time>2025-04-09T23:54:46.000Z</time>
      </trkpt>
      <trkpt lat="-6.645102" lon="106.800991">
        <ele>345</ele>
        <time>2025-04-09T23:54:47.000Z</time>
      </trkpt>
      <trkpt lat="-6.645096" lon="106.800998">
        <ele>345</ele>
        <time>2025-04-09T23:54:48.000Z</time>
      </trkpt>
      <trkpt lat="-6.645091" lon="106.801002">
        <ele>345</ele>
        <time>2025-04-09T23:54:49.000Z</time>
      </trkpt>
      <trkpt lat="-6.645085" lon="106.801006">
        <ele>345</ele>
        <time>2025-04-09T23:54:50.000Z</time>
      </trkpt>
      <trkpt lat="-6.645082" lon="106.801009">
        <ele>344.7</ele>
        <time>2025-04-09T23:54:51.000Z</time>
      </trkpt>
      <trkpt lat="-6.645077" lon="106.801012">
        <ele>344.7</ele>
        <time>2025-04-09T23:54:52.000Z</time>
      </trkpt>
      <trkpt lat="-6.645073" lon="106.801017">
        <ele>343.9</ele>
        <time>2025-04-09T23:54:53.000Z</time>
      </trkpt>
      <trkpt lat="-6.645071" lon="106.801021">
        <ele>343.9</ele>
        <time>2025-04-09T23:54:54.000Z</time>
      </trkpt>
      <trkpt lat="-6.645068" lon="106.801025">
        <ele>343.9</ele>
        <time>2025-04-09T23:54:55.000Z</time>
      </trkpt>
      <trkpt lat="-6.645066" lon="106.801026">
        <ele>343.9</ele>
        <time>2025-04-09T23:54:56.000Z</time>
      </trkpt>
      <trkpt lat="-6.645065" lon="106.801027">
        <ele>343.9</ele>
        <time>2025-04-09T23:54:57.000Z</time>
      </trkpt>
      <trkpt lat="-6.645062" lon="106.801029">
        <ele>343.9</ele>
        <time>2025-04-09T23:54:58.000Z</time>
      </trkpt>
      <trkpt lat="-6.645061" lon="106.801033">
        <ele>343.9</ele>
        <time>2025-04-09T23:54:59.000Z</time>
      </trkpt>
      <trkpt lat="-6.645059" lon="106.801036">
        <ele>343.9</ele>
        <time>2025-04-09T23:55:00.000Z</time>
      </trkpt>
      <trkpt lat="-6.645054" lon="106.80104">
        <ele>343.9</ele>
        <time>2025-04-09T23:55:01.000Z</time>
      </trkpt>
      <trkpt lat="-6.645047" lon="106.801043">
        <ele>343.9</ele>
        <time>2025-04-09T23:55:02.000Z</time>
      </trkpt>
      <trkpt lat="-6.645043" lon="106.801045">
        <ele>343.9</ele>
        <time>2025-04-09T23:55:03.000Z</time>
      </trkpt>
      <trkpt lat="-6.64504" lon="106.801049">
        <ele>343.8</ele>
        <time>2025-04-09T23:55:04.000Z</time>
      </trkpt>
      <trkpt lat="-6.645036" lon="106.801053">
        <ele>343.8</ele>
        <time>2025-04-09T23:55:05.000Z</time>
      </trkpt>
      <trkpt lat="-6.645032" lon="106.801059">
        <ele>343.2</ele>
        <time>2025-04-09T23:55:06.000Z</time>
      </trkpt>
      <trkpt lat="-6.645026" lon="106.801066">
        <ele>343.2</ele>
        <time>2025-04-09T23:55:07.000Z</time>
      </trkpt>
      <trkpt lat="-6.64502" lon="106.801074">
        <ele>343.2</ele>
        <time>2025-04-09T23:55:08.000Z</time>
      </trkpt>
      <trkpt lat="-6.645013" lon="106.80108">
        <ele>343.2</ele>
        <time>2025-04-09T23:55:09.000Z</time>
      </trkpt>
      <trkpt lat="-6.645007" lon="106.801086">
        <ele>343.2</ele>
        <time>2025-04-09T23:55:10.000Z</time>
      </trkpt>
      <trkpt lat="-6.645002" lon="106.801088">
        <ele>343.2</ele>
        <time>2025-04-09T23:55:11.000Z</time>
      </trkpt>
      <trkpt lat="-6.644998" lon="106.801088">
        <ele>343.2</ele>
        <time>2025-04-09T23:55:12.000Z</time>
      </trkpt>
      <trkpt lat="-6.644993" lon="106.801088">
        <ele>343.2</ele>
        <time>2025-04-09T23:55:13.000Z</time>
      </trkpt>
      <trkpt lat="-6.644991" lon="106.801088">
        <ele>343.2</ele>
        <time>2025-04-09T23:55:14.000Z</time>
      </trkpt>
      <trkpt lat="-6.644989" lon="106.801088">
        <ele>343.2</ele>
        <time>2025-04-09T23:55:15.000Z</time>
      </trkpt>
      <trkpt lat="-6.644989" lon="106.801087">
        <ele>343.2</ele>
        <time>2025-04-09T23:55:16.000Z</time>
      </trkpt>
      <trkpt lat="-6.644989" lon="106.801087">
        <ele>343.2</ele>
        <time>2025-04-09T23:55:17.000Z</time>
      </trkpt>
      <trkpt lat="-6.644991" lon="106.801085">
        <ele>343.2</ele>
        <time>2025-04-09T23:55:18.000Z</time>
      </trkpt>
      <trkpt lat="-6.644972" lon="106.801107">
        <ele>342.6</ele>
        <time>2025-04-09T23:55:46.000Z</time>
      </trkpt>
      <trkpt lat="-6.644972" lon="106.801107">
        <ele>342.6</ele>
        <time>2025-04-09T23:55:47.000Z</time>
      </trkpt>
      <trkpt lat="-6.644964" lon="106.801101">
        <ele>342.6</ele>
        <time>2025-04-09T23:55:48.000Z</time>
      </trkpt>
      <trkpt lat="-6.644953" lon="106.8011">
        <ele>342.7</ele>
        <time>2025-04-09T23:55:49.000Z</time>
      </trkpt>
      <trkpt lat="-6.644944" lon="106.8011">
        <ele>342.7</ele>
        <time>2025-04-09T23:55:50.000Z</time>
      </trkpt>
      <trkpt lat="-6.644934" lon="106.801103">
        <ele>342.7</ele>
        <time>2025-04-09T23:55:51.000Z</time>
      </trkpt>
      <trkpt lat="-6.644925" lon="106.801105">
        <ele>342.7</ele>
        <time>2025-04-09T23:55:52.000Z</time>
      </trkpt>
      <trkpt lat="-6.644917" lon="106.801104">
        <ele>342.7</ele>
        <time>2025-04-09T23:55:53.000Z</time>
      </trkpt>
      <trkpt lat="-6.644908" lon="106.801105">
        <ele>342.6</ele>
        <time>2025-04-09T23:55:54.000Z</time>
      </trkpt>
      <trkpt lat="-6.644902" lon="106.801111">
        <ele>342.6</ele>
        <time>2025-04-09T23:55:55.000Z</time>
      </trkpt>
      <trkpt lat="-6.644897" lon="106.801114">
        <ele>342.6</ele>
        <time>2025-04-09T23:55:56.000Z</time>
      </trkpt>
      <trkpt lat="-6.64489" lon="106.80112">
        <ele>342.6</ele>
        <time>2025-04-09T23:55:57.000Z</time>
      </trkpt>
      <trkpt lat="-6.644885" lon="106.801127">
        <ele>342.6</ele>
        <time>2025-04-09T23:55:58.000Z</time>
      </trkpt>
      <trkpt lat="-6.64488" lon="106.801127">
        <ele>342.6</ele>
        <time>2025-04-09T23:55:59.000Z</time>
      </trkpt>
      <trkpt lat="-6.644872" lon="106.801128">
        <ele>342.6</ele>
        <time>2025-04-09T23:56:00.000Z</time>
      </trkpt>
      <trkpt lat="-6.644863" lon="106.801128">
        <ele>342.3</ele>
        <time>2025-04-09T23:56:01.000Z</time>
      </trkpt>
      <trkpt lat="-6.644855" lon="106.801126">
        <ele>342.3</ele>
        <time>2025-04-09T23:56:02.000Z</time>
      </trkpt>
      <trkpt lat="-6.644848" lon="106.801128">
        <ele>342.3</ele>
        <time>2025-04-09T23:56:03.000Z</time>
      </trkpt>
      <trkpt lat="-6.644845" lon="106.801135">
        <ele>342.3</ele>
        <time>2025-04-09T23:56:04.000Z</time>
      </trkpt>
      <trkpt lat="-6.644839" lon="106.801141">
        <ele>342.3</ele>
        <time>2025-04-09T23:56:05.000Z</time>
      </trkpt>
      <trkpt lat="-6.644832" lon="106.801145">
        <ele>341.6</ele>
        <time>2025-04-09T23:56:06.000Z</time>
      </trkpt>
      <trkpt lat="-6.644824" lon="106.801147">
        <ele>341.4</ele>
        <time>2025-04-09T23:56:07.000Z</time>
      </trkpt>
      <trkpt lat="-6.644818" lon="106.801151">
        <ele>341.4</ele>
        <time>2025-04-09T23:56:08.000Z</time>
      </trkpt>
      <trkpt lat="-6.644815" lon="106.801157">
        <ele>341.4</ele>
        <time>2025-04-09T23:56:09.000Z</time>
      </trkpt>
      <trkpt lat="-6.64481" lon="106.801163">
        <ele>341.4</ele>
        <time>2025-04-09T23:56:10.000Z</time>
      </trkpt>
      <trkpt lat="-6.644801" lon="106.801168">
        <ele>341.4</ele>
        <time>2025-04-09T23:56:11.000Z</time>
      </trkpt>
      <trkpt lat="-6.64479" lon="106.801169">
        <ele>341.4</ele>
        <time>2025-04-09T23:56:12.000Z</time>
      </trkpt>
      <trkpt lat="-6.64478" lon="106.801172">
        <ele>341.2</ele>
        <time>2025-04-09T23:56:13.000Z</time>
      </trkpt>
      <trkpt lat="-6.644772" lon="106.801178">
        <ele>341.2</ele>
        <time>2025-04-09T23:56:14.000Z</time>
      </trkpt>
      <trkpt lat="-6.644763" lon="106.801183">
        <ele>341.2</ele>
        <time>2025-04-09T23:56:15.000Z</time>
      </trkpt>
      <trkpt lat="-6.644754" lon="106.801186">
        <ele>340.7</ele>
        <time>2025-04-09T23:56:16.000Z</time>
      </trkpt>
      <trkpt lat="-6.64475" lon="106.801187">
        <ele>340.7</ele>
        <time>2025-04-09T23:56:17.000Z</time>
      </trkpt>
      <trkpt lat="-6.644746" lon="106.801189">
        <ele>340.7</ele>
        <time>2025-04-09T23:56:18.000Z</time>
      </trkpt>
      <trkpt lat="-6.644741" lon="106.801191">
        <ele>340.7</ele>
        <time>2025-04-09T23:56:19.000Z</time>
      </trkpt>
      <trkpt lat="-6.644736" lon="106.801192">
        <ele>340.7</ele>
        <time>2025-04-09T23:56:20.000Z</time>
      </trkpt>
      <trkpt lat="-6.644731" lon="106.801198">
        <ele>340.7</ele>
        <time>2025-04-09T23:56:21.000Z</time>
      </trkpt>
      <trkpt lat="-6.644726" lon="106.801201">
        <ele>340.7</ele>
        <time>2025-04-09T23:56:22.000Z</time>
      </trkpt>
      <trkpt lat="-6.644718" lon="106.801205">
        <ele>340.7</ele>
        <time>2025-04-09T23:56:23.000Z</time>
      </trkpt>
      <trkpt lat="-6.64471" lon="106.801204">
        <ele>340.7</ele>
        <time>2025-04-09T23:56:24.000Z</time>
      </trkpt>
      <trkpt lat="-6.644701" lon="106.801199">
        <ele>340.7</ele>
        <time>2025-04-09T23:56:25.000Z</time>
      </trkpt>
      <trkpt lat="-6.644692" lon="106.801197">
        <ele>340.7</ele>
        <time>2025-04-09T23:56:26.000Z</time>
      </trkpt>
      <trkpt lat="-6.644684" lon="106.801195">
        <ele>340.7</ele>
        <time>2025-04-09T23:56:27.000Z</time>
      </trkpt>
      <trkpt lat="-6.644674" lon="106.801195">
        <ele>340.7</ele>
        <time>2025-04-09T23:56:28.000Z</time>
      </trkpt>
      <trkpt lat="-6.644665" lon="106.801196">
        <ele>340.7</ele>
        <time>2025-04-09T23:56:29.000Z</time>
      </trkpt>
      <trkpt lat="-6.644651" lon="106.801192">
        <ele>340.8</ele>
        <time>2025-04-09T23:56:30.000Z</time>
      </trkpt>
      <trkpt lat="-6.644644" lon="106.80119">
        <ele>340.8</ele>
        <time>2025-04-09T23:56:31.000Z</time>
      </trkpt>
      <trkpt lat="-6.644638" lon="106.801187">
        <ele>340.8</ele>
        <time>2025-04-09T23:56:32.000Z</time>
      </trkpt>
      <trkpt lat="-6.644631" lon="106.801185">
        <ele>341.2</ele>
        <time>2025-04-09T23:56:33.000Z</time>
      </trkpt>
      <trkpt lat="-6.644622" lon="106.801181">
        <ele>341.2</ele>
        <time>2025-04-09T23:56:34.000Z</time>
      </trkpt>
      <trkpt lat="-6.644614" lon="106.801175">
        <ele>341.2</ele>
        <time>2025-04-09T23:56:35.000Z</time>
      </trkpt>
      <trkpt lat="-6.644604" lon="106.80117">
        <ele>341.2</ele>
        <time>2025-04-09T23:56:36.000Z</time>
      </trkpt>
      <trkpt lat="-6.644597" lon="106.801167">
        <ele>341.2</ele>
        <time>2025-04-09T23:56:37.000Z</time>
      </trkpt>
      <trkpt lat="-6.644591" lon="106.801164">
        <ele>341.2</ele>
        <time>2025-04-09T23:56:38.000Z</time>
      </trkpt>
      <trkpt lat="-6.644582" lon="106.801163">
        <ele>341.2</ele>
        <time>2025-04-09T23:56:39.000Z</time>
      </trkpt>
      <trkpt lat="-6.644571" lon="106.801161">
        <ele>341.2</ele>
        <time>2025-04-09T23:56:40.000Z</time>
      </trkpt>
      <trkpt lat="-6.644557" lon="106.801158">
        <ele>341.2</ele>
        <time>2025-04-09T23:56:41.000Z</time>
      </trkpt>
      <trkpt lat="-6.644546" lon="106.801154">
        <ele>341.2</ele>
        <time>2025-04-09T23:56:42.000Z</time>
      </trkpt>
      <trkpt lat="-6.64454" lon="106.801152">
        <ele>341.2</ele>
        <time>2025-04-09T23:56:43.000Z</time>
      </trkpt>
      <trkpt lat="-6.644536" lon="106.801156">
        <ele>341.2</ele>
        <time>2025-04-09T23:56:44.000Z</time>
      </trkpt>
      <trkpt lat="-6.644532" lon="106.801161">
        <ele>341.2</ele>
        <time>2025-04-09T23:56:45.000Z</time>
      </trkpt>
      <trkpt lat="-6.644521" lon="106.801165">
        <ele>341</ele>
        <time>2025-04-09T23:56:46.000Z</time>
      </trkpt>
      <trkpt lat="-6.644511" lon="106.801171">
        <ele>341</ele>
        <time>2025-04-09T23:56:47.000Z</time>
      </trkpt>
      <trkpt lat="-6.644502" lon="106.801178">
        <ele>341</ele>
        <time>2025-04-09T23:56:48.000Z</time>
      </trkpt>
      <trkpt lat="-6.644495" lon="106.801186">
        <ele>340.5</ele>
        <time>2025-04-09T23:56:49.000Z</time>
      </trkpt>
      <trkpt lat="-6.644488" lon="106.801192">
        <ele>340.5</ele>
        <time>2025-04-09T23:56:50.000Z</time>
      </trkpt>
      <trkpt lat="-6.644479" lon="106.801197">
        <ele>340.3</ele>
        <time>2025-04-09T23:56:51.000Z</time>
      </trkpt>
      <trkpt lat="-6.64447" lon="106.801202">
        <ele>340.3</ele>
        <time>2025-04-09T23:56:52.000Z</time>
      </trkpt>
      <trkpt lat="-6.644468" lon="106.801209">
        <ele>340.3</ele>
        <time>2025-04-09T23:56:53.000Z</time>
      </trkpt>
      <trkpt lat="-6.644467" lon="106.801215">
        <ele>340.3</ele>
        <time>2025-04-09T23:56:54.000Z</time>
      </trkpt>
      <trkpt lat="-6.644466" lon="106.801218">
        <ele>340.3</ele>
        <time>2025-04-09T23:56:55.000Z</time>
      </trkpt>
      <trkpt lat="-6.644464" lon="106.801219">
        <ele>340.3</ele>
        <time>2025-04-09T23:56:56.000Z</time>
      </trkpt>
      <trkpt lat="-6.64446" lon="106.801225">
        <ele>340.3</ele>
        <time>2025-04-09T23:56:57.000Z</time>
      </trkpt>
      <trkpt lat="-6.644456" lon="106.801236">
        <ele>339.9</ele>
        <time>2025-04-09T23:56:58.000Z</time>
      </trkpt>
      <trkpt lat="-6.644449" lon="106.801245">
        <ele>339.9</ele>
        <time>2025-04-09T23:56:59.000Z</time>
      </trkpt>
      <trkpt lat="-6.644444" lon="106.801256">
        <ele>339.5</ele>
        <time>2025-04-09T23:57:00.000Z</time>
      </trkpt>
      <trkpt lat="-6.644446" lon="106.801263">
        <ele>339.9</ele>
        <time>2025-04-09T23:57:01.000Z</time>
      </trkpt>
      <trkpt lat="-6.644449" lon="106.801267">
        <ele>339.9</ele>
        <time>2025-04-09T23:57:02.000Z</time>
      </trkpt>
      <trkpt lat="-6.644452" lon="106.801273">
        <ele>339.3</ele>
        <time>2025-04-09T23:57:03.000Z</time>
      </trkpt>
      <trkpt lat="-6.644453" lon="106.801281">
        <ele>339.3</ele>
        <time>2025-04-09T23:57:04.000Z</time>
      </trkpt>
      <trkpt lat="-6.644452" lon="106.801295">
        <ele>339.3</ele>
        <time>2025-04-09T23:57:05.000Z</time>
      </trkpt>
      <trkpt lat="-6.644453" lon="106.801309">
        <ele>339.3</ele>
        <time>2025-04-09T23:57:06.000Z</time>
      </trkpt>
      <trkpt lat="-6.644454" lon="106.801338">
        <ele>338.5</ele>
        <time>2025-04-09T23:57:07.000Z</time>
      </trkpt>
      <trkpt lat="-6.644451" lon="106.801349">
        <ele>338.5</ele>
        <time>2025-04-09T23:57:08.000Z</time>
      </trkpt>
      <trkpt lat="-6.644444" lon="106.801365">
        <ele>337.1</ele>
        <time>2025-04-09T23:57:09.000Z</time>
      </trkpt>
      <trkpt lat="-6.644438" lon="106.801374">
        <ele>337.1</ele>
        <time>2025-04-09T23:57:10.000Z</time>
      </trkpt>
      <trkpt lat="-6.644437" lon="106.801383">
        <ele>337.1</ele>
        <time>2025-04-09T23:57:11.000Z</time>
      </trkpt>
      <trkpt lat="-6.644439" lon="106.80139">
        <ele>337.1</ele>
        <time>2025-04-09T23:57:12.000Z</time>
      </trkpt>
      <trkpt lat="-6.644438" lon="106.801396">
        <ele>337.1</ele>
        <time>2025-04-09T23:57:13.000Z</time>
      </trkpt>
      <trkpt lat="-6.644437" lon="106.801401">
        <ele>336</ele>
        <time>2025-04-09T23:57:14.000Z</time>
      </trkpt>
      <trkpt lat="-6.64444" lon="106.801407">
        <ele>336</ele>
        <time>2025-04-09T23:57:15.000Z</time>
      </trkpt>
      <trkpt lat="-6.644446" lon="106.801411">
        <ele>336.5</ele>
        <time>2025-04-09T23:57:16.000Z</time>
      </trkpt>
      <trkpt lat="-6.644452" lon="106.801415">
        <ele>336.5</ele>
        <time>2025-04-09T23:57:17.000Z</time>
      </trkpt>
      <trkpt lat="-6.644457" lon="106.801419">
        <ele>336.5</ele>
        <time>2025-04-09T23:57:18.000Z</time>
      </trkpt>
      <trkpt lat="-6.644455" lon="106.801426">
        <ele>336.5</ele>
        <time>2025-04-09T23:57:19.000Z</time>
      </trkpt>
      <trkpt lat="-6.64445" lon="106.801435">
        <ele>336.5</ele>
        <time>2025-04-09T23:57:20.000Z</time>
      </trkpt>
      <trkpt lat="-6.644445" lon="106.801445">
        <ele>334.7</ele>
        <time>2025-04-09T23:57:21.000Z</time>
      </trkpt>
      <trkpt lat="-6.644441" lon="106.801453">
        <ele>334.7</ele>
        <time>2025-04-09T23:57:22.000Z</time>
      </trkpt>
      <trkpt lat="-6.644439" lon="106.801463">
        <ele>334.7</ele>
        <time>2025-04-09T23:57:23.000Z</time>
      </trkpt>
      <trkpt lat="-6.644439" lon="106.801474">
        <ele>334.7</ele>
        <time>2025-04-09T23:57:24.000Z</time>
      </trkpt>
      <trkpt lat="-6.644434" lon="106.801486">
        <ele>334.7</ele>
        <time>2025-04-09T23:57:25.000Z</time>
      </trkpt>
      <trkpt lat="-6.644432" lon="106.801498">
        <ele>333.4</ele>
        <time>2025-04-09T23:57:26.000Z</time>
      </trkpt>
      <trkpt lat="-6.644436" lon="106.801518">
        <ele>333.4</ele>
        <time>2025-04-09T23:57:27.000Z</time>
      </trkpt>
      <trkpt lat="-6.64444" lon="106.801527">
        <ele>333.4</ele>
        <time>2025-04-09T23:57:28.000Z</time>
      </trkpt>
      <trkpt lat="-6.644443" lon="106.801536">
        <ele>332.1</ele>
        <time>2025-04-09T23:57:29.000Z</time>
      </trkpt>
      <trkpt lat="-6.644451" lon="106.801548">
        <ele>332.6</ele>
        <time>2025-04-09T23:57:30.000Z</time>
      </trkpt>
      <trkpt lat="-6.644463" lon="106.801557">
        <ele>332.7</ele>
        <time>2025-04-09T23:57:31.000Z</time>
      </trkpt>
      <trkpt lat="-6.644472" lon="106.801567">
        <ele>332.7</ele>
        <time>2025-04-09T23:57:32.000Z</time>
      </trkpt>
      <trkpt lat="-6.644481" lon="106.801572">
        <ele>331.4</ele>
        <time>2025-04-09T23:57:33.000Z</time>
      </trkpt>
      <trkpt lat="-6.644493" lon="106.801574">
        <ele>331.9</ele>
        <time>2025-04-09T23:57:34.000Z</time>
      </trkpt>
      <trkpt lat="-6.644515" lon="106.801575">
        <ele>331.9</ele>
        <time>2025-04-09T23:57:35.000Z</time>
      </trkpt>
      <trkpt lat="-6.644523" lon="106.801575">
        <ele>331.9</ele>
        <time>2025-04-09T23:57:36.000Z</time>
      </trkpt>
      <trkpt lat="-6.644531" lon="106.801575">
        <ele>332.4</ele>
        <time>2025-04-09T23:57:37.000Z</time>
      </trkpt>
      <trkpt lat="-6.64454" lon="106.801575">
        <ele>332.4</ele>
        <time>2025-04-09T23:57:38.000Z</time>
      </trkpt>
      <trkpt lat="-6.644545" lon="106.801573">
        <ele>332.4</ele>
        <time>2025-04-09T23:57:39.000Z</time>
      </trkpt>
      <trkpt lat="-6.644552" lon="106.801571">
        <ele>333.7</ele>
        <time>2025-04-09T23:57:40.000Z</time>
      </trkpt>
      <trkpt lat="-6.644563" lon="106.80157">
        <ele>333.7</ele>
        <time>2025-04-09T23:57:41.000Z</time>
      </trkpt>
      <trkpt lat="-6.644573" lon="106.801572">
        <ele>332.4</ele>
        <time>2025-04-09T23:57:42.000Z</time>
      </trkpt>
      <trkpt lat="-6.644584" lon="106.801577">
        <ele>332.8</ele>
        <time>2025-04-09T23:57:43.000Z</time>
      </trkpt>
      <trkpt lat="-6.644596" lon="106.801579">
        <ele>332.8</ele>
        <time>2025-04-09T23:57:44.000Z</time>
      </trkpt>
      <trkpt lat="-6.644609" lon="106.801581">
        <ele>332.8</ele>
        <time>2025-04-09T23:57:45.000Z</time>
      </trkpt>
      <trkpt lat="-6.644621" lon="106.801581">
        <ele>333.1</ele>
        <time>2025-04-09T23:57:46.000Z</time>
      </trkpt>
      <trkpt lat="-6.644632" lon="106.80158">
        <ele>333.1</ele>
        <time>2025-04-09T23:57:47.000Z</time>
      </trkpt>
      <trkpt lat="-6.644652" lon="106.80158">
        <ele>333.1</ele>
        <time>2025-04-09T23:57:48.000Z</time>
      </trkpt>
      <trkpt lat="-6.64466" lon="106.801581">
        <ele>333.3</ele>
        <time>2025-04-09T23:57:49.000Z</time>
      </trkpt>
      <trkpt lat="-6.644669" lon="106.801582">
        <ele>333.3</ele>
        <time>2025-04-09T23:57:50.000Z</time>
      </trkpt>
      <trkpt lat="-6.64468" lon="106.801583">
        <ele>333.3</ele>
        <time>2025-04-09T23:57:51.000Z</time>
      </trkpt>
      <trkpt lat="-6.644689" lon="106.801587">
        <ele>333.3</ele>
        <time>2025-04-09T23:57:52.000Z</time>
      </trkpt>
      <trkpt lat="-6.644695" lon="106.801591">
        <ele>333.3</ele>
        <time>2025-04-09T23:57:53.000Z</time>
      </trkpt>
      <trkpt lat="-6.644699" lon="106.801592">
        <ele>333.3</ele>
        <time>2025-04-09T23:57:54.000Z</time>
      </trkpt>
      <trkpt lat="-6.644703" lon="106.801591">
        <ele>333.4</ele>
        <time>2025-04-09T23:57:55.000Z</time>
      </trkpt>
      <trkpt lat="-6.644706" lon="106.801586">
        <ele>333.4</ele>
        <time>2025-04-09T23:57:56.000Z</time>
      </trkpt>
      <trkpt lat="-6.644708" lon="106.801582">
        <ele>333.4</ele>
        <time>2025-04-09T23:57:57.000Z</time>
      </trkpt>
      <trkpt lat="-6.644711" lon="106.80158">
        <ele>333.4</ele>
        <time>2025-04-09T23:57:58.000Z</time>
      </trkpt>
      <trkpt lat="-6.644716" lon="106.801581">
        <ele>333.4</ele>
        <time>2025-04-09T23:57:59.000Z</time>
      </trkpt>
      <trkpt lat="-6.64472" lon="106.801585">
        <ele>333.4</ele>
        <time>2025-04-09T23:58:00.000Z</time>
      </trkpt>
      <trkpt lat="-6.644726" lon="106.801589">
        <ele>333.4</ele>
        <time>2025-04-09T23:58:01.000Z</time>
      </trkpt>
      <trkpt lat="-6.644729" lon="106.801591">
        <ele>333.4</ele>
        <time>2025-04-09T23:58:02.000Z</time>
      </trkpt>
      <trkpt lat="-6.644731" lon="106.801592">
        <ele>333.4</ele>
        <time>2025-04-09T23:58:03.000Z</time>
      </trkpt>
      <trkpt lat="-6.644733" lon="106.80159">
        <ele>333.4</ele>
        <time>2025-04-09T23:58:04.000Z</time>
      </trkpt>
      <trkpt lat="-6.644739" lon="106.801591">
        <ele>333.4</ele>
        <time>2025-04-09T23:58:05.000Z</time>
      </trkpt>
      <trkpt lat="-6.644745" lon="106.801594">
        <ele>333.4</ele>
        <time>2025-04-09T23:58:06.000Z</time>
      </trkpt>
      <trkpt lat="-6.644753" lon="106.801601">
        <ele>333.4</ele>
        <time>2025-04-09T23:58:07.000Z</time>
      </trkpt>
      <trkpt lat="-6.64476" lon="106.801603">
        <ele>333.4</ele>
        <time>2025-04-09T23:58:08.000Z</time>
      </trkpt>
      <trkpt lat="-6.644769" lon="106.801607">
        <ele>333.4</ele>
        <time>2025-04-09T23:58:09.000Z</time>
      </trkpt>
      <trkpt lat="-6.644777" lon="106.80161">
        <ele>333.4</ele>
        <time>2025-04-09T23:58:10.000Z</time>
      </trkpt>
      <trkpt lat="-6.644786" lon="106.801613">
        <ele>333.4</ele>
        <time>2025-04-09T23:58:11.000Z</time>
      </trkpt>
      <trkpt lat="-6.644795" lon="106.801616">
        <ele>332.6</ele>
        <time>2025-04-09T23:58:12.000Z</time>
      </trkpt>
      <trkpt lat="-6.644802" lon="106.801617">
        <ele>332.6</ele>
        <time>2025-04-09T23:58:13.000Z</time>
      </trkpt>
      <trkpt lat="-6.644811" lon="106.801618">
        <ele>332.6</ele>
        <time>2025-04-09T23:58:14.000Z</time>
      </trkpt>
      <trkpt lat="-6.644815" lon="106.801621">
        <ele>332.6</ele>
        <time>2025-04-09T23:58:15.000Z</time>
      </trkpt>
      <trkpt lat="-6.644817" lon="106.801624">
        <ele>332.6</ele>
        <time>2025-04-09T23:58:16.000Z</time>
      </trkpt>
      <trkpt lat="-6.644816" lon="106.801623">
        <ele>332.6</ele>
        <time>2025-04-09T23:58:17.000Z</time>
      </trkpt>
      <trkpt lat="-6.644815" lon="106.801622">
        <ele>332.6</ele>
        <time>2025-04-09T23:58:18.000Z</time>
      </trkpt>
      <trkpt lat="-6.644814" lon="106.801622">
        <ele>332.6</ele>
        <time>2025-04-09T23:58:19.000Z</time>
      </trkpt>
      <trkpt lat="-6.644813" lon="106.801612">
        <ele>333.5</ele>
        <time>2025-04-09T23:58:20.000Z</time>
      </trkpt>
      <trkpt lat="-6.644814" lon="106.801613">
        <ele>333.5</ele>
        <time>2025-04-09T23:58:21.000Z</time>
      </trkpt>
      <trkpt lat="-6.644813" lon="106.801614">
        <ele>333.5</ele>
        <time>2025-04-09T23:58:22.000Z</time>
      </trkpt>
      <trkpt lat="-6.644811" lon="106.801613">
        <ele>333.5</ele>
        <time>2025-04-09T23:58:23.000Z</time>
      </trkpt>
      <trkpt lat="-6.64481" lon="106.801611">
        <ele>333.5</ele>
        <time>2025-04-09T23:58:24.000Z</time>
      </trkpt>
      <trkpt lat="-6.644809" lon="106.80161">
        <ele>333.5</ele>
        <time>2025-04-09T23:58:25.000Z</time>
      </trkpt>
      <trkpt lat="-6.644808" lon="106.80161">
        <ele>333.5</ele>
        <time>2025-04-09T23:58:26.000Z</time>
      </trkpt>
      <trkpt lat="-6.644808" lon="106.80161">
        <ele>333.5</ele>
        <time>2025-04-09T23:58:27.000Z</time>
      </trkpt>
      <trkpt lat="-6.644808" lon="106.80161">
        <ele>333.5</ele>
        <time>2025-04-09T23:58:28.000Z</time>
      </trkpt>
      <trkpt lat="-6.644808" lon="106.80161">
        <ele>333.5</ele>
        <time>2025-04-09T23:58:29.000Z</time>
      </trkpt>
      <trkpt lat="-6.644822" lon="106.801614">
        <ele>333.5</ele>
        <time>2025-04-09T23:58:30.000Z</time>
      </trkpt>
      <trkpt lat="-6.644829" lon="106.801613">
        <ele>333.5</ele>
        <time>2025-04-09T23:58:31.000Z</time>
      </trkpt>
      <trkpt lat="-6.644834" lon="106.801614">
        <ele>333.5</ele>
        <time>2025-04-09T23:58:32.000Z</time>
      </trkpt>
      <trkpt lat="-6.644842" lon="106.801615">
        <ele>332.6</ele>
        <time>2025-04-09T23:58:33.000Z</time>
      </trkpt>
      <trkpt lat="-6.644848" lon="106.801616">
        <ele>332.6</ele>
        <time>2025-04-09T23:58:34.000Z</time>
      </trkpt>
      <trkpt lat="-6.644848" lon="106.801617">
        <ele>332.6</ele>
        <time>2025-04-09T23:58:35.000Z</time>
      </trkpt>
      <trkpt lat="-6.644847" lon="106.801618">
        <ele>332.6</ele>
        <time>2025-04-09T23:58:36.000Z</time>
      </trkpt>
      <trkpt lat="-6.644847" lon="106.801617">
        <ele>332.6</ele>
        <time>2025-04-09T23:58:37.000Z</time>
      </trkpt>
      <trkpt lat="-6.644846" lon="106.801617">
        <ele>332.6</ele>
        <time>2025-04-09T23:58:38.000Z</time>
      </trkpt>
      <trkpt lat="-6.644847" lon="106.801617">
        <ele>332.6</ele>
        <time>2025-04-09T23:58:39.000Z</time>
      </trkpt>
      <trkpt lat="-6.644849" lon="106.801618">
        <ele>332.6</ele>
        <time>2025-04-09T23:58:40.000Z</time>
      </trkpt>
      <trkpt lat="-6.64485" lon="106.801618">
        <ele>332.6</ele>
        <time>2025-04-09T23:58:41.000Z</time>
      </trkpt>
      <trkpt lat="-6.644851" lon="106.801616">
        <ele>332.6</ele>
        <time>2025-04-09T23:58:42.000Z</time>
      </trkpt>
      <trkpt lat="-6.644852" lon="106.801614">
        <ele>333.5</ele>
        <time>2025-04-09T23:58:43.000Z</time>
      </trkpt>
      <trkpt lat="-6.644852" lon="106.801614">
        <ele>333.5</ele>
        <time>2025-04-09T23:58:44.000Z</time>
      </trkpt>
      <trkpt lat="-6.644855" lon="106.801617">
        <ele>332.6</ele>
        <time>2025-04-09T23:58:45.000Z</time>
      </trkpt>
      <trkpt lat="-6.644857" lon="106.801619">
        <ele>332.6</ele>
        <time>2025-04-09T23:58:46.000Z</time>
      </trkpt>
      <trkpt lat="-6.644859" lon="106.80162">
        <ele>332.6</ele>
        <time>2025-04-09T23:58:47.000Z</time>
      </trkpt>
      <trkpt lat="-6.644859" lon="106.801621">
        <ele>332.6</ele>
        <time>2025-04-09T23:58:48.000Z</time>
      </trkpt>
      <trkpt lat="-6.64486" lon="106.801619">
        <ele>332.6</ele>
        <time>2025-04-09T23:58:49.000Z</time>
      </trkpt>
      <trkpt lat="-6.644863" lon="106.801621">
        <ele>332.6</ele>
        <time>2025-04-09T23:58:50.000Z</time>
      </trkpt>
      <trkpt lat="-6.644864" lon="106.801621">
        <ele>332.6</ele>
        <time>2025-04-09T23:58:51.000Z</time>
      </trkpt>
      <trkpt lat="-6.644865" lon="106.801622">
        <ele>332.6</ele>
        <time>2025-04-09T23:58:52.000Z</time>
      </trkpt>
      <trkpt lat="-6.644865" lon="106.801622">
        <ele>332.6</ele>
        <time>2025-04-09T23:58:53.000Z</time>
      </trkpt>
      <trkpt lat="-6.644865" lon="106.801622">
        <ele>332.6</ele>
        <time>2025-04-09T23:58:54.000Z</time>
      </trkpt>
      <trkpt lat="-6.644865" lon="106.801622">
        <ele>332.6</ele>
        <time>2025-04-09T23:58:55.000Z</time>
      </trkpt>
      <trkpt lat="-6.644865" lon="106.801622">
        <ele>332.6</ele>
        <time>2025-04-09T23:58:56.000Z</time>
      </trkpt>
      <trkpt lat="-6.644873" lon="106.801637">
        <ele>332.6</ele>
        <time>2025-04-09T23:58:57.000Z</time>
      </trkpt>
      <trkpt lat="-6.644877" lon="106.80165">
        <ele>332.6</ele>
        <time>2025-04-09T23:58:58.000Z</time>
      </trkpt>
      <trkpt lat="-6.644879" lon="106.801653">
        <ele>332.6</ele>
        <time>2025-04-09T23:58:59.000Z</time>
      </trkpt>
      <trkpt lat="-6.64488" lon="106.801655">
        <ele>332.6</ele>
        <time>2025-04-09T23:59:00.000Z</time>
      </trkpt>
      <trkpt lat="-6.644881" lon="106.801658">
        <ele>331.9</ele>
        <time>2025-04-09T23:59:01.000Z</time>
      </trkpt>
      <trkpt lat="-6.644883" lon="106.80166">
        <ele>331.9</ele>
        <time>2025-04-09T23:59:02.000Z</time>
      </trkpt>
      <trkpt lat="-6.644884" lon="106.801662">
        <ele>331.9</ele>
        <time>2025-04-09T23:59:03.000Z</time>
      </trkpt>
      <trkpt lat="-6.644885" lon="106.801665">
        <ele>331.9</ele>
        <time>2025-04-09T23:59:04.000Z</time>
      </trkpt>
      <trkpt lat="-6.644886" lon="106.801667">
        <ele>331.9</ele>
        <time>2025-04-09T23:59:05.000Z</time>
      </trkpt>
      <trkpt lat="-6.644888" lon="106.80167">
        <ele>331.9</ele>
        <time>2025-04-09T23:59:06.000Z</time>
      </trkpt>
      <trkpt lat="-6.644889" lon="106.801672">
        <ele>331.9</ele>
        <time>2025-04-09T23:59:07.000Z</time>
      </trkpt>
      <trkpt lat="-6.64489" lon="106.801681">
        <ele>331.9</ele>
        <time>2025-04-09T23:59:08.000Z</time>
      </trkpt>
      <trkpt lat="-6.644889" lon="106.80169">
        <ele>331.9</ele>
        <time>2025-04-09T23:59:09.000Z</time>
      </trkpt>
      <trkpt lat="-6.644888" lon="106.8017">
        <ele>331.9</ele>
        <time>2025-04-09T23:59:10.000Z</time>
      </trkpt>
      <trkpt lat="-6.64489" lon="106.80171">
        <ele>331.4</ele>
        <time>2025-04-09T23:59:11.000Z</time>
      </trkpt>
      <trkpt lat="-6.644893" lon="106.801718">
        <ele>331.4</ele>
        <time>2025-04-09T23:59:12.000Z</time>
      </trkpt>
      <trkpt lat="-6.644896" lon="106.801724">
        <ele>331.4</ele>
        <time>2025-04-09T23:59:13.000Z</time>
      </trkpt>
      <trkpt lat="-6.644897" lon="106.801729">
        <ele>331.4</ele>
        <time>2025-04-09T23:59:14.000Z</time>
      </trkpt>
      <trkpt lat="-6.644898" lon="106.801732">
        <ele>331.4</ele>
        <time>2025-04-09T23:59:15.000Z</time>
      </trkpt>
      <trkpt lat="-6.6449" lon="106.801736">
        <ele>331.4</ele>
        <time>2025-04-09T23:59:16.000Z</time>
      </trkpt>
      <trkpt lat="-6.644902" lon="106.801742">
        <ele>331.4</ele>
        <time>2025-04-09T23:59:17.000Z</time>
      </trkpt>
      <trkpt lat="-6.644904" lon="106.80175">
        <ele>331.1</ele>
        <time>2025-04-09T23:59:18.000Z</time>
      </trkpt>
      <trkpt lat="-6.644905" lon="106.801759">
        <ele>331.1</ele>
        <time>2025-04-09T23:59:19.000Z</time>
      </trkpt>
      <trkpt lat="-6.644906" lon="106.801766">
        <ele>331.1</ele>
        <time>2025-04-09T23:59:20.000Z</time>
      </trkpt>
      <trkpt lat="-6.644904" lon="106.80177">
        <ele>331.1</ele>
        <time>2025-04-09T23:59:21.000Z</time>
      </trkpt>
      <trkpt lat="-6.644904" lon="106.801775">
        <ele>331.1</ele>
        <time>2025-04-09T23:59:22.000Z</time>
      </trkpt>
      <trkpt lat="-6.644905" lon="106.80178">
        <ele>331.1</ele>
        <time>2025-04-09T23:59:23.000Z</time>
      </trkpt>
      <trkpt lat="-6.644907" lon="106.801787">
        <ele>331.1</ele>
        <time>2025-04-09T23:59:24.000Z</time>
      </trkpt>
      <trkpt lat="-6.644907" lon="106.801796">
        <ele>331.1</ele>
        <time>2025-04-09T23:59:25.000Z</time>
      </trkpt>
      <trkpt lat="-6.644908" lon="106.801806">
        <ele>331.1</ele>
        <time>2025-04-09T23:59:26.000Z</time>
      </trkpt>
      <trkpt lat="-6.64491" lon="106.801817">
        <ele>331.1</ele>
        <time>2025-04-09T23:59:27.000Z</time>
      </trkpt>
      <trkpt lat="-6.644916" lon="106.801826">
        <ele>331.3</ele>
        <time>2025-04-09T23:59:28.000Z</time>
      </trkpt>
      <trkpt lat="-6.644919" lon="106.801833">
        <ele>331.5</ele>
        <time>2025-04-09T23:59:29.000Z</time>
      </trkpt>
      <trkpt lat="-6.644924" lon="106.801838">
        <ele>331.5</ele>
        <time>2025-04-09T23:59:30.000Z</time>
      </trkpt>
      <trkpt lat="-6.644929" lon="106.801844">
        <ele>331.5</ele>
        <time>2025-04-09T23:59:31.000Z</time>
      </trkpt>
      <trkpt lat="-6.644933" lon="106.80185">
        <ele>331.5</ele>
        <time>2025-04-09T23:59:32.000Z</time>
      </trkpt>
      <trkpt lat="-6.644934" lon="106.801855">
        <ele>331.5</ele>
        <time>2025-04-09T23:59:33.000Z</time>
      </trkpt>
      <trkpt lat="-6.644934" lon="106.801864">
        <ele>331.5</ele>
        <time>2025-04-09T23:59:34.000Z</time>
      </trkpt>
      <trkpt lat="-6.644935" lon="106.801872">
        <ele>331.5</ele>
        <time>2025-04-09T23:59:35.000Z</time>
      </trkpt>
      <trkpt lat="-6.644935" lon="106.801882">
        <ele>331.8</ele>
        <time>2025-04-09T23:59:36.000Z</time>
      </trkpt>
      <trkpt lat="-6.644935" lon="106.801891">
        <ele>331.8</ele>
        <time>2025-04-09T23:59:37.000Z</time>
      </trkpt>
      <trkpt lat="-6.644936" lon="106.801895">
        <ele>331.8</ele>
        <time>2025-04-09T23:59:38.000Z</time>
      </trkpt>
      <trkpt lat="-6.644938" lon="106.8019">
        <ele>331.8</ele>
        <time>2025-04-09T23:59:39.000Z</time>
      </trkpt>
      <trkpt lat="-6.644938" lon="106.801905">
        <ele>331.8</ele>
        <time>2025-04-09T23:59:40.000Z</time>
      </trkpt>
      <trkpt lat="-6.644938" lon="106.80191">
        <ele>331.8</ele>
        <time>2025-04-09T23:59:41.000Z</time>
      </trkpt>
      <trkpt lat="-6.644939" lon="106.801913">
        <ele>331.8</ele>
        <time>2025-04-09T23:59:42.000Z</time>
      </trkpt>
      <trkpt lat="-6.644938" lon="106.801918">
        <ele>332.2</ele>
        <time>2025-04-09T23:59:43.000Z</time>
      </trkpt>
      <trkpt lat="-6.644934" lon="106.801923">
        <ele>332.2</ele>
        <time>2025-04-09T23:59:44.000Z</time>
      </trkpt>
      <trkpt lat="-6.644931" lon="106.801929">
        <ele>332.2</ele>
        <time>2025-04-09T23:59:45.000Z</time>
      </trkpt>
      <trkpt lat="-6.644929" lon="106.801934">
        <ele>332.2</ele>
        <time>2025-04-09T23:59:46.000Z</time>
      </trkpt>
      <trkpt lat="-6.644931" lon="106.801937">
        <ele>332.2</ele>
        <time>2025-04-09T23:59:47.000Z</time>
      </trkpt>
      <trkpt lat="-6.644934" lon="106.801938">
        <ele>332.2</ele>
        <time>2025-04-09T23:59:48.000Z</time>
      </trkpt>
      <trkpt lat="-6.64494" lon="106.801942">
        <ele>332.2</ele>
        <time>2025-04-09T23:59:49.000Z</time>
      </trkpt>
      <trkpt lat="-6.644942" lon="106.801942">
        <ele>332.2</ele>
        <time>2025-04-09T23:59:50.000Z</time>
      </trkpt>
      <trkpt lat="-6.644945" lon="106.801943">
        <ele>332.2</ele>
        <time>2025-04-09T23:59:51.000Z</time>
      </trkpt>
      <trkpt lat="-6.644945" lon="106.801943">
        <ele>332.2</ele>
        <time>2025-04-09T23:59:52.000Z</time>
      </trkpt>
      <trkpt lat="-6.644944" lon="106.801945">
        <ele>332.2</ele>
        <time>2025-04-09T23:59:53.000Z</time>
      </trkpt>
      <trkpt lat="-6.644944" lon="106.80195">
        <ele>332.2</ele>
        <time>2025-04-09T23:59:54.000Z</time>
      </trkpt>
      <trkpt lat="-6.644941" lon="106.801955">
        <ele>332.2</ele>
        <time>2025-04-09T23:59:55.000Z</time>
      </trkpt>
      <trkpt lat="-6.644939" lon="106.801959">
        <ele>332.4</ele>
        <time>2025-04-09T23:59:56.000Z</time>
      </trkpt>
      <trkpt lat="-6.644936" lon="106.801967">
        <ele>332.4</ele>
        <time>2025-04-09T23:59:57.000Z</time>
      </trkpt>
      <trkpt lat="-6.644934" lon="106.801976">
        <ele>332.4</ele>
        <time>2025-04-09T23:59:58.000Z</time>
      </trkpt>
      <trkpt lat="-6.644933" lon="106.801986">
        <ele>332.4</ele>
        <time>2025-04-09T23:59:59.000Z</time>
      </trkpt>
      <trkpt lat="-6.644933" lon="106.801994">
        <ele>332.4</ele>
        <time>2025-04-10T00:00:00.000Z</time>
      </trkpt>
      <trkpt lat="-6.644933" lon="106.801997">
        <ele>332.4</ele>
        <time>2025-04-10T00:00:01.000Z</time>
      </trkpt>
      <trkpt lat="-6.644933" lon="106.802">
        <ele>332.4</ele>
        <time>2025-04-10T00:00:02.000Z</time>
      </trkpt>
      <trkpt lat="-6.644934" lon="106.802005">
        <ele>332.6</ele>
        <time>2025-04-10T00:00:03.000Z</time>
      </trkpt>
      <trkpt lat="-6.644937" lon="106.802011">
        <ele>332.6</ele>
        <time>2025-04-10T00:00:04.000Z</time>
      </trkpt>
      <trkpt lat="-6.644939" lon="106.802017">
        <ele>332.6</ele>
        <time>2025-04-10T00:00:05.000Z</time>
      </trkpt>
      <trkpt lat="-6.644945" lon="106.802024">
        <ele>332.6</ele>
        <time>2025-04-10T00:00:06.000Z</time>
      </trkpt>
      <trkpt lat="-6.644946" lon="106.802034">
        <ele>332.6</ele>
        <time>2025-04-10T00:00:07.000Z</time>
      </trkpt>
      <trkpt lat="-6.644945" lon="106.802045">
        <ele>332.8</ele>
        <time>2025-04-10T00:00:08.000Z</time>
      </trkpt>
      <trkpt lat="-6.644945" lon="106.802057">
        <ele>332.8</ele>
        <time>2025-04-10T00:00:09.000Z</time>
      </trkpt>
      <trkpt lat="-6.644948" lon="106.802067">
        <ele>332.8</ele>
        <time>2025-04-10T00:00:10.000Z</time>
      </trkpt>
      <trkpt lat="-6.644948" lon="106.802076">
        <ele>332.8</ele>
        <time>2025-04-10T00:00:11.000Z</time>
      </trkpt>
      <trkpt lat="-6.644947" lon="106.802086">
        <ele>332.8</ele>
        <time>2025-04-10T00:00:12.000Z</time>
      </trkpt>
      <trkpt lat="-6.644945" lon="106.802097">
        <ele>333.1</ele>
        <time>2025-04-10T00:00:13.000Z</time>
      </trkpt>
      <trkpt lat="-6.644944" lon="106.802106">
        <ele>333.1</ele>
        <time>2025-04-10T00:00:14.000Z</time>
      </trkpt>
      <trkpt lat="-6.644945" lon="106.802115">
        <ele>333.1</ele>
        <time>2025-04-10T00:00:15.000Z</time>
      </trkpt>
      <trkpt lat="-6.644945" lon="106.802125">
        <ele>333.1</ele>
        <time>2025-04-10T00:00:16.000Z</time>
      </trkpt>
      <trkpt lat="-6.644944" lon="106.802136">
        <ele>333.5</ele>
        <time>2025-04-10T00:00:17.000Z</time>
      </trkpt>
      <trkpt lat="-6.644942" lon="106.802146">
        <ele>333.5</ele>
        <time>2025-04-10T00:00:18.000Z</time>
      </trkpt>
      <trkpt lat="-6.644943" lon="106.802156">
        <ele>333.5</ele>
        <time>2025-04-10T00:00:19.000Z</time>
      </trkpt>
      <trkpt lat="-6.644946" lon="106.802166">
        <ele>333.5</ele>
        <time>2025-04-10T00:00:20.000Z</time>
      </trkpt>
      <trkpt lat="-6.644947" lon="106.802174">
        <ele>334.2</ele>
        <time>2025-04-10T00:00:21.000Z</time>
      </trkpt>
      <trkpt lat="-6.644948" lon="106.80218">
        <ele>334.2</ele>
        <time>2025-04-10T00:00:22.000Z</time>
      </trkpt>
      <trkpt lat="-6.644949" lon="106.802186">
        <ele>334.2</ele>
        <time>2025-04-10T00:00:23.000Z</time>
      </trkpt>
      <trkpt lat="-6.644947" lon="106.802189">
        <ele>334.2</ele>
        <time>2025-04-10T00:00:24.000Z</time>
      </trkpt>
      <trkpt lat="-6.644946" lon="106.802192">
        <ele>334.2</ele>
        <time>2025-04-10T00:00:25.000Z</time>
      </trkpt>
      <trkpt lat="-6.644945" lon="106.802195">
        <ele>334.2</ele>
        <time>2025-04-10T00:00:26.000Z</time>
      </trkpt>
      <trkpt lat="-6.644945" lon="106.802197">
        <ele>334.2</ele>
        <time>2025-04-10T00:00:27.000Z</time>
      </trkpt>
      <trkpt lat="-6.644945" lon="106.802203">
        <ele>334.2</ele>
        <time>2025-04-10T00:00:28.000Z</time>
      </trkpt>
      <trkpt lat="-6.644946" lon="106.802212">
        <ele>334.2</ele>
        <time>2025-04-10T00:00:29.000Z</time>
      </trkpt>
      <trkpt lat="-6.644949" lon="106.802222">
        <ele>334.9</ele>
        <time>2025-04-10T00:00:30.000Z</time>
      </trkpt>
      <trkpt lat="-6.644952" lon="106.802228">
        <ele>334.9</ele>
        <time>2025-04-10T00:00:31.000Z</time>
      </trkpt>
      <trkpt lat="-6.644954" lon="106.802231">
        <ele>334.9</ele>
        <time>2025-04-10T00:00:32.000Z</time>
      </trkpt>
      <trkpt lat="-6.644953" lon="106.802232">
        <ele>334.9</ele>
        <time>2025-04-10T00:00:33.000Z</time>
      </trkpt>
      <trkpt lat="-6.644954" lon="106.802236">
        <ele>334.9</ele>
        <time>2025-04-10T00:00:34.000Z</time>
      </trkpt>
      <trkpt lat="-6.644954" lon="106.802245">
        <ele>334.9</ele>
        <time>2025-04-10T00:00:35.000Z</time>
      </trkpt>
      <trkpt lat="-6.644953" lon="106.802257">
        <ele>334.9</ele>
        <time>2025-04-10T00:00:36.000Z</time>
      </trkpt>
      <trkpt lat="-6.644952" lon="106.802268">
        <ele>335.8</ele>
        <time>2025-04-10T00:00:37.000Z</time>
      </trkpt>
      <trkpt lat="-6.644951" lon="106.802277">
        <ele>335.8</ele>
        <time>2025-04-10T00:00:38.000Z</time>
      </trkpt>
      <trkpt lat="-6.644951" lon="106.802288">
        <ele>335.8</ele>
        <time>2025-04-10T00:00:39.000Z</time>
      </trkpt>
      <trkpt lat="-6.644953" lon="106.8023">
        <ele>335.8</ele>
        <time>2025-04-10T00:00:40.000Z</time>
      </trkpt>
      <trkpt lat="-6.644955" lon="106.802309">
        <ele>336.6</ele>
        <time>2025-04-10T00:00:41.000Z</time>
      </trkpt>
      <trkpt lat="-6.644959" lon="106.802323">
        <ele>336.6</ele>
        <time>2025-04-10T00:00:42.000Z</time>
      </trkpt>
      <trkpt lat="-6.644962" lon="106.802333">
        <ele>336.6</ele>
        <time>2025-04-10T00:00:43.000Z</time>
      </trkpt>
      <trkpt lat="-6.644966" lon="106.802344">
        <ele>336.6</ele>
        <time>2025-04-10T00:00:44.000Z</time>
      </trkpt>
      <trkpt lat="-6.644968" lon="106.802357">
        <ele>337.4</ele>
        <time>2025-04-10T00:00:45.000Z</time>
      </trkpt>
      <trkpt lat="-6.644968" lon="106.80237">
        <ele>337.4</ele>
        <time>2025-04-10T00:00:46.000Z</time>
      </trkpt>
      <trkpt lat="-6.64497" lon="106.802382">
        <ele>337.4</ele>
        <time>2025-04-10T00:00:47.000Z</time>
      </trkpt>
      <trkpt lat="-6.644972" lon="106.802393">
        <ele>338.2</ele>
        <time>2025-04-10T00:00:48.000Z</time>
      </trkpt>
      <trkpt lat="-6.644975" lon="106.802398">
        <ele>338.2</ele>
        <time>2025-04-10T00:00:49.000Z</time>
      </trkpt>
      <trkpt lat="-6.644978" lon="106.802401">
        <ele>338.2</ele>
        <time>2025-04-10T00:00:50.000Z</time>
      </trkpt>
      <trkpt lat="-6.644976" lon="106.802404">
        <ele>338.2</ele>
        <time>2025-04-10T00:00:51.000Z</time>
      </trkpt>
      <trkpt lat="-6.644975" lon="106.802407">
        <ele>338.2</ele>
        <time>2025-04-10T00:00:52.000Z</time>
      </trkpt>
      <trkpt lat="-6.644976" lon="106.802409">
        <ele>338.2</ele>
        <time>2025-04-10T00:00:53.000Z</time>
      </trkpt>
      <trkpt lat="-6.644977" lon="106.802411">
        <ele>338.2</ele>
        <time>2025-04-10T00:00:54.000Z</time>
      </trkpt>
      <trkpt lat="-6.644978" lon="106.802417">
        <ele>338.2</ele>
        <time>2025-04-10T00:00:55.000Z</time>
      </trkpt>
      <trkpt lat="-6.644978" lon="106.802423">
        <ele>338.2</ele>
        <time>2025-04-10T00:00:56.000Z</time>
      </trkpt>
      <trkpt lat="-6.644979" lon="106.802428">
        <ele>338.2</ele>
        <time>2025-04-10T00:00:57.000Z</time>
      </trkpt>
      <trkpt lat="-6.644978" lon="106.802432">
        <ele>338.9</ele>
        <time>2025-04-10T00:00:58.000Z</time>
      </trkpt>
      <trkpt lat="-6.64498" lon="106.802439">
        <ele>338.9</ele>
        <time>2025-04-10T00:00:59.000Z</time>
      </trkpt>
      <trkpt lat="-6.644982" lon="106.802446">
        <ele>338.9</ele>
        <time>2025-04-10T00:01:00.000Z</time>
      </trkpt>
      <trkpt lat="-6.644983" lon="106.802452">
        <ele>338.9</ele>
        <time>2025-04-10T00:01:01.000Z</time>
      </trkpt>
      <trkpt lat="-6.644983" lon="106.80246">
        <ele>338.9</ele>
        <time>2025-04-10T00:01:02.000Z</time>
      </trkpt>
      <trkpt lat="-6.644985" lon="106.80247">
        <ele>338.9</ele>
        <time>2025-04-10T00:01:03.000Z</time>
      </trkpt>
      <trkpt lat="-6.644985" lon="106.802477">
        <ele>339.4</ele>
        <time>2025-04-10T00:01:04.000Z</time>
      </trkpt>
      <trkpt lat="-6.644985" lon="106.802486">
        <ele>339.4</ele>
        <time>2025-04-10T00:01:05.000Z</time>
      </trkpt>
      <trkpt lat="-6.644987" lon="106.802502">
        <ele>339.4</ele>
        <time>2025-04-10T00:01:06.000Z</time>
      </trkpt>
      <trkpt lat="-6.644988" lon="106.802509">
        <ele>339.4</ele>
        <time>2025-04-10T00:01:07.000Z</time>
      </trkpt>
      <trkpt lat="-6.644989" lon="106.802516">
        <ele>339.7</ele>
        <time>2025-04-10T00:01:08.000Z</time>
      </trkpt>
      <trkpt lat="-6.64499" lon="106.802523">
        <ele>339.7</ele>
        <time>2025-04-10T00:01:09.000Z</time>
      </trkpt>
      <trkpt lat="-6.64499" lon="106.802532">
        <ele>339.7</ele>
        <time>2025-04-10T00:01:10.000Z</time>
      </trkpt>
      <trkpt lat="-6.644989" lon="106.802538">
        <ele>339.7</ele>
        <time>2025-04-10T00:01:11.000Z</time>
      </trkpt>
      <trkpt lat="-6.644987" lon="106.802543">
        <ele>339.7</ele>
        <time>2025-04-10T00:01:12.000Z</time>
      </trkpt>
      <trkpt lat="-6.644987" lon="106.802546">
        <ele>339.7</ele>
        <time>2025-04-10T00:01:13.000Z</time>
      </trkpt>
      <trkpt lat="-6.644989" lon="106.802547">
        <ele>339.7</ele>
        <time>2025-04-10T00:01:14.000Z</time>
      </trkpt>
      <trkpt lat="-6.644991" lon="106.802548">
        <ele>339.7</ele>
        <time>2025-04-10T00:01:15.000Z</time>
      </trkpt>
      <trkpt lat="-6.644993" lon="106.802548">
        <ele>339.7</ele>
        <time>2025-04-10T00:01:16.000Z</time>
      </trkpt>
      <trkpt lat="-6.644995" lon="106.802548">
        <ele>339.7</ele>
        <time>2025-04-10T00:01:17.000Z</time>
      </trkpt>
      <trkpt lat="-6.644994" lon="106.802553">
        <ele>339.7</ele>
        <time>2025-04-10T00:01:18.000Z</time>
      </trkpt>
      <trkpt lat="-6.644994" lon="106.802559">
        <ele>339.8</ele>
        <time>2025-04-10T00:01:19.000Z</time>
      </trkpt>
      <trkpt lat="-6.644994" lon="106.802566">
        <ele>339.8</ele>
        <time>2025-04-10T00:01:20.000Z</time>
      </trkpt>
      <trkpt lat="-6.644993" lon="106.802577">
        <ele>339.8</ele>
        <time>2025-04-10T00:01:21.000Z</time>
      </trkpt>
      <trkpt lat="-6.644992" lon="106.802587">
        <ele>339.8</ele>
        <time>2025-04-10T00:01:22.000Z</time>
      </trkpt>
      <trkpt lat="-6.644993" lon="106.802596">
        <ele>339.8</ele>
        <time>2025-04-10T00:01:23.000Z</time>
      </trkpt>
      <trkpt lat="-6.644993" lon="106.802605">
        <ele>339.8</ele>
        <time>2025-04-10T00:01:24.000Z</time>
      </trkpt>
      <trkpt lat="-6.644992" lon="106.802612">
        <ele>339.8</ele>
        <time>2025-04-10T00:01:25.000Z</time>
      </trkpt>
      <trkpt lat="-6.644996" lon="106.802621">
        <ele>339.8</ele>
        <time>2025-04-10T00:01:26.000Z</time>
      </trkpt>
      <trkpt lat="-6.644995" lon="106.802629">
        <ele>339.8</ele>
        <time>2025-04-10T00:01:27.000Z</time>
      </trkpt>
      <trkpt lat="-6.644996" lon="106.802638">
        <ele>339.8</ele>
        <time>2025-04-10T00:01:28.000Z</time>
      </trkpt>
      <trkpt lat="-6.644997" lon="106.802646">
        <ele>339.7</ele>
        <time>2025-04-10T00:01:29.000Z</time>
      </trkpt>
      <trkpt lat="-6.644998" lon="106.802653">
        <ele>339.7</ele>
        <time>2025-04-10T00:01:30.000Z</time>
      </trkpt>
      <trkpt lat="-6.645" lon="106.80266">
        <ele>339.4</ele>
        <time>2025-04-10T00:01:31.000Z</time>
      </trkpt>
      <trkpt lat="-6.645001" lon="106.802666">
        <ele>339.4</ele>
        <time>2025-04-10T00:01:32.000Z</time>
      </trkpt>
      <trkpt lat="-6.645003" lon="106.802673">
        <ele>339.4</ele>
        <time>2025-04-10T00:01:33.000Z</time>
      </trkpt>
      <trkpt lat="-6.645004" lon="106.802675">
        <ele>339.4</ele>
        <time>2025-04-10T00:01:34.000Z</time>
      </trkpt>
      <trkpt lat="-6.645005" lon="106.802678">
        <ele>339.4</ele>
        <time>2025-04-10T00:01:35.000Z</time>
      </trkpt>
      <trkpt lat="-6.645006" lon="106.802683">
        <ele>339.4</ele>
        <time>2025-04-10T00:01:36.000Z</time>
      </trkpt>
      <trkpt lat="-6.645005" lon="106.802687">
        <ele>339.4</ele>
        <time>2025-04-10T00:01:37.000Z</time>
      </trkpt>
      <trkpt lat="-6.645003" lon="106.802691">
        <ele>339.2</ele>
        <time>2025-04-10T00:01:38.000Z</time>
      </trkpt>
      <trkpt lat="-6.644998" lon="106.802693">
        <ele>339.5</ele>
        <time>2025-04-10T00:01:39.000Z</time>
      </trkpt>
      <trkpt lat="-6.644995" lon="106.802691">
        <ele>339.5</ele>
        <time>2025-04-10T00:01:40.000Z</time>
      </trkpt>
      <trkpt lat="-6.644994" lon="106.802689">
        <ele>339.5</ele>
        <time>2025-04-10T00:01:41.000Z</time>
      </trkpt>
      <trkpt lat="-6.644993" lon="106.802685">
        <ele>339.7</ele>
        <time>2025-04-10T00:01:42.000Z</time>
      </trkpt>
      <trkpt lat="-6.644992" lon="106.802683">
        <ele>339.7</ele>
        <time>2025-04-10T00:01:43.000Z</time>
      </trkpt>
      <trkpt lat="-6.644995" lon="106.80268">
        <ele>339.7</ele>
        <time>2025-04-10T00:01:44.000Z</time>
      </trkpt>
      <trkpt lat="-6.644996" lon="106.802679">
        <ele>339.7</ele>
        <time>2025-04-10T00:01:45.000Z</time>
      </trkpt>
      <trkpt lat="-6.644997" lon="106.802678">
        <ele>339.7</ele>
        <time>2025-04-10T00:01:46.000Z</time>
      </trkpt>
      <trkpt lat="-6.644997" lon="106.802678">
        <ele>339.7</ele>
        <time>2025-04-10T00:01:47.000Z</time>
      </trkpt>
      <trkpt lat="-6.645005" lon="106.802699">
        <ele>339.2</ele>
        <time>2025-04-10T00:01:48.000Z</time>
      </trkpt>
      <trkpt lat="-6.645011" lon="106.802713">
        <ele>339.2</ele>
        <time>2025-04-10T00:01:49.000Z</time>
      </trkpt>
      <trkpt lat="-6.645019" lon="106.802728">
        <ele>339.2</ele>
        <time>2025-04-10T00:01:50.000Z</time>
      </trkpt>
      <trkpt lat="-6.645026" lon="106.802738">
        <ele>338.9</ele>
        <time>2025-04-10T00:01:51.000Z</time>
      </trkpt>
      <trkpt lat="-6.645031" lon="106.802747">
        <ele>338.9</ele>
        <time>2025-04-10T00:01:52.000Z</time>
      </trkpt>
      <trkpt lat="-6.645033" lon="106.802754">
        <ele>338.9</ele>
        <time>2025-04-10T00:01:53.000Z</time>
      </trkpt>
      <trkpt lat="-6.645036" lon="106.802759">
        <ele>338.9</ele>
        <time>2025-04-10T00:01:54.000Z</time>
      </trkpt>
      <trkpt lat="-6.64504" lon="106.802761">
        <ele>338.9</ele>
        <time>2025-04-10T00:01:55.000Z</time>
      </trkpt>
      <trkpt lat="-6.645045" lon="106.802764">
        <ele>338.6</ele>
        <time>2025-04-10T00:01:56.000Z</time>
      </trkpt>
      <trkpt lat="-6.645051" lon="106.802771">
        <ele>338.6</ele>
        <time>2025-04-10T00:01:57.000Z</time>
      </trkpt>
      <trkpt lat="-6.645057" lon="106.802778">
        <ele>338.4</ele>
        <time>2025-04-10T00:01:58.000Z</time>
      </trkpt>
      <trkpt lat="-6.645065" lon="106.802785">
        <ele>338.4</ele>
        <time>2025-04-10T00:01:59.000Z</time>
      </trkpt>
      <trkpt lat="-6.645074" lon="106.802794">
        <ele>338.4</ele>
        <time>2025-04-10T00:02:00.000Z</time>
      </trkpt>
      <trkpt lat="-6.645082" lon="106.802803">
        <ele>338.4</ele>
        <time>2025-04-10T00:02:01.000Z</time>
      </trkpt>
      <trkpt lat="-6.645092" lon="106.802809">
        <ele>338.2</ele>
        <time>2025-04-10T00:02:02.000Z</time>
      </trkpt>
      <trkpt lat="-6.645101" lon="106.802813">
        <ele>338.2</ele>
        <time>2025-04-10T00:02:03.000Z</time>
      </trkpt>
      <trkpt lat="-6.645108" lon="106.802815">
        <ele>338.2</ele>
        <time>2025-04-10T00:02:04.000Z</time>
      </trkpt>
      <trkpt lat="-6.645117" lon="106.802817">
        <ele>338</ele>
        <time>2025-04-10T00:02:05.000Z</time>
      </trkpt>
      <trkpt lat="-6.645125" lon="106.802817">
        <ele>338</ele>
        <time>2025-04-10T00:02:06.000Z</time>
      </trkpt>
      <trkpt lat="-6.645133" lon="106.802818">
        <ele>338</ele>
        <time>2025-04-10T00:02:07.000Z</time>
      </trkpt>
      <trkpt lat="-6.645143" lon="106.802816">
        <ele>338.2</ele>
        <time>2025-04-10T00:02:08.000Z</time>
      </trkpt>
      <trkpt lat="-6.645154" lon="106.802815">
        <ele>338.2</ele>
        <time>2025-04-10T00:02:09.000Z</time>
      </trkpt>
      <trkpt lat="-6.645164" lon="106.802814">
        <ele>338.2</ele>
        <time>2025-04-10T00:02:10.000Z</time>
      </trkpt>
      <trkpt lat="-6.645175" lon="106.802813">
        <ele>338.2</ele>
        <time>2025-04-10T00:02:11.000Z</time>
      </trkpt>
      <trkpt lat="-6.645185" lon="106.802812">
        <ele>338.2</ele>
        <time>2025-04-10T00:02:12.000Z</time>
      </trkpt>
      <trkpt lat="-6.645194" lon="106.802814">
        <ele>338.2</ele>
        <time>2025-04-10T00:02:13.000Z</time>
      </trkpt>
      <trkpt lat="-6.645207" lon="106.802817">
        <ele>338</ele>
        <time>2025-04-10T00:02:14.000Z</time>
      </trkpt>
      <trkpt lat="-6.645219" lon="106.802815">
        <ele>338.3</ele>
        <time>2025-04-10T00:02:15.000Z</time>
      </trkpt>
      <trkpt lat="-6.645231" lon="106.80281">
        <ele>338.3</ele>
        <time>2025-04-10T00:02:16.000Z</time>
      </trkpt>
      <trkpt lat="-6.645241" lon="106.802804">
        <ele>338.3</ele>
        <time>2025-04-10T00:02:17.000Z</time>
      </trkpt>
      <trkpt lat="-6.645251" lon="106.8028">
        <ele>338.3</ele>
        <time>2025-04-10T00:02:18.000Z</time>
      </trkpt>
      <trkpt lat="-6.64526" lon="106.802796">
        <ele>338.3</ele>
        <time>2025-04-10T00:02:19.000Z</time>
      </trkpt>
      <trkpt lat="-6.64527" lon="106.802794">
        <ele>338.3</ele>
        <time>2025-04-10T00:02:20.000Z</time>
      </trkpt>
      <trkpt lat="-6.64528" lon="106.802794">
        <ele>338.3</ele>
        <time>2025-04-10T00:02:21.000Z</time>
      </trkpt>
      <trkpt lat="-6.645291" lon="106.802794">
        <ele>338.3</ele>
        <time>2025-04-10T00:02:22.000Z</time>
      </trkpt>
      <trkpt lat="-6.645304" lon="106.802794">
        <ele>338.3</ele>
        <time>2025-04-10T00:02:23.000Z</time>
      </trkpt>
      <trkpt lat="-6.645314" lon="106.802796">
        <ele>338.3</ele>
        <time>2025-04-10T00:02:24.000Z</time>
      </trkpt>
      <trkpt lat="-6.645325" lon="106.802798">
        <ele>338.3</ele>
        <time>2025-04-10T00:02:25.000Z</time>
      </trkpt>
      <trkpt lat="-6.645335" lon="106.8028">
        <ele>338.3</ele>
        <time>2025-04-10T00:02:26.000Z</time>
      </trkpt>
      <trkpt lat="-6.645346" lon="106.8028">
        <ele>338.2</ele>
        <time>2025-04-10T00:02:27.000Z</time>
      </trkpt>
      <trkpt lat="-6.645367" lon="106.8028">
        <ele>338.2</ele>
        <time>2025-04-10T00:02:28.000Z</time>
      </trkpt>
      <trkpt lat="-6.645375" lon="106.802799">
        <ele>338.2</ele>
        <time>2025-04-10T00:02:29.000Z</time>
      </trkpt>
      <trkpt lat="-6.645383" lon="106.802799">
        <ele>338.2</ele>
        <time>2025-04-10T00:02:30.000Z</time>
      </trkpt>
      <trkpt lat="-6.645396" lon="106.8028">
        <ele>338.3</ele>
        <time>2025-04-10T00:02:31.000Z</time>
      </trkpt>
      <trkpt lat="-6.645406" lon="106.802797">
        <ele>338.3</ele>
        <time>2025-04-10T00:02:32.000Z</time>
      </trkpt>
      <trkpt lat="-6.645414" lon="106.802793">
        <ele>338.3</ele>
        <time>2025-04-10T00:02:33.000Z</time>
      </trkpt>
      <trkpt lat="-6.645423" lon="106.802787">
        <ele>338.3</ele>
        <time>2025-04-10T00:02:34.000Z</time>
      </trkpt>
      <trkpt lat="-6.645434" lon="106.802783">
        <ele>338.4</ele>
        <time>2025-04-10T00:02:35.000Z</time>
      </trkpt>
      <trkpt lat="-6.645445" lon="106.802781">
        <ele>338.4</ele>
        <time>2025-04-10T00:02:36.000Z</time>
      </trkpt>
      <trkpt lat="-6.645456" lon="106.802779">
        <ele>338.4</ele>
        <time>2025-04-10T00:02:37.000Z</time>
      </trkpt>
      <trkpt lat="-6.645466" lon="106.802779">
        <ele>338.4</ele>
        <time>2025-04-10T00:02:38.000Z</time>
      </trkpt>
      <trkpt lat="-6.645477" lon="106.802786">
        <ele>338.6</ele>
        <time>2025-04-10T00:02:39.000Z</time>
      </trkpt>
      <trkpt lat="-6.645486" lon="106.802791">
        <ele>338.6</ele>
        <time>2025-04-10T00:02:40.000Z</time>
      </trkpt>
      <trkpt lat="-6.645494" lon="106.802787">
        <ele>338.6</ele>
        <time>2025-04-10T00:02:41.000Z</time>
      </trkpt>
      <trkpt lat="-6.645499" lon="106.802782">
        <ele>338.6</ele>
        <time>2025-04-10T00:02:42.000Z</time>
      </trkpt>
      <trkpt lat="-6.645508" lon="106.802781">
        <ele>338.6</ele>
        <time>2025-04-10T00:02:43.000Z</time>
      </trkpt>
      <trkpt lat="-6.645518" lon="106.802784">
        <ele>338.8</ele>
        <time>2025-04-10T00:02:44.000Z</time>
      </trkpt>
      <trkpt lat="-6.645529" lon="106.802785">
        <ele>338.8</ele>
        <time>2025-04-10T00:02:45.000Z</time>
      </trkpt>
      <trkpt lat="-6.645542" lon="106.802783">
        <ele>338.8</ele>
        <time>2025-04-10T00:02:46.000Z</time>
      </trkpt>
      <trkpt lat="-6.645554" lon="106.802778">
        <ele>339.2</ele>
        <time>2025-04-10T00:02:47.000Z</time>
      </trkpt>
      <trkpt lat="-6.645564" lon="106.802773">
        <ele>339.5</ele>
        <time>2025-04-10T00:02:48.000Z</time>
      </trkpt>
      <trkpt lat="-6.645573" lon="106.802765">
        <ele>339.5</ele>
        <time>2025-04-10T00:02:49.000Z</time>
      </trkpt>
      <trkpt lat="-6.645578" lon="106.802757">
        <ele>339.5</ele>
        <time>2025-04-10T00:02:50.000Z</time>
      </trkpt>
      <trkpt lat="-6.645579" lon="106.802746">
        <ele>339.5</ele>
        <time>2025-04-10T00:02:51.000Z</time>
      </trkpt>
      <trkpt lat="-6.645582" lon="106.802736">
        <ele>339.5</ele>
        <time>2025-04-10T00:02:52.000Z</time>
      </trkpt>
      <trkpt lat="-6.645585" lon="106.802729">
        <ele>339.8</ele>
        <time>2025-04-10T00:02:53.000Z</time>
      </trkpt>
      <trkpt lat="-6.645588" lon="106.802721">
        <ele>339.8</ele>
        <time>2025-04-10T00:02:54.000Z</time>
      </trkpt>
      <trkpt lat="-6.645593" lon="106.802712">
        <ele>339.8</ele>
        <time>2025-04-10T00:02:55.000Z</time>
      </trkpt>
      <trkpt lat="-6.645601" lon="106.802705">
        <ele>340.2</ele>
        <time>2025-04-10T00:02:56.000Z</time>
      </trkpt>
      <trkpt lat="-6.64561" lon="106.8027">
        <ele>340.2</ele>
        <time>2025-04-10T00:02:57.000Z</time>
      </trkpt>
      <trkpt lat="-6.645619" lon="106.802693">
        <ele>340.2</ele>
        <time>2025-04-10T00:02:58.000Z</time>
      </trkpt>
      <trkpt lat="-6.645628" lon="106.802685">
        <ele>340.4</ele>
        <time>2025-04-10T00:02:59.000Z</time>
      </trkpt>
      <trkpt lat="-6.645636" lon="106.802678">
        <ele>340.4</ele>
        <time>2025-04-10T00:03:00.000Z</time>
      </trkpt>
      <trkpt lat="-6.645647" lon="106.802672">
        <ele>340.6</ele>
        <time>2025-04-10T00:03:01.000Z</time>
      </trkpt>
      <trkpt lat="-6.645658" lon="106.802668">
        <ele>340.6</ele>
        <time>2025-04-10T00:03:02.000Z</time>
      </trkpt>
      <trkpt lat="-6.645668" lon="106.802664">
        <ele>340.6</ele>
        <time>2025-04-10T00:03:03.000Z</time>
      </trkpt>
      <trkpt lat="-6.645677" lon="106.802658">
        <ele>340.6</ele>
        <time>2025-04-10T00:03:04.000Z</time>
      </trkpt>
      <trkpt lat="-6.645685" lon="106.802653">
        <ele>340.9</ele>
        <time>2025-04-10T00:03:05.000Z</time>
      </trkpt>
      <trkpt lat="-6.645693" lon="106.802647">
        <ele>340.9</ele>
        <time>2025-04-10T00:03:06.000Z</time>
      </trkpt>
      <trkpt lat="-6.645703" lon="106.802641">
        <ele>340.8</ele>
        <time>2025-04-10T00:03:07.000Z</time>
      </trkpt>
      <trkpt lat="-6.645713" lon="106.802634">
        <ele>340.8</ele>
        <time>2025-04-10T00:03:08.000Z</time>
      </trkpt>
      <trkpt lat="-6.645723" lon="106.802628">
        <ele>340.8</ele>
        <time>2025-04-10T00:03:09.000Z</time>
      </trkpt>
      <trkpt lat="-6.645734" lon="106.802623">
        <ele>341</ele>
        <time>2025-04-10T00:03:10.000Z</time>
      </trkpt>
      <trkpt lat="-6.645743" lon="106.802618">
        <ele>341</ele>
        <time>2025-04-10T00:03:11.000Z</time>
      </trkpt>
      <trkpt lat="-6.645751" lon="106.802614">
        <ele>341</ele>
        <time>2025-04-10T00:03:12.000Z</time>
      </trkpt>
      <trkpt lat="-6.645758" lon="106.802606">
        <ele>341</ele>
        <time>2025-04-10T00:03:13.000Z</time>
      </trkpt>
      <trkpt lat="-6.645769" lon="106.802599">
        <ele>340.8</ele>
        <time>2025-04-10T00:03:14.000Z</time>
      </trkpt>
      <trkpt lat="-6.645779" lon="106.802596">
        <ele>340.8</ele>
        <time>2025-04-10T00:03:15.000Z</time>
      </trkpt>
      <trkpt lat="-6.64579" lon="106.802595">
        <ele>340.8</ele>
        <time>2025-04-10T00:03:16.000Z</time>
      </trkpt>
      <trkpt lat="-6.645799" lon="106.802594">
        <ele>340.8</ele>
        <time>2025-04-10T00:03:17.000Z</time>
      </trkpt>
      <trkpt lat="-6.645808" lon="106.802593">
        <ele>340.8</ele>
        <time>2025-04-10T00:03:18.000Z</time>
      </trkpt>
      <trkpt lat="-6.645818" lon="106.802592">
        <ele>341.1</ele>
        <time>2025-04-10T00:03:19.000Z</time>
      </trkpt>
      <trkpt lat="-6.645828" lon="106.802587">
        <ele>341.1</ele>
        <time>2025-04-10T00:03:20.000Z</time>
      </trkpt>
      <trkpt lat="-6.645837" lon="106.802583">
        <ele>341.1</ele>
        <time>2025-04-10T00:03:21.000Z</time>
      </trkpt>
      <trkpt lat="-6.645842" lon="106.802583">
        <ele>341.1</ele>
        <time>2025-04-10T00:03:22.000Z</time>
      </trkpt>
      <trkpt lat="-6.645843" lon="106.802584">
        <ele>341.1</ele>
        <time>2025-04-10T00:03:23.000Z</time>
      </trkpt>
      <trkpt lat="-6.645842" lon="106.802587">
        <ele>341.1</ele>
        <time>2025-04-10T00:03:24.000Z</time>
      </trkpt>
      <trkpt lat="-6.645841" lon="106.802585">
        <ele>341.1</ele>
        <time>2025-04-10T00:03:25.000Z</time>
      </trkpt>
      <trkpt lat="-6.645842" lon="106.802584">
        <ele>341.1</ele>
        <time>2025-04-10T00:03:26.000Z</time>
      </trkpt>
      <trkpt lat="-6.645842" lon="106.802581">
        <ele>341.1</ele>
        <time>2025-04-10T00:03:27.000Z</time>
      </trkpt>
      <trkpt lat="-6.645842" lon="106.802579">
        <ele>341.1</ele>
        <time>2025-04-10T00:03:28.000Z</time>
      </trkpt>
      <trkpt lat="-6.645842" lon="106.802577">
        <ele>341.1</ele>
        <time>2025-04-10T00:03:29.000Z</time>
      </trkpt>
      <trkpt lat="-6.645844" lon="106.802573">
        <ele>341.1</ele>
        <time>2025-04-10T00:03:30.000Z</time>
      </trkpt>
      <trkpt lat="-6.645847" lon="106.802566">
        <ele>341.1</ele>
        <time>2025-04-10T00:03:31.000Z</time>
      </trkpt>
      <trkpt lat="-6.645849" lon="106.802556">
        <ele>340.5</ele>
        <time>2025-04-10T00:03:32.000Z</time>
      </trkpt>
      <trkpt lat="-6.645849" lon="106.802545">
        <ele>340.5</ele>
        <time>2025-04-10T00:03:33.000Z</time>
      </trkpt>
      <trkpt lat="-6.645848" lon="106.802535">
        <ele>340.5</ele>
        <time>2025-04-10T00:03:34.000Z</time>
      </trkpt>
      <trkpt lat="-6.645848" lon="106.802523">
        <ele>340.5</ele>
        <time>2025-04-10T00:03:35.000Z</time>
      </trkpt>
      <trkpt lat="-6.64585" lon="106.802512">
        <ele>340</ele>
        <time>2025-04-10T00:03:36.000Z</time>
      </trkpt>
      <trkpt lat="-6.645853" lon="106.802502">
        <ele>340.2</ele>
        <time>2025-04-10T00:03:37.000Z</time>
      </trkpt>
      <trkpt lat="-6.645858" lon="106.802491">
        <ele>340.2</ele>
        <time>2025-04-10T00:03:38.000Z</time>
      </trkpt>
      <trkpt lat="-6.645865" lon="106.802482">
        <ele>340.2</ele>
        <time>2025-04-10T00:03:39.000Z</time>
      </trkpt>
      <trkpt lat="-6.645868" lon="106.802475">
        <ele>340.2</ele>
        <time>2025-04-10T00:03:40.000Z</time>
      </trkpt>
      <trkpt lat="-6.645873" lon="106.802467">
        <ele>339.6</ele>
        <time>2025-04-10T00:03:41.000Z</time>
      </trkpt>
      <trkpt lat="-6.645878" lon="106.802459">
        <ele>339.6</ele>
        <time>2025-04-10T00:03:42.000Z</time>
      </trkpt>
      <trkpt lat="-6.645885" lon="106.802449">
        <ele>339.6</ele>
        <time>2025-04-10T00:03:43.000Z</time>
      </trkpt>
      <trkpt lat="-6.645893" lon="106.802441">
        <ele>339.6</ele>
        <time>2025-04-10T00:03:44.000Z</time>
      </trkpt>
      <trkpt lat="-6.645901" lon="106.802433">
        <ele>339.9</ele>
        <time>2025-04-10T00:03:45.000Z</time>
      </trkpt>
      <trkpt lat="-6.645909" lon="106.802427">
        <ele>339.1</ele>
        <time>2025-04-10T00:03:46.000Z</time>
      </trkpt>
      <trkpt lat="-6.645918" lon="106.802422">
        <ele>339.1</ele>
        <time>2025-04-10T00:03:47.000Z</time>
      </trkpt>
      <trkpt lat="-6.645924" lon="106.802418">
        <ele>339.1</ele>
        <time>2025-04-10T00:03:48.000Z</time>
      </trkpt>
      <trkpt lat="-6.645928" lon="106.802414">
        <ele>339.1</ele>
        <time>2025-04-10T00:03:49.000Z</time>
      </trkpt>
      <trkpt lat="-6.645934" lon="106.802414">
        <ele>339.1</ele>
        <time>2025-04-10T00:03:50.000Z</time>
      </trkpt>
      <trkpt lat="-6.64594" lon="106.802411">
        <ele>339.2</ele>
        <time>2025-04-10T00:03:51.000Z</time>
      </trkpt>
      <trkpt lat="-6.645947" lon="106.802409">
        <ele>339.2</ele>
        <time>2025-04-10T00:03:52.000Z</time>
      </trkpt>
      <trkpt lat="-6.645953" lon="106.802405">
        <ele>339.2</ele>
        <time>2025-04-10T00:03:53.000Z</time>
      </trkpt>
      <trkpt lat="-6.645956" lon="106.802402">
        <ele>339.2</ele>
        <time>2025-04-10T00:03:54.000Z</time>
      </trkpt>
      <trkpt lat="-6.645956" lon="106.802398">
        <ele>339.2</ele>
        <time>2025-04-10T00:03:55.000Z</time>
      </trkpt>
      <trkpt lat="-6.645956" lon="106.802401">
        <ele>339.2</ele>
        <time>2025-04-10T00:03:56.000Z</time>
      </trkpt>
      <trkpt lat="-6.645956" lon="106.802401">
        <ele>339.2</ele>
        <time>2025-04-10T00:03:57.000Z</time>
      </trkpt>
      <trkpt lat="-6.64596" lon="106.802398">
        <ele>339.2</ele>
        <time>2025-04-10T00:03:58.000Z</time>
      </trkpt>
      <trkpt lat="-6.64597" lon="106.802399">
        <ele>339.2</ele>
        <time>2025-04-10T00:03:59.000Z</time>
      </trkpt>
      <trkpt lat="-6.645973" lon="106.802399">
        <ele>339.2</ele>
        <time>2025-04-10T00:04:00.000Z</time>
      </trkpt>
      <trkpt lat="-6.645977" lon="106.802399">
        <ele>339.2</ele>
        <time>2025-04-10T00:04:01.000Z</time>
      </trkpt>
      <trkpt lat="-6.64598" lon="106.802399">
        <ele>339.2</ele>
        <time>2025-04-10T00:04:02.000Z</time>
      </trkpt>
      <trkpt lat="-6.645984" lon="106.802399">
        <ele>339.2</ele>
        <time>2025-04-10T00:04:03.000Z</time>
      </trkpt>
      <trkpt lat="-6.645987" lon="106.802398">
        <ele>339.2</ele>
        <time>2025-04-10T00:04:34.000Z</time>
      </trkpt>
      <trkpt lat="-6.645991" lon="106.802398">
        <ele>339.2</ele>
        <time>2025-04-10T00:04:35.000Z</time>
      </trkpt>
      <trkpt lat="-6.645994" lon="106.802398">
        <ele>339.2</ele>
        <time>2025-04-10T00:04:36.000Z</time>
      </trkpt>
      <trkpt lat="-6.645998" lon="106.802398">
        <ele>339.2</ele>
        <time>2025-04-10T00:04:37.000Z</time>
      </trkpt>
      <trkpt lat="-6.646001" lon="106.802398">
        <ele>339.2</ele>
        <time>2025-04-10T00:04:38.000Z</time>
      </trkpt>
      <trkpt lat="-6.646005" lon="106.802398">
        <ele>339.2</ele>
        <time>2025-04-10T00:04:39.000Z</time>
      </trkpt>
      <trkpt lat="-6.64602" lon="106.802411">
        <ele>339.2</ele>
        <time>2025-04-10T00:04:40.000Z</time>
      </trkpt>
      <trkpt lat="-6.646026" lon="106.802419">
        <ele>339.2</ele>
        <time>2025-04-10T00:04:41.000Z</time>
      </trkpt>
      <trkpt lat="-6.646032" lon="106.802426">
        <ele>339.2</ele>
        <time>2025-04-10T00:04:42.000Z</time>
      </trkpt>
      <trkpt lat="-6.646043" lon="106.802443">
        <ele>340</ele>
        <time>2025-04-10T00:04:43.000Z</time>
      </trkpt>
      <trkpt lat="-6.646048" lon="106.80245">
        <ele>340</ele>
        <time>2025-04-10T00:04:44.000Z</time>
      </trkpt>
      <trkpt lat="-6.646053" lon="106.802456">
        <ele>340</ele>
        <time>2025-04-10T00:04:45.000Z</time>
      </trkpt>
      <trkpt lat="-6.64606" lon="106.802463">
        <ele>340</ele>
        <time>2025-04-10T00:04:46.000Z</time>
      </trkpt>
      <trkpt lat="-6.646069" lon="106.802472">
        <ele>340</ele>
        <time>2025-04-10T00:04:47.000Z</time>
      </trkpt>
      <trkpt lat="-6.646076" lon="106.802482">
        <ele>340.7</ele>
        <time>2025-04-10T00:04:48.000Z</time>
      </trkpt>
      <trkpt lat="-6.646086" lon="106.80249">
        <ele>340.7</ele>
        <time>2025-04-10T00:04:49.000Z</time>
      </trkpt>
      <trkpt lat="-6.646096" lon="106.802492">
        <ele>340.7</ele>
        <time>2025-04-10T00:04:50.000Z</time>
      </trkpt>
      <trkpt lat="-6.646105" lon="106.802494">
        <ele>340.7</ele>
        <time>2025-04-10T00:04:51.000Z</time>
      </trkpt>
      <trkpt lat="-6.646112" lon="106.8025">
        <ele>340.6</ele>
        <time>2025-04-10T00:04:52.000Z</time>
      </trkpt>
      <trkpt lat="-6.646114" lon="106.802504">
        <ele>340.6</ele>
        <time>2025-04-10T00:04:53.000Z</time>
      </trkpt>
      <trkpt lat="-6.646116" lon="106.802507">
        <ele>340.6</ele>
        <time>2025-04-10T00:04:54.000Z</time>
      </trkpt>
      <trkpt lat="-6.646119" lon="106.802511">
        <ele>340.6</ele>
        <time>2025-04-10T00:04:55.000Z</time>
      </trkpt>
      <trkpt lat="-6.646121" lon="106.802514">
        <ele>340.6</ele>
        <time>2025-04-10T00:04:56.000Z</time>
      </trkpt>
      <trkpt lat="-6.646123" lon="106.802518">
        <ele>341.1</ele>
        <time>2025-04-10T00:04:57.000Z</time>
      </trkpt>
      <trkpt lat="-6.646125" lon="106.802521">
        <ele>341.1</ele>
        <time>2025-04-10T00:04:58.000Z</time>
      </trkpt>
      <trkpt lat="-6.646127" lon="106.802525">
        <ele>341.1</ele>
        <time>2025-04-10T00:04:59.000Z</time>
      </trkpt>
      <trkpt lat="-6.646149" lon="106.802542">
        <ele>341.1</ele>
        <time>2025-04-10T00:05:00.000Z</time>
      </trkpt>
      <trkpt lat="-6.646156" lon="106.802547">
        <ele>341</ele>
        <time>2025-04-10T00:05:01.000Z</time>
      </trkpt>
      <trkpt lat="-6.646167" lon="106.802555">
        <ele>341</ele>
        <time>2025-04-10T00:05:02.000Z</time>
      </trkpt>
      <trkpt lat="-6.646176" lon="106.802558">
        <ele>341</ele>
        <time>2025-04-10T00:05:03.000Z</time>
      </trkpt>
      <trkpt lat="-6.646186" lon="106.802559">
        <ele>341.5</ele>
        <time>2025-04-10T00:05:04.000Z</time>
      </trkpt>
      <trkpt lat="-6.646194" lon="106.802563">
        <ele>341.4</ele>
        <time>2025-04-10T00:05:05.000Z</time>
      </trkpt>
      <trkpt lat="-6.646204" lon="106.802568">
        <ele>341.4</ele>
        <time>2025-04-10T00:05:06.000Z</time>
      </trkpt>
      <trkpt lat="-6.646215" lon="106.802568">
        <ele>341.4</ele>
        <time>2025-04-10T00:05:07.000Z</time>
      </trkpt>
      <trkpt lat="-6.646222" lon="106.802562">
        <ele>341.4</ele>
        <time>2025-04-10T00:05:08.000Z</time>
      </trkpt>
      <trkpt lat="-6.646224" lon="106.802554">
        <ele>340.9</ele>
        <time>2025-04-10T00:05:09.000Z</time>
      </trkpt>
      <trkpt lat="-6.646226" lon="106.802545">
        <ele>340.9</ele>
        <time>2025-04-10T00:05:10.000Z</time>
      </trkpt>
      <trkpt lat="-6.646231" lon="106.802543">
        <ele>340.9</ele>
        <time>2025-04-10T00:05:11.000Z</time>
      </trkpt>
      <trkpt lat="-6.646237" lon="106.802548">
        <ele>340.9</ele>
        <time>2025-04-10T00:05:12.000Z</time>
      </trkpt>
      <trkpt lat="-6.646244" lon="106.802556">
        <ele>340.9</ele>
        <time>2025-04-10T00:05:13.000Z</time>
      </trkpt>
      <trkpt lat="-6.646254" lon="106.802561">
        <ele>341.4</ele>
        <time>2025-04-10T00:05:14.000Z</time>
      </trkpt>
      <trkpt lat="-6.646263" lon="106.802564">
        <ele>341.4</ele>
        <time>2025-04-10T00:05:15.000Z</time>
      </trkpt>
      <trkpt lat="-6.646271" lon="106.80257">
        <ele>341.4</ele>
        <time>2025-04-10T00:05:16.000Z</time>
      </trkpt>
      <trkpt lat="-6.646282" lon="106.802584">
        <ele>341.6</ele>
        <time>2025-04-10T00:05:17.000Z</time>
      </trkpt>
      <trkpt lat="-6.646299" lon="106.802609">
        <ele>342.1</ele>
        <time>2025-04-10T00:05:18.000Z</time>
      </trkpt>
      <trkpt lat="-6.646304" lon="106.802617">
        <ele>342.1</ele>
        <time>2025-04-10T00:05:19.000Z</time>
      </trkpt>
      <trkpt lat="-6.646323" lon="106.802641">
        <ele>342.3</ele>
        <time>2025-04-10T00:05:20.000Z</time>
      </trkpt>
      <trkpt lat="-6.646328" lon="106.802648">
        <ele>342.8</ele>
        <time>2025-04-10T00:05:21.000Z</time>
      </trkpt>
      <trkpt lat="-6.646334" lon="106.802656">
        <ele>342.8</ele>
        <time>2025-04-10T00:05:22.000Z</time>
      </trkpt>
      <trkpt lat="-6.646336" lon="106.80266">
        <ele>342.8</ele>
        <time>2025-04-10T00:05:23.000Z</time>
      </trkpt>
      <trkpt lat="-6.64634" lon="106.802665">
        <ele>342.8</ele>
        <time>2025-04-10T00:05:24.000Z</time>
      </trkpt>
      <trkpt lat="-6.646347" lon="106.80267">
        <ele>342.8</ele>
        <time>2025-04-10T00:05:25.000Z</time>
      </trkpt>
      <trkpt lat="-6.646356" lon="106.802674">
        <ele>342.8</ele>
        <time>2025-04-10T00:05:26.000Z</time>
      </trkpt>
      <trkpt lat="-6.646363" lon="106.802676">
        <ele>342.8</ele>
        <time>2025-04-10T00:05:27.000Z</time>
      </trkpt>
      <trkpt lat="-6.646367" lon="106.802678">
        <ele>343.1</ele>
        <time>2025-04-10T00:05:28.000Z</time>
      </trkpt>
      <trkpt lat="-6.646372" lon="106.802676">
        <ele>343.1</ele>
        <time>2025-04-10T00:05:29.000Z</time>
      </trkpt>
      <trkpt lat="-6.646375" lon="106.802672">
        <ele>343.1</ele>
        <time>2025-04-10T00:05:30.000Z</time>
      </trkpt>
      <trkpt lat="-6.64638" lon="106.802669">
        <ele>343.1</ele>
        <time>2025-04-10T00:05:31.000Z</time>
      </trkpt>
      <trkpt lat="-6.646383" lon="106.802668">
        <ele>343.1</ele>
        <time>2025-04-10T00:05:32.000Z</time>
      </trkpt>
      <trkpt lat="-6.646388" lon="106.802667">
        <ele>343.1</ele>
        <time>2025-04-10T00:05:33.000Z</time>
      </trkpt>
      <trkpt lat="-6.646395" lon="106.802668">
        <ele>343.1</ele>
        <time>2025-04-10T00:05:34.000Z</time>
      </trkpt>
      <trkpt lat="-6.646404" lon="106.802672">
        <ele>343.1</ele>
        <time>2025-04-10T00:05:35.000Z</time>
      </trkpt>
      <trkpt lat="-6.646414" lon="106.802677">
        <ele>343.4</ele>
        <time>2025-04-10T00:05:36.000Z</time>
      </trkpt>
      <trkpt lat="-6.646422" lon="106.802682">
        <ele>343.4</ele>
        <time>2025-04-10T00:05:37.000Z</time>
      </trkpt>
      <trkpt lat="-6.646427" lon="106.802685">
        <ele>343.4</ele>
        <time>2025-04-10T00:05:38.000Z</time>
      </trkpt>
      <trkpt lat="-6.646429" lon="106.802691">
        <ele>343.9</ele>
        <time>2025-04-10T00:05:39.000Z</time>
      </trkpt>
      <trkpt lat="-6.646431" lon="106.802697">
        <ele>343.9</ele>
        <time>2025-04-10T00:05:40.000Z</time>
      </trkpt>
      <trkpt lat="-6.646429" lon="106.802701">
        <ele>343.9</ele>
        <time>2025-04-10T00:05:41.000Z</time>
      </trkpt>
      <trkpt lat="-6.64643" lon="106.802702">
        <ele>343.9</ele>
        <time>2025-04-10T00:05:42.000Z</time>
      </trkpt>
      <trkpt lat="-6.646431" lon="106.802702">
        <ele>343.9</ele>
        <time>2025-04-10T00:05:43.000Z</time>
      </trkpt>
      <trkpt lat="-6.646432" lon="106.802701">
        <ele>343.9</ele>
        <time>2025-04-10T00:05:44.000Z</time>
      </trkpt>
      <trkpt lat="-6.646433" lon="106.802699">
        <ele>343.9</ele>
        <time>2025-04-10T00:05:45.000Z</time>
      </trkpt>
      <trkpt lat="-6.646434" lon="106.802698">
        <ele>343.9</ele>
        <time>2025-04-10T00:05:46.000Z</time>
      </trkpt>
      <trkpt lat="-6.646438" lon="106.802699">
        <ele>343.9</ele>
        <time>2025-04-10T00:05:47.000Z</time>
      </trkpt>
      <trkpt lat="-6.646438" lon="106.802701">
        <ele>343.9</ele>
        <time>2025-04-10T00:05:48.000Z</time>
      </trkpt>
      <trkpt lat="-6.646437" lon="106.802701">
        <ele>343.9</ele>
        <time>2025-04-10T00:05:49.000Z</time>
      </trkpt>
      <trkpt lat="-6.646437" lon="106.802702">
        <ele>343.9</ele>
        <time>2025-04-10T00:05:50.000Z</time>
      </trkpt>
      <trkpt lat="-6.646437" lon="106.802708">
        <ele>343.9</ele>
        <time>2025-04-10T00:05:51.000Z</time>
      </trkpt>
      <trkpt lat="-6.646437" lon="106.802709">
        <ele>343.9</ele>
        <time>2025-04-10T00:05:52.000Z</time>
      </trkpt>
      <trkpt lat="-6.646438" lon="106.802707">
        <ele>343.9</ele>
        <time>2025-04-10T00:05:53.000Z</time>
      </trkpt>
      <trkpt lat="-6.646438" lon="106.802707">
        <ele>343.9</ele>
        <time>2025-04-10T00:05:54.000Z</time>
      </trkpt>
      <trkpt lat="-6.646438" lon="106.802707">
        <ele>343.9</ele>
        <time>2025-04-10T00:05:55.000Z</time>
      </trkpt>
      <trkpt lat="-6.646438" lon="106.802707">
        <ele>343.9</ele>
        <time>2025-04-10T00:05:56.000Z</time>
      </trkpt>
      <trkpt lat="-6.646438" lon="106.802707">
        <ele>343.9</ele>
        <time>2025-04-10T00:05:57.000Z</time>
      </trkpt>
      <trkpt lat="-6.646438" lon="106.802707">
        <ele>343.9</ele>
        <time>2025-04-10T00:05:58.000Z</time>
      </trkpt>
      <trkpt lat="-6.646438" lon="106.802707">
        <ele>343.9</ele>
        <time>2025-04-10T00:05:59.000Z</time>
      </trkpt>
      <trkpt lat="-6.646453" lon="106.802694">
        <ele>344.2</ele>
        <time>2025-04-10T00:06:00.000Z</time>
      </trkpt>
      <trkpt lat="-6.646463" lon="106.802685">
        <ele>343.7</ele>
        <time>2025-04-10T00:06:01.000Z</time>
      </trkpt>
      <trkpt lat="-6.646466" lon="106.802681">
        <ele>343.7</ele>
        <time>2025-04-10T00:06:02.000Z</time>
      </trkpt>
      <trkpt lat="-6.646471" lon="106.802683">
        <ele>343.7</ele>
        <time>2025-04-10T00:06:03.000Z</time>
      </trkpt>
      <trkpt lat="-6.646474" lon="106.802686">
        <ele>343.7</ele>
        <time>2025-04-10T00:06:04.000Z</time>
      </trkpt>
      <trkpt lat="-6.646477" lon="106.802686">
        <ele>343.7</ele>
        <time>2025-04-10T00:06:05.000Z</time>
      </trkpt>
      <trkpt lat="-6.646485" lon="106.802684">
        <ele>343.7</ele>
        <time>2025-04-10T00:06:06.000Z</time>
      </trkpt>
      <trkpt lat="-6.646492" lon="106.802684">
        <ele>344.1</ele>
        <time>2025-04-10T00:06:07.000Z</time>
      </trkpt>
      <trkpt lat="-6.646498" lon="106.802681">
        <ele>344.1</ele>
        <time>2025-04-10T00:06:08.000Z</time>
      </trkpt>
      <trkpt lat="-6.646501" lon="106.80268">
        <ele>344.1</ele>
        <time>2025-04-10T00:06:09.000Z</time>
      </trkpt>
      <trkpt lat="-6.646503" lon="106.802681">
        <ele>344.1</ele>
        <time>2025-04-10T00:06:10.000Z</time>
      </trkpt>
      <trkpt lat="-6.646506" lon="106.802682">
        <ele>344.1</ele>
        <time>2025-04-10T00:06:11.000Z</time>
      </trkpt>
      <trkpt lat="-6.646511" lon="106.802679">
        <ele>344.1</ele>
        <time>2025-04-10T00:06:12.000Z</time>
      </trkpt>
      <trkpt lat="-6.646512" lon="106.802676">
        <ele>344.1</ele>
        <time>2025-04-10T00:06:13.000Z</time>
      </trkpt>
      <trkpt lat="-6.646514" lon="106.802682">
        <ele>344.1</ele>
        <time>2025-04-10T00:06:14.000Z</time>
      </trkpt>
      <trkpt lat="-6.646519" lon="106.802684">
        <ele>344.1</ele>
        <time>2025-04-10T00:06:15.000Z</time>
      </trkpt>
      <trkpt lat="-6.646525" lon="106.802682">
        <ele>344.1</ele>
        <time>2025-04-10T00:06:16.000Z</time>
      </trkpt>
      <trkpt lat="-6.64653" lon="106.802683">
        <ele>344.1</ele>
        <time>2025-04-10T00:06:17.000Z</time>
      </trkpt>
      <trkpt lat="-6.646532" lon="106.802692">
        <ele>344.6</ele>
        <time>2025-04-10T00:06:18.000Z</time>
      </trkpt>
      <trkpt lat="-6.646534" lon="106.802695">
        <ele>344.6</ele>
        <time>2025-04-10T00:06:19.000Z</time>
      </trkpt>
      <trkpt lat="-6.646532" lon="106.802698">
        <ele>344.6</ele>
        <time>2025-04-10T00:06:20.000Z</time>
      </trkpt>
      <trkpt lat="-6.646532" lon="106.802703">
        <ele>344.6</ele>
        <time>2025-04-10T00:06:21.000Z</time>
      </trkpt>
      <trkpt lat="-6.646532" lon="106.802705">
        <ele>344.6</ele>
        <time>2025-04-10T00:06:22.000Z</time>
      </trkpt>
      <trkpt lat="-6.646535" lon="106.802711">
        <ele>344.9</ele>
        <time>2025-04-10T00:06:23.000Z</time>
      </trkpt>
      <trkpt lat="-6.646537" lon="106.802713">
        <ele>344.9</ele>
        <time>2025-04-10T00:06:24.000Z</time>
      </trkpt>
      <trkpt lat="-6.646538" lon="106.802718">
        <ele>344.9</ele>
        <time>2025-04-10T00:06:25.000Z</time>
      </trkpt>
      <trkpt lat="-6.646537" lon="106.80272">
        <ele>344.9</ele>
        <time>2025-04-10T00:06:26.000Z</time>
      </trkpt>
      <trkpt lat="-6.646536" lon="106.802718">
        <ele>344.9</ele>
        <time>2025-04-10T00:06:27.000Z</time>
      </trkpt>
      <trkpt lat="-6.646535" lon="106.802716">
        <ele>344.9</ele>
        <time>2025-04-10T00:06:28.000Z</time>
      </trkpt>
      <trkpt lat="-6.646538" lon="106.802721">
        <ele>344.9</ele>
        <time>2025-04-10T00:06:29.000Z</time>
      </trkpt>
      <trkpt lat="-6.646538" lon="106.802723">
        <ele>344.9</ele>
        <time>2025-04-10T00:06:30.000Z</time>
      </trkpt>
      <trkpt lat="-6.646542" lon="106.802733">
        <ele>345.3</ele>
        <time>2025-04-10T00:06:31.000Z</time>
      </trkpt>
      <trkpt lat="-6.646546" lon="106.802737">
        <ele>345.3</ele>
        <time>2025-04-10T00:06:32.000Z</time>
      </trkpt>
      <trkpt lat="-6.646551" lon="106.802742">
        <ele>345.3</ele>
        <time>2025-04-10T00:06:33.000Z</time>
      </trkpt>
      <trkpt lat="-6.646557" lon="106.80275">
        <ele>345.3</ele>
        <time>2025-04-10T00:06:34.000Z</time>
      </trkpt>
      <trkpt lat="-6.646565" lon="106.802754">
        <ele>345.3</ele>
        <time>2025-04-10T00:06:35.000Z</time>
      </trkpt>
      <trkpt lat="-6.646571" lon="106.802756">
        <ele>345.3</ele>
        <time>2025-04-10T00:06:36.000Z</time>
      </trkpt>
      <trkpt lat="-6.646579" lon="106.802759">
        <ele>345.6</ele>
        <time>2025-04-10T00:06:37.000Z</time>
      </trkpt>
      <trkpt lat="-6.646587" lon="106.802762">
        <ele>345.6</ele>
        <time>2025-04-10T00:06:38.000Z</time>
      </trkpt>
      <trkpt lat="-6.646593" lon="106.802767">
        <ele>345.6</ele>
        <time>2025-04-10T00:06:39.000Z</time>
      </trkpt>
      <trkpt lat="-6.646598" lon="106.802772">
        <ele>345.6</ele>
        <time>2025-04-10T00:06:40.000Z</time>
      </trkpt>
      <trkpt lat="-6.646603" lon="106.802775">
        <ele>346</ele>
        <time>2025-04-10T00:06:41.000Z</time>
      </trkpt>
      <trkpt lat="-6.646607" lon="106.802777">
        <ele>346</ele>
        <time>2025-04-10T00:06:42.000Z</time>
      </trkpt>
      <trkpt lat="-6.646609" lon="106.802777">
        <ele>346</ele>
        <time>2025-04-10T00:06:43.000Z</time>
      </trkpt>
      <trkpt lat="-6.646611" lon="106.80278">
        <ele>346</ele>
        <time>2025-04-10T00:06:44.000Z</time>
      </trkpt>
      <trkpt lat="-6.646612" lon="106.802781">
        <ele>346</ele>
        <time>2025-04-10T00:06:45.000Z</time>
      </trkpt>
      <trkpt lat="-6.64661" lon="106.802779">
        <ele>346</ele>
        <time>2025-04-10T00:06:46.000Z</time>
      </trkpt>
      <trkpt lat="-6.646612" lon="106.802779">
        <ele>346</ele>
        <time>2025-04-10T00:06:47.000Z</time>
      </trkpt>
      <trkpt lat="-6.646616" lon="106.802781">
        <ele>346</ele>
        <time>2025-04-10T00:06:48.000Z</time>
      </trkpt>
      <trkpt lat="-6.646616" lon="106.802781">
        <ele>346</ele>
        <time>2025-04-10T00:06:49.000Z</time>
      </trkpt>
      <trkpt lat="-6.646628" lon="106.802786">
        <ele>346.2</ele>
        <time>2025-04-10T00:06:50.000Z</time>
      </trkpt>
      <trkpt lat="-6.646638" lon="106.802789">
        <ele>346.2</ele>
        <time>2025-04-10T00:06:51.000Z</time>
      </trkpt>
      <trkpt lat="-6.646645" lon="106.80279">
        <ele>346.2</ele>
        <time>2025-04-10T00:06:52.000Z</time>
      </trkpt>
      <trkpt lat="-6.646652" lon="106.802791">
        <ele>346.2</ele>
        <time>2025-04-10T00:06:53.000Z</time>
      </trkpt>
      <trkpt lat="-6.646659" lon="106.802791">
        <ele>346.2</ele>
        <time>2025-04-10T00:06:54.000Z</time>
      </trkpt>
      <trkpt lat="-6.646674" lon="106.802793">
        <ele>346.5</ele>
        <time>2025-04-10T00:06:55.000Z</time>
      </trkpt>
      <trkpt lat="-6.646682" lon="106.802793">
        <ele>346.5</ele>
        <time>2025-04-10T00:06:56.000Z</time>
      </trkpt>
      <trkpt lat="-6.646689" lon="106.802794">
        <ele>346.5</ele>
        <time>2025-04-10T00:06:57.000Z</time>
      </trkpt>
      <trkpt lat="-6.646696" lon="106.802795">
        <ele>346.5</ele>
        <time>2025-04-10T00:06:58.000Z</time>
      </trkpt>
      <trkpt lat="-6.646704" lon="106.802795">
        <ele>346.5</ele>
        <time>2025-04-10T00:06:59.000Z</time>
      </trkpt>
      <trkpt lat="-6.646712" lon="106.802796">
        <ele>346.8</ele>
        <time>2025-04-10T00:07:00.000Z</time>
      </trkpt>
      <trkpt lat="-6.646718" lon="106.802798">
        <ele>346.8</ele>
        <time>2025-04-10T00:07:01.000Z</time>
      </trkpt>
      <trkpt lat="-6.646726" lon="106.802798">
        <ele>346.8</ele>
        <time>2025-04-10T00:07:02.000Z</time>
      </trkpt>
      <trkpt lat="-6.646735" lon="106.802801">
        <ele>346.8</ele>
        <time>2025-04-10T00:07:03.000Z</time>
      </trkpt>
      <trkpt lat="-6.646745" lon="106.802805">
        <ele>346.8</ele>
        <time>2025-04-10T00:07:04.000Z</time>
      </trkpt>
      <trkpt lat="-6.646758" lon="106.802807">
        <ele>347.1</ele>
        <time>2025-04-10T00:07:05.000Z</time>
      </trkpt>
      <trkpt lat="-6.646779" lon="106.802816">
        <ele>347.1</ele>
        <time>2025-04-10T00:07:06.000Z</time>
      </trkpt>
      <trkpt lat="-6.646786" lon="106.80282">
        <ele>347.3</ele>
        <time>2025-04-10T00:07:07.000Z</time>
      </trkpt>
      <trkpt lat="-6.646794" lon="106.802823">
        <ele>347.7</ele>
        <time>2025-04-10T00:07:08.000Z</time>
      </trkpt>
      <trkpt lat="-6.646806" lon="106.802826">
        <ele>347.7</ele>
        <time>2025-04-10T00:07:09.000Z</time>
      </trkpt>
      <trkpt lat="-6.646815" lon="106.802828">
        <ele>347.7</ele>
        <time>2025-04-10T00:07:10.000Z</time>
      </trkpt>
      <trkpt lat="-6.646825" lon="106.802831">
        <ele>347.7</ele>
        <time>2025-04-10T00:07:11.000Z</time>
      </trkpt>
      <trkpt lat="-6.646834" lon="106.802833">
        <ele>348.1</ele>
        <time>2025-04-10T00:07:12.000Z</time>
      </trkpt>
      <trkpt lat="-6.646844" lon="106.802833">
        <ele>348.1</ele>
        <time>2025-04-10T00:07:13.000Z</time>
      </trkpt>
      <trkpt lat="-6.646854" lon="106.802834">
        <ele>348.1</ele>
        <time>2025-04-10T00:07:14.000Z</time>
      </trkpt>
      <trkpt lat="-6.646862" lon="106.802834">
        <ele>348.1</ele>
        <time>2025-04-10T00:07:15.000Z</time>
      </trkpt>
      <trkpt lat="-6.646867" lon="106.802836">
        <ele>348.1</ele>
        <time>2025-04-10T00:07:16.000Z</time>
      </trkpt>
      <trkpt lat="-6.646872" lon="106.802841">
        <ele>348.1</ele>
        <time>2025-04-10T00:07:17.000Z</time>
      </trkpt>
      <trkpt lat="-6.646877" lon="106.802845">
        <ele>348.6</ele>
        <time>2025-04-10T00:07:18.000Z</time>
      </trkpt>
      <trkpt lat="-6.646884" lon="106.802849">
        <ele>348.6</ele>
        <time>2025-04-10T00:07:19.000Z</time>
      </trkpt>
      <trkpt lat="-6.646891" lon="106.802854">
        <ele>348.6</ele>
        <time>2025-04-10T00:07:20.000Z</time>
      </trkpt>
      <trkpt lat="-6.646896" lon="106.802857">
        <ele>348.6</ele>
        <time>2025-04-10T00:07:21.000Z</time>
      </trkpt>
      <trkpt lat="-6.646901" lon="106.802861">
        <ele>348.9</ele>
        <time>2025-04-10T00:07:22.000Z</time>
      </trkpt>
      <trkpt lat="-6.646907" lon="106.802866">
        <ele>348.9</ele>
        <time>2025-04-10T00:07:23.000Z</time>
      </trkpt>
      <trkpt lat="-6.646912" lon="106.80287">
        <ele>348.9</ele>
        <time>2025-04-10T00:07:24.000Z</time>
      </trkpt>
      <trkpt lat="-6.646918" lon="106.802873">
        <ele>349.4</ele>
        <time>2025-04-10T00:07:25.000Z</time>
      </trkpt>
      <trkpt lat="-6.646925" lon="106.802877">
        <ele>349.4</ele>
        <time>2025-04-10T00:07:26.000Z</time>
      </trkpt>
      <trkpt lat="-6.646932" lon="106.802882">
        <ele>349.4</ele>
        <time>2025-04-10T00:07:27.000Z</time>
      </trkpt>
      <trkpt lat="-6.646939" lon="106.802887">
        <ele>349.4</ele>
        <time>2025-04-10T00:07:28.000Z</time>
      </trkpt>
      <trkpt lat="-6.646946" lon="106.80289">
        <ele>349.4</ele>
        <time>2025-04-10T00:07:29.000Z</time>
      </trkpt>
      <trkpt lat="-6.646952" lon="106.802888">
        <ele>349.4</ele>
        <time>2025-04-10T00:07:30.000Z</time>
      </trkpt>
      <trkpt lat="-6.646956" lon="106.802885">
        <ele>349.4</ele>
        <time>2025-04-10T00:07:31.000Z</time>
      </trkpt>
      <trkpt lat="-6.64696" lon="106.802885">
        <ele>349.4</ele>
        <time>2025-04-10T00:07:32.000Z</time>
      </trkpt>
      <trkpt lat="-6.646965" lon="106.802887">
        <ele>349.7</ele>
        <time>2025-04-10T00:07:33.000Z</time>
      </trkpt>
      <trkpt lat="-6.646969" lon="106.802887">
        <ele>349.7</ele>
        <time>2025-04-10T00:07:34.000Z</time>
      </trkpt>
      <trkpt lat="-6.646974" lon="106.802887">
        <ele>349.7</ele>
        <time>2025-04-10T00:07:35.000Z</time>
      </trkpt>
      <trkpt lat="-6.646978" lon="106.80289">
        <ele>349.7</ele>
        <time>2025-04-10T00:07:36.000Z</time>
      </trkpt>
      <trkpt lat="-6.646983" lon="106.802893">
        <ele>349.7</ele>
        <time>2025-04-10T00:07:37.000Z</time>
      </trkpt>
      <trkpt lat="-6.64699" lon="106.802898">
        <ele>349.7</ele>
        <time>2025-04-10T00:07:38.000Z</time>
      </trkpt>
      <trkpt lat="-6.646997" lon="106.802901">
        <ele>349.7</ele>
        <time>2025-04-10T00:07:39.000Z</time>
      </trkpt>
      <trkpt lat="-6.647006" lon="106.802905">
        <ele>350.2</ele>
        <time>2025-04-10T00:07:40.000Z</time>
      </trkpt>
      <trkpt lat="-6.647012" lon="106.802907">
        <ele>350.2</ele>
        <time>2025-04-10T00:07:41.000Z</time>
      </trkpt>
      <trkpt lat="-6.647014" lon="106.802908">
        <ele>350.2</ele>
        <time>2025-04-10T00:07:42.000Z</time>
      </trkpt>
      <trkpt lat="-6.647017" lon="106.802909">
        <ele>350.2</ele>
        <time>2025-04-10T00:07:43.000Z</time>
      </trkpt>
      <trkpt lat="-6.647021" lon="106.80291">
        <ele>350.2</ele>
        <time>2025-04-10T00:07:44.000Z</time>
      </trkpt>
      <trkpt lat="-6.647025" lon="106.802911">
        <ele>350.2</ele>
        <time>2025-04-10T00:07:45.000Z</time>
      </trkpt>
      <trkpt lat="-6.647031" lon="106.802911">
        <ele>350.2</ele>
        <time>2025-04-10T00:07:46.000Z</time>
      </trkpt>
      <trkpt lat="-6.647036" lon="106.802909">
        <ele>350.2</ele>
        <time>2025-04-10T00:07:47.000Z</time>
      </trkpt>
      <trkpt lat="-6.647045" lon="106.802907">
        <ele>350.2</ele>
        <time>2025-04-10T00:07:48.000Z</time>
      </trkpt>
      <trkpt lat="-6.647055" lon="106.802908">
        <ele>350.3</ele>
        <time>2025-04-10T00:07:49.000Z</time>
      </trkpt>
      <trkpt lat="-6.647065" lon="106.802907">
        <ele>350.3</ele>
        <time>2025-04-10T00:07:50.000Z</time>
      </trkpt>
      <trkpt lat="-6.647077" lon="106.802908">
        <ele>350.3</ele>
        <time>2025-04-10T00:07:51.000Z</time>
      </trkpt>
      <trkpt lat="-6.647098" lon="106.802909">
        <ele>350.4</ele>
        <time>2025-04-10T00:07:52.000Z</time>
      </trkpt>
      <trkpt lat="-6.647106" lon="106.80291">
        <ele>350.4</ele>
        <time>2025-04-10T00:07:53.000Z</time>
      </trkpt>
      <trkpt lat="-6.647114" lon="106.80291">
        <ele>350.4</ele>
        <time>2025-04-10T00:07:54.000Z</time>
      </trkpt>
      <trkpt lat="-6.647126" lon="106.802911">
        <ele>350.4</ele>
        <time>2025-04-10T00:07:55.000Z</time>
      </trkpt>
      <trkpt lat="-6.647137" lon="106.80291">
        <ele>350.6</ele>
        <time>2025-04-10T00:07:56.000Z</time>
      </trkpt>
      <trkpt lat="-6.647148" lon="106.802909">
        <ele>350.6</ele>
        <time>2025-04-10T00:07:57.000Z</time>
      </trkpt>
      <trkpt lat="-6.647156" lon="106.802907">
        <ele>350.6</ele>
        <time>2025-04-10T00:07:58.000Z</time>
      </trkpt>
      <trkpt lat="-6.647159" lon="106.802902">
        <ele>350.9</ele>
        <time>2025-04-10T00:07:59.000Z</time>
      </trkpt>
      <trkpt lat="-6.647164" lon="106.802898">
        <ele>350.9</ele>
        <time>2025-04-10T00:08:00.000Z</time>
      </trkpt>
      <trkpt lat="-6.64717" lon="106.802893">
        <ele>350.9</ele>
        <time>2025-04-10T00:08:01.000Z</time>
      </trkpt>
      <trkpt lat="-6.647173" lon="106.802888">
        <ele>350.9</ele>
        <time>2025-04-10T00:08:02.000Z</time>
      </trkpt>
      <trkpt lat="-6.647172" lon="106.802887">
        <ele>350.9</ele>
        <time>2025-04-10T00:08:03.000Z</time>
      </trkpt>
      <trkpt lat="-6.647172" lon="106.802888">
        <ele>350.9</ele>
        <time>2025-04-10T00:08:04.000Z</time>
      </trkpt>
      <trkpt lat="-6.647173" lon="106.802888">
        <ele>350.9</ele>
        <time>2025-04-10T00:08:05.000Z</time>
      </trkpt>
      <trkpt lat="-6.647174" lon="106.802889">
        <ele>351.2</ele>
        <time>2025-04-10T00:08:06.000Z</time>
      </trkpt>
      <trkpt lat="-6.647178" lon="106.802888">
        <ele>351.2</ele>
        <time>2025-04-10T00:08:07.000Z</time>
      </trkpt>
      <trkpt lat="-6.647182" lon="106.802888">
        <ele>351.2</ele>
        <time>2025-04-10T00:08:08.000Z</time>
      </trkpt>
      <trkpt lat="-6.647187" lon="106.802889">
        <ele>351.2</ele>
        <time>2025-04-10T00:08:09.000Z</time>
      </trkpt>
      <trkpt lat="-6.647193" lon="106.802888">
        <ele>351.2</ele>
        <time>2025-04-10T00:08:10.000Z</time>
      </trkpt>
      <trkpt lat="-6.647196" lon="106.802884">
        <ele>351.2</ele>
        <time>2025-04-10T00:08:11.000Z</time>
      </trkpt>
      <trkpt lat="-6.6472" lon="106.802878">
        <ele>351.2</ele>
        <time>2025-04-10T00:08:12.000Z</time>
      </trkpt>
      <trkpt lat="-6.647204" lon="106.802873">
        <ele>351.2</ele>
        <time>2025-04-10T00:08:13.000Z</time>
      </trkpt>
      <trkpt lat="-6.647209" lon="106.802867">
        <ele>351.2</ele>
        <time>2025-04-10T00:08:14.000Z</time>
      </trkpt>
      <trkpt lat="-6.647211" lon="106.802864">
        <ele>351.2</ele>
        <time>2025-04-10T00:08:15.000Z</time>
      </trkpt>
      <trkpt lat="-6.647213" lon="106.80286">
        <ele>351.2</ele>
        <time>2025-04-10T00:08:16.000Z</time>
      </trkpt>
      <trkpt lat="-6.647215" lon="106.802856">
        <ele>351.7</ele>
        <time>2025-04-10T00:08:17.000Z</time>
      </trkpt>
      <trkpt lat="-6.64722" lon="106.802852">
        <ele>352.2</ele>
        <time>2025-04-10T00:08:18.000Z</time>
      </trkpt>
      <trkpt lat="-6.647227" lon="106.80285">
        <ele>352.2</ele>
        <time>2025-04-10T00:08:19.000Z</time>
      </trkpt>
      <trkpt lat="-6.647235" lon="106.802852">
        <ele>352.2</ele>
        <time>2025-04-10T00:08:20.000Z</time>
      </trkpt>
      <trkpt lat="-6.647243" lon="106.802852">
        <ele>352.2</ele>
        <time>2025-04-10T00:08:21.000Z</time>
      </trkpt>
      <trkpt lat="-6.647251" lon="106.802851">
        <ele>352.2</ele>
        <time>2025-04-10T00:08:22.000Z</time>
      </trkpt>
      <trkpt lat="-6.647259" lon="106.802848">
        <ele>352.6</ele>
        <time>2025-04-10T00:08:23.000Z</time>
      </trkpt>
      <trkpt lat="-6.647266" lon="106.802847">
        <ele>352.6</ele>
        <time>2025-04-10T00:08:24.000Z</time>
      </trkpt>
      <trkpt lat="-6.647271" lon="106.802847">
        <ele>352.6</ele>
        <time>2025-04-10T00:08:25.000Z</time>
      </trkpt>
      <trkpt lat="-6.647278" lon="106.802846">
        <ele>352.6</ele>
        <time>2025-04-10T00:08:26.000Z</time>
      </trkpt>
      <trkpt lat="-6.647286" lon="106.802847">
        <ele>352.6</ele>
        <time>2025-04-10T00:08:27.000Z</time>
      </trkpt>
      <trkpt lat="-6.647295" lon="106.802848">
        <ele>352.6</ele>
        <time>2025-04-10T00:08:28.000Z</time>
      </trkpt>
      <trkpt lat="-6.647304" lon="106.802848">
        <ele>353.1</ele>
        <time>2025-04-10T00:08:29.000Z</time>
      </trkpt>
      <trkpt lat="-6.647309" lon="106.802851">
        <ele>353.1</ele>
        <time>2025-04-10T00:08:30.000Z</time>
      </trkpt>
      <trkpt lat="-6.647316" lon="106.802854">
        <ele>353.1</ele>
        <time>2025-04-10T00:08:31.000Z</time>
      </trkpt>
      <trkpt lat="-6.647322" lon="106.802857">
        <ele>353.1</ele>
        <time>2025-04-10T00:08:32.000Z</time>
      </trkpt>
      <trkpt lat="-6.64733" lon="106.802862">
        <ele>352.5</ele>
        <time>2025-04-10T00:08:33.000Z</time>
      </trkpt>
      <trkpt lat="-6.647337" lon="106.802863">
        <ele>352.5</ele>
        <time>2025-04-10T00:08:34.000Z</time>
      </trkpt>
      <trkpt lat="-6.647344" lon="106.802862">
        <ele>353</ele>
        <time>2025-04-10T00:08:35.000Z</time>
      </trkpt>
      <trkpt lat="-6.647351" lon="106.80286">
        <ele>353</ele>
        <time>2025-04-10T00:08:36.000Z</time>
      </trkpt>
      <trkpt lat="-6.647358" lon="106.802861">
        <ele>353</ele>
        <time>2025-04-10T00:08:37.000Z</time>
      </trkpt>
      <trkpt lat="-6.647364" lon="106.802861">
        <ele>353</ele>
        <time>2025-04-10T00:08:38.000Z</time>
      </trkpt>
      <trkpt lat="-6.647369" lon="106.802859">
        <ele>353.6</ele>
        <time>2025-04-10T00:08:39.000Z</time>
      </trkpt>
      <trkpt lat="-6.64737" lon="106.802859">
        <ele>353.6</ele>
        <time>2025-04-10T00:08:40.000Z</time>
      </trkpt>
      <trkpt lat="-6.647368" lon="106.802861">
        <ele>353</ele>
        <time>2025-04-10T00:08:41.000Z</time>
      </trkpt>
      <trkpt lat="-6.647365" lon="106.802863">
        <ele>353</ele>
        <time>2025-04-10T00:08:42.000Z</time>
      </trkpt>
      <trkpt lat="-6.647362" lon="106.802865">
        <ele>353</ele>
        <time>2025-04-10T00:08:43.000Z</time>
      </trkpt>
      <trkpt lat="-6.647363" lon="106.802865">
        <ele>353</ele>
        <time>2025-04-10T00:08:44.000Z</time>
      </trkpt>
      <trkpt lat="-6.647369" lon="106.802866">
        <ele>353</ele>
        <time>2025-04-10T00:08:45.000Z</time>
      </trkpt>
      <trkpt lat="-6.647376" lon="106.802864">
        <ele>353</ele>
        <time>2025-04-10T00:08:46.000Z</time>
      </trkpt>
      <trkpt lat="-6.647385" lon="106.80286">
        <ele>353</ele>
        <time>2025-04-10T00:08:47.000Z</time>
      </trkpt>
      <trkpt lat="-6.647394" lon="106.802859">
        <ele>354.2</ele>
        <time>2025-04-10T00:08:48.000Z</time>
      </trkpt>
      <trkpt lat="-6.647402" lon="106.802857">
        <ele>354.2</ele>
        <time>2025-04-10T00:08:49.000Z</time>
      </trkpt>
      <trkpt lat="-6.647409" lon="106.802857">
        <ele>354.2</ele>
        <time>2025-04-10T00:08:50.000Z</time>
      </trkpt>
      <trkpt lat="-6.647415" lon="106.802855">
        <ele>354.2</ele>
        <time>2025-04-10T00:08:51.000Z</time>
      </trkpt>
      <trkpt lat="-6.647421" lon="106.802851">
        <ele>354.2</ele>
        <time>2025-04-10T00:08:52.000Z</time>
      </trkpt>
      <trkpt lat="-6.647425" lon="106.80285">
        <ele>354.2</ele>
        <time>2025-04-10T00:08:53.000Z</time>
      </trkpt>
      <trkpt lat="-6.647431" lon="106.80285">
        <ele>354.7</ele>
        <time>2025-04-10T00:08:54.000Z</time>
      </trkpt>
      <trkpt lat="-6.647435" lon="106.80285">
        <ele>354.7</ele>
        <time>2025-04-10T00:08:55.000Z</time>
      </trkpt>
      <trkpt lat="-6.647438" lon="106.802844">
        <ele>354.7</ele>
        <time>2025-04-10T00:08:56.000Z</time>
      </trkpt>
      <trkpt lat="-6.647442" lon="106.80284">
        <ele>354.7</ele>
        <time>2025-04-10T00:08:57.000Z</time>
      </trkpt>
      <trkpt lat="-6.647447" lon="106.802833">
        <ele>354.7</ele>
        <time>2025-04-10T00:08:58.000Z</time>
      </trkpt>
      <trkpt lat="-6.647455" lon="106.802826">
        <ele>354.7</ele>
        <time>2025-04-10T00:08:59.000Z</time>
      </trkpt>
      <trkpt lat="-6.647462" lon="106.802822">
        <ele>354.7</ele>
        <time>2025-04-10T00:09:00.000Z</time>
      </trkpt>
      <trkpt lat="-6.647469" lon="106.80282">
        <ele>354.7</ele>
        <time>2025-04-10T00:09:01.000Z</time>
      </trkpt>
      <trkpt lat="-6.647476" lon="106.802821">
        <ele>355.3</ele>
        <time>2025-04-10T00:09:02.000Z</time>
      </trkpt>
      <trkpt lat="-6.647482" lon="106.802818">
        <ele>355.3</ele>
        <time>2025-04-10T00:09:03.000Z</time>
      </trkpt>
      <trkpt lat="-6.647487" lon="106.802816">
        <ele>356</ele>
        <time>2025-04-10T00:09:04.000Z</time>
      </trkpt>
      <trkpt lat="-6.647491" lon="106.802809">
        <ele>356</ele>
        <time>2025-04-10T00:09:05.000Z</time>
      </trkpt>
      <trkpt lat="-6.647496" lon="106.802803">
        <ele>356</ele>
        <time>2025-04-10T00:09:06.000Z</time>
      </trkpt>
      <trkpt lat="-6.647501" lon="106.802803">
        <ele>356</ele>
        <time>2025-04-10T00:09:07.000Z</time>
      </trkpt>
      <trkpt lat="-6.647505" lon="106.802799">
        <ele>356</ele>
        <time>2025-04-10T00:09:08.000Z</time>
      </trkpt>
      <trkpt lat="-6.64751" lon="106.802798">
        <ele>356</ele>
        <time>2025-04-10T00:09:09.000Z</time>
      </trkpt>
      <trkpt lat="-6.647515" lon="106.802798">
        <ele>356.4</ele>
        <time>2025-04-10T00:09:10.000Z</time>
      </trkpt>
      <trkpt lat="-6.647521" lon="106.802795">
        <ele>356.4</ele>
        <time>2025-04-10T00:09:11.000Z</time>
      </trkpt>
      <trkpt lat="-6.647529" lon="106.802796">
        <ele>356.4</ele>
        <time>2025-04-10T00:09:12.000Z</time>
      </trkpt>
      <trkpt lat="-6.647534" lon="106.802796">
        <ele>356.4</ele>
        <time>2025-04-10T00:09:13.000Z</time>
      </trkpt>
      <trkpt lat="-6.647538" lon="106.802794">
        <ele>356.4</ele>
        <time>2025-04-10T00:09:14.000Z</time>
      </trkpt>
      <trkpt lat="-6.647543" lon="106.802794">
        <ele>356.4</ele>
        <time>2025-04-10T00:09:15.000Z</time>
      </trkpt>
      <trkpt lat="-6.647546" lon="106.802791">
        <ele>356.4</ele>
        <time>2025-04-10T00:09:16.000Z</time>
      </trkpt>
      <trkpt lat="-6.647549" lon="106.802786">
        <ele>356.4</ele>
        <time>2025-04-10T00:09:17.000Z</time>
      </trkpt>
      <trkpt lat="-6.647552" lon="106.80278">
        <ele>356.4</ele>
        <time>2025-04-10T00:09:18.000Z</time>
      </trkpt>
      <trkpt lat="-6.647557" lon="106.802774">
        <ele>356.4</ele>
        <time>2025-04-10T00:09:19.000Z</time>
      </trkpt>
      <trkpt lat="-6.647563" lon="106.802768">
        <ele>357.8</ele>
        <time>2025-04-10T00:09:20.000Z</time>
      </trkpt>
      <trkpt lat="-6.647568" lon="106.80276">
        <ele>357.8</ele>
        <time>2025-04-10T00:09:21.000Z</time>
      </trkpt>
      <trkpt lat="-6.647576" lon="106.802753">
        <ele>357.8</ele>
        <time>2025-04-10T00:09:22.000Z</time>
      </trkpt>
      <trkpt lat="-6.647583" lon="106.802749">
        <ele>357.8</ele>
        <time>2025-04-10T00:09:23.000Z</time>
      </trkpt>
      <trkpt lat="-6.64759" lon="106.802746">
        <ele>357.8</ele>
        <time>2025-04-10T00:09:24.000Z</time>
      </trkpt>
      <trkpt lat="-6.647596" lon="106.802744">
        <ele>357.8</ele>
        <time>2025-04-10T00:09:25.000Z</time>
      </trkpt>
      <trkpt lat="-6.647602" lon="106.802744">
        <ele>358.2</ele>
        <time>2025-04-10T00:09:26.000Z</time>
      </trkpt>
      <trkpt lat="-6.647606" lon="106.802746">
        <ele>358.2</ele>
        <time>2025-04-10T00:09:27.000Z</time>
      </trkpt>
      <trkpt lat="-6.647608" lon="106.802745">
        <ele>358.2</ele>
        <time>2025-04-10T00:09:28.000Z</time>
      </trkpt>
      <trkpt lat="-6.647611" lon="106.802745">
        <ele>358.2</ele>
        <time>2025-04-10T00:09:29.000Z</time>
      </trkpt>
      <trkpt lat="-6.647613" lon="106.802743">
        <ele>358.2</ele>
        <time>2025-04-10T00:09:30.000Z</time>
      </trkpt>
      <trkpt lat="-6.647614" lon="106.802741">
        <ele>358.2</ele>
        <time>2025-04-10T00:09:31.000Z</time>
      </trkpt>
      <trkpt lat="-6.647617" lon="106.802739">
        <ele>358.2</ele>
        <time>2025-04-10T00:09:32.000Z</time>
      </trkpt>
      <trkpt lat="-6.64762" lon="106.802738">
        <ele>358.2</ele>
        <time>2025-04-10T00:09:33.000Z</time>
      </trkpt>
      <trkpt lat="-6.647627" lon="106.802738">
        <ele>358.2</ele>
        <time>2025-04-10T00:09:34.000Z</time>
      </trkpt>
      <trkpt lat="-6.647635" lon="106.802738">
        <ele>358.2</ele>
        <time>2025-04-10T00:09:35.000Z</time>
      </trkpt>
      <trkpt lat="-6.647644" lon="106.802739">
        <ele>358.6</ele>
        <time>2025-04-10T00:09:36.000Z</time>
      </trkpt>
      <trkpt lat="-6.647654" lon="106.802738">
        <ele>358.6</ele>
        <time>2025-04-10T00:09:37.000Z</time>
      </trkpt>
      <trkpt lat="-6.647664" lon="106.802738">
        <ele>358.6</ele>
        <time>2025-04-10T00:09:38.000Z</time>
      </trkpt>
      <trkpt lat="-6.647675" lon="106.802738">
        <ele>358.6</ele>
        <time>2025-04-10T00:09:39.000Z</time>
      </trkpt>
      <trkpt lat="-6.647682" lon="106.802737">
        <ele>358.6</ele>
        <time>2025-04-10T00:09:40.000Z</time>
      </trkpt>
      <trkpt lat="-6.647692" lon="106.802736">
        <ele>359</ele>
        <time>2025-04-10T00:09:41.000Z</time>
      </trkpt>
      <trkpt lat="-6.647702" lon="106.802737">
        <ele>359</ele>
        <time>2025-04-10T00:09:42.000Z</time>
      </trkpt>
      <trkpt lat="-6.647711" lon="106.802738">
        <ele>359</ele>
        <time>2025-04-10T00:09:43.000Z</time>
      </trkpt>
      <trkpt lat="-6.647717" lon="106.802733">
        <ele>359</ele>
        <time>2025-04-10T00:09:44.000Z</time>
      </trkpt>
      <trkpt lat="-6.647722" lon="106.802729">
        <ele>359.8</ele>
        <time>2025-04-10T00:09:45.000Z</time>
      </trkpt>
      <trkpt lat="-6.647727" lon="106.802723">
        <ele>359.8</ele>
        <time>2025-04-10T00:09:46.000Z</time>
      </trkpt>
      <trkpt lat="-6.647732" lon="106.802717">
        <ele>360.1</ele>
        <time>2025-04-10T00:09:47.000Z</time>
      </trkpt>
      <trkpt lat="-6.647733" lon="106.802711">
        <ele>360.1</ele>
        <time>2025-04-10T00:09:48.000Z</time>
      </trkpt>
      <trkpt lat="-6.647734" lon="106.802707">
        <ele>360.1</ele>
        <time>2025-04-10T00:09:49.000Z</time>
      </trkpt>
      <trkpt lat="-6.647736" lon="106.802703">
        <ele>360.1</ele>
        <time>2025-04-10T00:09:50.000Z</time>
      </trkpt>
      <trkpt lat="-6.647738" lon="106.802701">
        <ele>360.1</ele>
        <time>2025-04-10T00:09:51.000Z</time>
      </trkpt>
      <trkpt lat="-6.64774" lon="106.802699">
        <ele>360.1</ele>
        <time>2025-04-10T00:09:52.000Z</time>
      </trkpt>
      <trkpt lat="-6.647743" lon="106.802699">
        <ele>360.1</ele>
        <time>2025-04-10T00:09:53.000Z</time>
      </trkpt>
      <trkpt lat="-6.647743" lon="106.802699">
        <ele>360.1</ele>
        <time>2025-04-10T00:09:54.000Z</time>
      </trkpt>
      <trkpt lat="-6.647742" lon="106.802698">
        <ele>360.1</ele>
        <time>2025-04-10T00:09:55.000Z</time>
      </trkpt>
      <trkpt lat="-6.647742" lon="106.802698">
        <ele>360.1</ele>
        <time>2025-04-10T00:09:56.000Z</time>
      </trkpt>
      <trkpt lat="-6.647742" lon="106.802698">
        <ele>360.1</ele>
        <time>2025-04-10T00:09:57.000Z</time>
      </trkpt>
      <trkpt lat="-6.647742" lon="106.802698">
        <ele>360.1</ele>
        <time>2025-04-10T00:09:58.000Z</time>
      </trkpt>
      <trkpt lat="-6.647725" lon="106.802675">
        <ele>360.9</ele>
        <time>2025-04-10T00:09:59.000Z</time>
      </trkpt>
      <trkpt lat="-6.647713" lon="106.802649">
        <ele>360.9</ele>
        <time>2025-04-10T00:10:00.000Z</time>
      </trkpt>
      <trkpt lat="-6.647709" lon="106.802642">
        <ele>361.9</ele>
        <time>2025-04-10T00:10:01.000Z</time>
      </trkpt>
      <trkpt lat="-6.647705" lon="106.802627">
        <ele>361.9</ele>
        <time>2025-04-10T00:10:02.000Z</time>
      </trkpt>
      <trkpt lat="-6.647701" lon="106.802615">
        <ele>361.9</ele>
        <time>2025-04-10T00:10:03.000Z</time>
      </trkpt>
      <trkpt lat="-6.647694" lon="106.802605">
        <ele>361.9</ele>
        <time>2025-04-10T00:10:04.000Z</time>
      </trkpt>
      <trkpt lat="-6.64769" lon="106.802598">
        <ele>362.9</ele>
        <time>2025-04-10T00:10:05.000Z</time>
      </trkpt>
      <trkpt lat="-6.647683" lon="106.802591">
        <ele>363</ele>
        <time>2025-04-10T00:10:06.000Z</time>
      </trkpt>
      <trkpt lat="-6.64767" lon="106.802575">
        <ele>363</ele>
        <time>2025-04-10T00:10:07.000Z</time>
      </trkpt>
      <trkpt lat="-6.647666" lon="106.802568">
        <ele>363</ele>
        <time>2025-04-10T00:10:08.000Z</time>
      </trkpt>
      <trkpt lat="-6.647661" lon="106.802561">
        <ele>363</ele>
        <time>2025-04-10T00:10:09.000Z</time>
      </trkpt>
      <trkpt lat="-6.64766" lon="106.802556">
        <ele>364</ele>
        <time>2025-04-10T00:10:10.000Z</time>
      </trkpt>
      <trkpt lat="-6.647655" lon="106.802548">
        <ele>364</ele>
        <time>2025-04-10T00:10:11.000Z</time>
      </trkpt>
      <trkpt lat="-6.647647" lon="106.802542">
        <ele>364</ele>
        <time>2025-04-10T00:10:12.000Z</time>
      </trkpt>
      <trkpt lat="-6.647639" lon="106.802535">
        <ele>364.1</ele>
        <time>2025-04-10T00:10:13.000Z</time>
      </trkpt>
      <trkpt lat="-6.647631" lon="106.80253">
        <ele>364.1</ele>
        <time>2025-04-10T00:10:14.000Z</time>
      </trkpt>
      <trkpt lat="-6.647622" lon="106.802526">
        <ele>364.1</ele>
        <time>2025-04-10T00:10:15.000Z</time>
      </trkpt>
      <trkpt lat="-6.647613" lon="106.80252">
        <ele>364.1</ele>
        <time>2025-04-10T00:10:16.000Z</time>
      </trkpt>
      <trkpt lat="-6.647604" lon="106.802515">
        <ele>365</ele>
        <time>2025-04-10T00:10:17.000Z</time>
      </trkpt>
      <trkpt lat="-6.647594" lon="106.80251">
        <ele>364.9</ele>
        <time>2025-04-10T00:10:18.000Z</time>
      </trkpt>
      <trkpt lat="-6.647585" lon="106.802502">
        <ele>364.9</ele>
        <time>2025-04-10T00:10:19.000Z</time>
      </trkpt>
      <trkpt lat="-6.64757" lon="106.802487">
        <ele>364.9</ele>
        <time>2025-04-10T00:10:20.000Z</time>
      </trkpt>
      <trkpt lat="-6.647563" lon="106.802483">
        <ele>364.9</ele>
        <time>2025-04-10T00:10:21.000Z</time>
      </trkpt>
      <trkpt lat="-6.647556" lon="106.802478">
        <ele>364.7</ele>
        <time>2025-04-10T00:10:22.000Z</time>
      </trkpt>
      <trkpt lat="-6.647547" lon="106.802471">
        <ele>365.3</ele>
        <time>2025-04-10T00:10:23.000Z</time>
      </trkpt>
      <trkpt lat="-6.647539" lon="106.802464">
        <ele>365.3</ele>
        <time>2025-04-10T00:10:24.000Z</time>
      </trkpt>
      <trkpt lat="-6.647532" lon="106.802459">
        <ele>365.3</ele>
        <time>2025-04-10T00:10:25.000Z</time>
      </trkpt>
      <trkpt lat="-6.647525" lon="106.802452">
        <ele>365.3</ele>
        <time>2025-04-10T00:10:26.000Z</time>
      </trkpt>
      <trkpt lat="-6.647521" lon="106.802449">
        <ele>365.3</ele>
        <time>2025-04-10T00:10:27.000Z</time>
      </trkpt>
      <trkpt lat="-6.64752" lon="106.802449">
        <ele>365.3</ele>
        <time>2025-04-10T00:10:28.000Z</time>
      </trkpt>
      <trkpt lat="-6.647518" lon="106.802449">
        <ele>365.3</ele>
        <time>2025-04-10T00:10:29.000Z</time>
      </trkpt>
      <trkpt lat="-6.647516" lon="106.802447">
        <ele>365.3</ele>
        <time>2025-04-10T00:10:30.000Z</time>
      </trkpt>
      <trkpt lat="-6.647512" lon="106.802445">
        <ele>364.9</ele>
        <time>2025-04-10T00:10:31.000Z</time>
      </trkpt>
      <trkpt lat="-6.647506" lon="106.802438">
        <ele>364.9</ele>
        <time>2025-04-10T00:10:32.000Z</time>
      </trkpt>
      <trkpt lat="-6.647493" lon="106.802421">
        <ele>365.2</ele>
        <time>2025-04-10T00:10:33.000Z</time>
      </trkpt>
      <trkpt lat="-6.647487" lon="106.802414">
        <ele>365.2</ele>
        <time>2025-04-10T00:10:34.000Z</time>
      </trkpt>
      <trkpt lat="-6.647482" lon="106.802406">
        <ele>365.2</ele>
        <time>2025-04-10T00:10:35.000Z</time>
      </trkpt>
      <trkpt lat="-6.647468" lon="106.802388">
        <ele>364.6</ele>
        <time>2025-04-10T00:10:36.000Z</time>
      </trkpt>
      <trkpt lat="-6.647464" lon="106.802381">
        <ele>364.6</ele>
        <time>2025-04-10T00:10:37.000Z</time>
      </trkpt>
      <trkpt lat="-6.647459" lon="106.802374">
        <ele>364.6</ele>
        <time>2025-04-10T00:10:38.000Z</time>
      </trkpt>
      <trkpt lat="-6.647453" lon="106.802353">
        <ele>364.6</ele>
        <time>2025-04-10T00:10:39.000Z</time>
      </trkpt>
      <trkpt lat="-6.647449" lon="106.802346">
        <ele>364.6</ele>
        <time>2025-04-10T00:10:40.000Z</time>
      </trkpt>
      <trkpt lat="-6.647446" lon="106.802338">
        <ele>364.3</ele>
        <time>2025-04-10T00:10:41.000Z</time>
      </trkpt>
      <trkpt lat="-6.647441" lon="106.802331">
        <ele>364.4</ele>
        <time>2025-04-10T00:10:42.000Z</time>
      </trkpt>
      <trkpt lat="-6.647437" lon="106.802328">
        <ele>364.4</ele>
        <time>2025-04-10T00:10:43.000Z</time>
      </trkpt>
      <trkpt lat="-6.647438" lon="106.802325">
        <ele>364.4</ele>
        <time>2025-04-10T00:10:44.000Z</time>
      </trkpt>
      <trkpt lat="-6.64744" lon="106.802318">
        <ele>364.4</ele>
        <time>2025-04-10T00:10:45.000Z</time>
      </trkpt>
      <trkpt lat="-6.64744" lon="106.802311">
        <ele>364.4</ele>
        <time>2025-04-10T00:10:46.000Z</time>
      </trkpt>
      <trkpt lat="-6.647438" lon="106.802301">
        <ele>363.9</ele>
        <time>2025-04-10T00:10:47.000Z</time>
      </trkpt>
      <trkpt lat="-6.647438" lon="106.802294">
        <ele>363.9</ele>
        <time>2025-04-10T00:10:48.000Z</time>
      </trkpt>
      <trkpt lat="-6.647438" lon="106.802286">
        <ele>363.9</ele>
        <time>2025-04-10T00:10:49.000Z</time>
      </trkpt>
      <trkpt lat="-6.647438" lon="106.802277">
        <ele>363.9</ele>
        <time>2025-04-10T00:10:50.000Z</time>
      </trkpt>
      <trkpt lat="-6.647437" lon="106.802268">
        <ele>363.9</ele>
        <time>2025-04-10T00:10:51.000Z</time>
      </trkpt>
      <trkpt lat="-6.647438" lon="106.802259">
        <ele>363.9</ele>
        <time>2025-04-10T00:10:52.000Z</time>
      </trkpt>
      <trkpt lat="-6.647438" lon="106.80225">
        <ele>363.2</ele>
        <time>2025-04-10T00:10:53.000Z</time>
      </trkpt>
      <trkpt lat="-6.647438" lon="106.802244">
        <ele>363.2</ele>
        <time>2025-04-10T00:10:54.000Z</time>
      </trkpt>
      <trkpt lat="-6.647441" lon="106.802238">
        <ele>363.2</ele>
        <time>2025-04-10T00:10:55.000Z</time>
      </trkpt>
      <trkpt lat="-6.647448" lon="106.802234">
        <ele>363.2</ele>
        <time>2025-04-10T00:10:56.000Z</time>
      </trkpt>
      <trkpt lat="-6.647454" lon="106.802232">
        <ele>363.2</ele>
        <time>2025-04-10T00:10:57.000Z</time>
      </trkpt>
      <trkpt lat="-6.647457" lon="106.802228">
        <ele>363.2</ele>
        <time>2025-04-10T00:10:58.000Z</time>
      </trkpt>
      <trkpt lat="-6.647462" lon="106.802221">
        <ele>363.2</ele>
        <time>2025-04-10T00:10:59.000Z</time>
      </trkpt>
      <trkpt lat="-6.647466" lon="106.802212">
        <ele>362.4</ele>
        <time>2025-04-10T00:11:00.000Z</time>
      </trkpt>
      <trkpt lat="-6.647472" lon="106.802205">
        <ele>363</ele>
        <time>2025-04-10T00:11:01.000Z</time>
      </trkpt>
      <trkpt lat="-6.647478" lon="106.802203">
        <ele>363</ele>
        <time>2025-04-10T00:11:02.000Z</time>
      </trkpt>
      <trkpt lat="-6.647483" lon="106.8022">
        <ele>363</ele>
        <time>2025-04-10T00:11:03.000Z</time>
      </trkpt>
      <trkpt lat="-6.647487" lon="106.802197">
        <ele>363</ele>
        <time>2025-04-10T00:11:04.000Z</time>
      </trkpt>
      <trkpt lat="-6.647492" lon="106.80219">
        <ele>363</ele>
        <time>2025-04-10T00:11:05.000Z</time>
      </trkpt>
      <trkpt lat="-6.647498" lon="106.802185">
        <ele>363</ele>
        <time>2025-04-10T00:11:06.000Z</time>
      </trkpt>
      <trkpt lat="-6.647505" lon="106.802182">
        <ele>363</ele>
        <time>2025-04-10T00:11:07.000Z</time>
      </trkpt>
      <trkpt lat="-6.647514" lon="106.802181">
        <ele>363</ele>
        <time>2025-04-10T00:11:08.000Z</time>
      </trkpt>
      <trkpt lat="-6.647522" lon="106.802178">
        <ele>363.6</ele>
        <time>2025-04-10T00:11:09.000Z</time>
      </trkpt>
      <trkpt lat="-6.647527" lon="106.802173">
        <ele>363.6</ele>
        <time>2025-04-10T00:11:10.000Z</time>
      </trkpt>
      <trkpt lat="-6.647532" lon="106.802166">
        <ele>362.7</ele>
        <time>2025-04-10T00:11:11.000Z</time>
      </trkpt>
      <trkpt lat="-6.647542" lon="106.802154">
        <ele>362.7</ele>
        <time>2025-04-10T00:11:12.000Z</time>
      </trkpt>
      <trkpt lat="-6.647546" lon="106.802148">
        <ele>362.7</ele>
        <time>2025-04-10T00:11:13.000Z</time>
      </trkpt>
      <trkpt lat="-6.647551" lon="106.802142">
        <ele>362.7</ele>
        <time>2025-04-10T00:11:14.000Z</time>
      </trkpt>
      <trkpt lat="-6.647555" lon="106.802136">
        <ele>362.7</ele>
        <time>2025-04-10T00:11:15.000Z</time>
      </trkpt>
      <trkpt lat="-6.647563" lon="106.802133">
        <ele>363.2</ele>
        <time>2025-04-10T00:11:16.000Z</time>
      </trkpt>
      <trkpt lat="-6.647572" lon="106.802131">
        <ele>363.2</ele>
        <time>2025-04-10T00:11:17.000Z</time>
      </trkpt>
      <trkpt lat="-6.647579" lon="106.802131">
        <ele>363.2</ele>
        <time>2025-04-10T00:11:18.000Z</time>
      </trkpt>
      <trkpt lat="-6.647589" lon="106.802129">
        <ele>362.3</ele>
        <time>2025-04-10T00:11:19.000Z</time>
      </trkpt>
      <trkpt lat="-6.647599" lon="106.802126">
        <ele>362.3</ele>
        <time>2025-04-10T00:11:20.000Z</time>
      </trkpt>
      <trkpt lat="-6.64761" lon="106.802125">
        <ele>362.8</ele>
        <time>2025-04-10T00:11:21.000Z</time>
      </trkpt>
      <trkpt lat="-6.647618" lon="106.802122">
        <ele>362.8</ele>
        <time>2025-04-10T00:11:22.000Z</time>
      </trkpt>
      <trkpt lat="-6.647626" lon="106.80212">
        <ele>362.8</ele>
        <time>2025-04-10T00:11:23.000Z</time>
      </trkpt>
      <trkpt lat="-6.647635" lon="106.802119">
        <ele>362.8</ele>
        <time>2025-04-10T00:11:24.000Z</time>
      </trkpt>
      <trkpt lat="-6.647646" lon="106.802119">
        <ele>363.3</ele>
        <time>2025-04-10T00:11:25.000Z</time>
      </trkpt>
      <trkpt lat="-6.647656" lon="106.802116">
        <ele>363.3</ele>
        <time>2025-04-10T00:11:26.000Z</time>
      </trkpt>
      <trkpt lat="-6.647665" lon="106.802116">
        <ele>363.3</ele>
        <time>2025-04-10T00:11:27.000Z</time>
      </trkpt>
      <trkpt lat="-6.64767" lon="106.802121">
        <ele>363.3</ele>
        <time>2025-04-10T00:11:28.000Z</time>
      </trkpt>
      <trkpt lat="-6.647672" lon="106.802118">
        <ele>363.3</ele>
        <time>2025-04-10T00:11:29.000Z</time>
      </trkpt>
      <trkpt lat="-6.647678" lon="106.802111">
        <ele>363.3</ele>
        <time>2025-04-10T00:11:30.000Z</time>
      </trkpt>
      <trkpt lat="-6.647686" lon="106.802106">
        <ele>363.9</ele>
        <time>2025-04-10T00:11:31.000Z</time>
      </trkpt>
      <trkpt lat="-6.647694" lon="106.802099">
        <ele>363.9</ele>
        <time>2025-04-10T00:11:32.000Z</time>
      </trkpt>
      <trkpt lat="-6.647703" lon="106.802096">
        <ele>363.9</ele>
        <time>2025-04-10T00:11:33.000Z</time>
      </trkpt>
      <trkpt lat="-6.647708" lon="106.802091">
        <ele>363.9</ele>
        <time>2025-04-10T00:11:34.000Z</time>
      </trkpt>
      <trkpt lat="-6.647712" lon="106.802087">
        <ele>363.9</ele>
        <time>2025-04-10T00:11:35.000Z</time>
      </trkpt>
      <trkpt lat="-6.647718" lon="106.802083">
        <ele>363</ele>
        <time>2025-04-10T00:11:36.000Z</time>
      </trkpt>
      <trkpt lat="-6.647725" lon="106.80208">
        <ele>363</ele>
        <time>2025-04-10T00:11:37.000Z</time>
      </trkpt>
      <trkpt lat="-6.647737" lon="106.802082">
        <ele>363.7</ele>
        <time>2025-04-10T00:11:38.000Z</time>
      </trkpt>
      <trkpt lat="-6.647749" lon="106.802079">
        <ele>363.7</ele>
        <time>2025-04-10T00:11:39.000Z</time>
      </trkpt>
      <trkpt lat="-6.647757" lon="106.802072">
        <ele>363.7</ele>
        <time>2025-04-10T00:11:40.000Z</time>
      </trkpt>
      <trkpt lat="-6.647766" lon="106.80206">
        <ele>363.7</ele>
        <time>2025-04-10T00:11:41.000Z</time>
      </trkpt>
      <trkpt lat="-6.64777" lon="106.802054">
        <ele>363.7</ele>
        <time>2025-04-10T00:11:42.000Z</time>
      </trkpt>
      <trkpt lat="-6.647775" lon="106.802048">
        <ele>364.4</ele>
        <time>2025-04-10T00:11:43.000Z</time>
      </trkpt>
      <trkpt lat="-6.647779" lon="106.802042">
        <ele>363.8</ele>
        <time>2025-04-10T00:11:44.000Z</time>
      </trkpt>
      <trkpt lat="-6.647784" lon="106.802027">
        <ele>363.8</ele>
        <time>2025-04-10T00:11:45.000Z</time>
      </trkpt>
      <trkpt lat="-6.647788" lon="106.802014">
        <ele>363.8</ele>
        <time>2025-04-10T00:11:46.000Z</time>
      </trkpt>
      <trkpt lat="-6.647796" lon="106.802">
        <ele>363.3</ele>
        <time>2025-04-10T00:11:47.000Z</time>
      </trkpt>
      <trkpt lat="-6.647804" lon="106.801985">
        <ele>363.3</ele>
        <time>2025-04-10T00:11:48.000Z</time>
      </trkpt>
      <trkpt lat="-6.64781" lon="106.801973">
        <ele>363.3</ele>
        <time>2025-04-10T00:11:49.000Z</time>
      </trkpt>
      <trkpt lat="-6.647814" lon="106.801964">
        <ele>364</ele>
        <time>2025-04-10T00:11:50.000Z</time>
      </trkpt>
      <trkpt lat="-6.647817" lon="106.801955">
        <ele>363.7</ele>
        <time>2025-04-10T00:11:51.000Z</time>
      </trkpt>
      <trkpt lat="-6.647818" lon="106.801949">
        <ele>363.7</ele>
        <time>2025-04-10T00:11:52.000Z</time>
      </trkpt>
      <trkpt lat="-6.647822" lon="106.801943">
        <ele>363.7</ele>
        <time>2025-04-10T00:11:53.000Z</time>
      </trkpt>
      <trkpt lat="-6.647826" lon="106.801936">
        <ele>363.7</ele>
        <time>2025-04-10T00:11:54.000Z</time>
      </trkpt>
      <trkpt lat="-6.647831" lon="106.801929">
        <ele>363.7</ele>
        <time>2025-04-10T00:11:55.000Z</time>
      </trkpt>
      <trkpt lat="-6.647837" lon="106.801924">
        <ele>363.7</ele>
        <time>2025-04-10T00:11:56.000Z</time>
      </trkpt>
      <trkpt lat="-6.647847" lon="106.801918">
        <ele>363.7</ele>
        <time>2025-04-10T00:11:57.000Z</time>
      </trkpt>
      <trkpt lat="-6.647851" lon="106.80191">
        <ele>363.6</ele>
        <time>2025-04-10T00:11:58.000Z</time>
      </trkpt>
      <trkpt lat="-6.647853" lon="106.801903">
        <ele>363.6</ele>
        <time>2025-04-10T00:11:59.000Z</time>
      </trkpt>
      <trkpt lat="-6.647853" lon="106.801897">
        <ele>363.6</ele>
        <time>2025-04-10T00:12:00.000Z</time>
      </trkpt>
      <trkpt lat="-6.647854" lon="106.801892">
        <ele>363.6</ele>
        <time>2025-04-10T00:12:01.000Z</time>
      </trkpt>
      <trkpt lat="-6.647855" lon="106.801887">
        <ele>363.6</ele>
        <time>2025-04-10T00:12:02.000Z</time>
      </trkpt>
      <trkpt lat="-6.647857" lon="106.801881">
        <ele>364.4</ele>
        <time>2025-04-10T00:12:03.000Z</time>
      </trkpt>
      <trkpt lat="-6.647857" lon="106.801876">
        <ele>364.4</ele>
        <time>2025-04-10T00:12:04.000Z</time>
      </trkpt>
      <trkpt lat="-6.64786" lon="106.801872">
        <ele>364.4</ele>
        <time>2025-04-10T00:12:05.000Z</time>
      </trkpt>
      <trkpt lat="-6.647864" lon="106.801867">
        <ele>364.4</ele>
        <time>2025-04-10T00:12:06.000Z</time>
      </trkpt>
      <trkpt lat="-6.647869" lon="106.801863">
        <ele>364.4</ele>
        <time>2025-04-10T00:12:07.000Z</time>
      </trkpt>
      <trkpt lat="-6.647876" lon="106.801857">
        <ele>364.4</ele>
        <time>2025-04-10T00:12:08.000Z</time>
      </trkpt>
      <trkpt lat="-6.647881" lon="106.801851">
        <ele>364.4</ele>
        <time>2025-04-10T00:12:09.000Z</time>
      </trkpt>
      <trkpt lat="-6.647886" lon="106.801842">
        <ele>364.4</ele>
        <time>2025-04-10T00:12:10.000Z</time>
      </trkpt>
      <trkpt lat="-6.64789" lon="106.801835">
        <ele>364.4</ele>
        <time>2025-04-10T00:12:11.000Z</time>
      </trkpt>
      <trkpt lat="-6.647891" lon="106.801825">
        <ele>364.5</ele>
        <time>2025-04-10T00:12:12.000Z</time>
      </trkpt>
      <trkpt lat="-6.647889" lon="106.801816">
        <ele>364.5</ele>
        <time>2025-04-10T00:12:13.000Z</time>
      </trkpt>
      <trkpt lat="-6.647886" lon="106.801808">
        <ele>364.5</ele>
        <time>2025-04-10T00:12:14.000Z</time>
      </trkpt>
      <trkpt lat="-6.647877" lon="106.801798">
        <ele>364.5</ele>
        <time>2025-04-10T00:12:15.000Z</time>
      </trkpt>
      <trkpt lat="-6.647865" lon="106.801791">
        <ele>364.5</ele>
        <time>2025-04-10T00:12:16.000Z</time>
      </trkpt>
      <trkpt lat="-6.64785" lon="106.801785">
        <ele>364</ele>
        <time>2025-04-10T00:12:17.000Z</time>
      </trkpt>
      <trkpt lat="-6.647838" lon="106.801779">
        <ele>364</ele>
        <time>2025-04-10T00:12:18.000Z</time>
      </trkpt>
      <trkpt lat="-6.647828" lon="106.801777">
        <ele>364</ele>
        <time>2025-04-10T00:12:19.000Z</time>
      </trkpt>
      <trkpt lat="-6.647819" lon="106.801777">
        <ele>364</ele>
        <time>2025-04-10T00:12:20.000Z</time>
      </trkpt>
      <trkpt lat="-6.64781" lon="106.801774">
        <ele>363.2</ele>
        <time>2025-04-10T00:12:21.000Z</time>
      </trkpt>
      <trkpt lat="-6.647801" lon="106.801774">
        <ele>363.2</ele>
        <time>2025-04-10T00:12:22.000Z</time>
      </trkpt>
      <trkpt lat="-6.647791" lon="106.801775">
        <ele>363.2</ele>
        <time>2025-04-10T00:12:23.000Z</time>
      </trkpt>
      <trkpt lat="-6.64778" lon="106.801779">
        <ele>363.2</ele>
        <time>2025-04-10T00:12:24.000Z</time>
      </trkpt>
      <trkpt lat="-6.647768" lon="106.801782">
        <ele>362.4</ele>
        <time>2025-04-10T00:12:25.000Z</time>
      </trkpt>
      <trkpt lat="-6.647757" lon="106.801783">
        <ele>362.4</ele>
        <time>2025-04-10T00:12:26.000Z</time>
      </trkpt>
      <trkpt lat="-6.647746" lon="106.801783">
        <ele>362.4</ele>
        <time>2025-04-10T00:12:27.000Z</time>
      </trkpt>
      <trkpt lat="-6.647735" lon="106.801784">
        <ele>362.4</ele>
        <time>2025-04-10T00:12:28.000Z</time>
      </trkpt>
      <trkpt lat="-6.647723" lon="106.801783">
        <ele>361.6</ele>
        <time>2025-04-10T00:12:29.000Z</time>
      </trkpt>
      <trkpt lat="-6.647702" lon="106.801784">
        <ele>361.6</ele>
        <time>2025-04-10T00:12:30.000Z</time>
      </trkpt>
      <trkpt lat="-6.647694" lon="106.801783">
        <ele>361.6</ele>
        <time>2025-04-10T00:12:31.000Z</time>
      </trkpt>
      <trkpt lat="-6.647686" lon="106.801783">
        <ele>361.6</ele>
        <time>2025-04-10T00:12:32.000Z</time>
      </trkpt>
      <trkpt lat="-6.647675" lon="106.801785">
        <ele>360.9</ele>
        <time>2025-04-10T00:12:33.000Z</time>
      </trkpt>
      <trkpt lat="-6.647665" lon="106.801787">
        <ele>360.5</ele>
        <time>2025-04-10T00:12:34.000Z</time>
      </trkpt>
      <trkpt lat="-6.647655" lon="106.801789">
        <ele>360.5</ele>
        <time>2025-04-10T00:12:35.000Z</time>
      </trkpt>
      <trkpt lat="-6.647639" lon="106.80179">
        <ele>360</ele>
        <time>2025-04-10T00:12:36.000Z</time>
      </trkpt>
      <trkpt lat="-6.647632" lon="106.801791">
        <ele>360</ele>
        <time>2025-04-10T00:12:37.000Z</time>
      </trkpt>
      <trkpt lat="-6.647626" lon="106.801791">
        <ele>360</ele>
        <time>2025-04-10T00:12:38.000Z</time>
      </trkpt>
      <trkpt lat="-6.647619" lon="106.801791">
        <ele>360</ele>
        <time>2025-04-10T00:12:39.000Z</time>
      </trkpt>
      <trkpt lat="-6.647609" lon="106.801792">
        <ele>360</ele>
        <time>2025-04-10T00:12:40.000Z</time>
      </trkpt>
      <trkpt lat="-6.647599" lon="106.801791">
        <ele>359.7</ele>
        <time>2025-04-10T00:12:41.000Z</time>
      </trkpt>
      <trkpt lat="-6.64759" lon="106.801788">
        <ele>359.7</ele>
        <time>2025-04-10T00:12:42.000Z</time>
      </trkpt>
      <trkpt lat="-6.647583" lon="106.801785">
        <ele>360.1</ele>
        <time>2025-04-10T00:12:43.000Z</time>
      </trkpt>
      <trkpt lat="-6.647577" lon="106.801781">
        <ele>360.1</ele>
        <time>2025-04-10T00:12:44.000Z</time>
      </trkpt>
      <trkpt lat="-6.647571" lon="106.801778">
        <ele>360.1</ele>
        <time>2025-04-10T00:12:45.000Z</time>
      </trkpt>
      <trkpt lat="-6.647564" lon="106.801778">
        <ele>360.1</ele>
        <time>2025-04-10T00:12:46.000Z</time>
      </trkpt>
      <trkpt lat="-6.647557" lon="106.801778">
        <ele>359.9</ele>
        <time>2025-04-10T00:12:47.000Z</time>
      </trkpt>
      <trkpt lat="-6.64755" lon="106.801779">
        <ele>359.9</ele>
        <time>2025-04-10T00:12:48.000Z</time>
      </trkpt>
      <trkpt lat="-6.64754" lon="106.801779">
        <ele>359.9</ele>
        <time>2025-04-10T00:12:49.000Z</time>
      </trkpt>
      <trkpt lat="-6.647529" lon="106.801775">
        <ele>359.9</ele>
        <time>2025-04-10T00:12:50.000Z</time>
      </trkpt>
      <trkpt lat="-6.647517" lon="106.801771">
        <ele>359.9</ele>
        <time>2025-04-10T00:12:51.000Z</time>
      </trkpt>
      <trkpt lat="-6.64751" lon="106.801766">
        <ele>359.7</ele>
        <time>2025-04-10T00:12:52.000Z</time>
      </trkpt>
      <trkpt lat="-6.6475" lon="106.801761">
        <ele>359.7</ele>
        <time>2025-04-10T00:12:53.000Z</time>
      </trkpt>
      <trkpt lat="-6.647491" lon="106.801757">
        <ele>359.7</ele>
        <time>2025-04-10T00:12:54.000Z</time>
      </trkpt>
      <trkpt lat="-6.64748" lon="106.801755">
        <ele>359.7</ele>
        <time>2025-04-10T00:12:55.000Z</time>
      </trkpt>
      <trkpt lat="-6.647468" lon="106.801753">
        <ele>359.5</ele>
        <time>2025-04-10T00:12:56.000Z</time>
      </trkpt>
      <trkpt lat="-6.647457" lon="106.801751">
        <ele>359.5</ele>
        <time>2025-04-10T00:12:57.000Z</time>
      </trkpt>
      <trkpt lat="-6.647448" lon="106.801748">
        <ele>359.5</ele>
        <time>2025-04-10T00:12:58.000Z</time>
      </trkpt>
      <trkpt lat="-6.647442" lon="106.80175">
        <ele>359.5</ele>
        <time>2025-04-10T00:12:59.000Z</time>
      </trkpt>
      <trkpt lat="-6.647436" lon="106.80175">
        <ele>359.5</ele>
        <time>2025-04-10T00:13:00.000Z</time>
      </trkpt>
      <trkpt lat="-6.647427" lon="106.801753">
        <ele>359.2</ele>
        <time>2025-04-10T00:13:01.000Z</time>
      </trkpt>
      <trkpt lat="-6.647418" lon="106.801758">
        <ele>359.2</ele>
        <time>2025-04-10T00:13:02.000Z</time>
      </trkpt>
      <trkpt lat="-6.64741" lon="106.801763">
        <ele>359.2</ele>
        <time>2025-04-10T00:13:03.000Z</time>
      </trkpt>
      <trkpt lat="-6.647395" lon="106.801766">
        <ele>359.2</ele>
        <time>2025-04-10T00:13:04.000Z</time>
      </trkpt>
      <trkpt lat="-6.647388" lon="106.801767">
        <ele>359.2</ele>
        <time>2025-04-10T00:13:05.000Z</time>
      </trkpt>
      <trkpt lat="-6.647381" lon="106.801767">
        <ele>358.9</ele>
        <time>2025-04-10T00:13:06.000Z</time>
      </trkpt>
      <trkpt lat="-6.647374" lon="106.801767">
        <ele>358.9</ele>
        <time>2025-04-10T00:13:07.000Z</time>
      </trkpt>
      <trkpt lat="-6.647364" lon="106.801768">
        <ele>358.9</ele>
        <time>2025-04-10T00:13:08.000Z</time>
      </trkpt>
      <trkpt lat="-6.647352" lon="106.801769">
        <ele>358.9</ele>
        <time>2025-04-10T00:13:09.000Z</time>
      </trkpt>
      <trkpt lat="-6.647341" lon="106.801767">
        <ele>358.8</ele>
        <time>2025-04-10T00:13:10.000Z</time>
      </trkpt>
      <trkpt lat="-6.647333" lon="106.801769">
        <ele>358.8</ele>
        <time>2025-04-10T00:13:11.000Z</time>
      </trkpt>
      <trkpt lat="-6.647323" lon="106.801771">
        <ele>358.8</ele>
        <time>2025-04-10T00:13:12.000Z</time>
      </trkpt>
      <trkpt lat="-6.647313" lon="106.801774">
        <ele>358.8</ele>
        <time>2025-04-10T00:13:13.000Z</time>
      </trkpt>
      <trkpt lat="-6.647305" lon="106.801775">
        <ele>358.8</ele>
        <time>2025-04-10T00:13:14.000Z</time>
      </trkpt>
      <trkpt lat="-6.647299" lon="106.801777">
        <ele>358.7</ele>
        <time>2025-04-10T00:13:15.000Z</time>
      </trkpt>
      <trkpt lat="-6.647292" lon="106.80178">
        <ele>358.7</ele>
        <time>2025-04-10T00:13:16.000Z</time>
      </trkpt>
      <trkpt lat="-6.647283" lon="106.801781">
        <ele>358.7</ele>
        <time>2025-04-10T00:13:17.000Z</time>
      </trkpt>
      <trkpt lat="-6.647274" lon="106.801782">
        <ele>358.7</ele>
        <time>2025-04-10T00:13:18.000Z</time>
      </trkpt>
      <trkpt lat="-6.647266" lon="106.801781">
        <ele>358.7</ele>
        <time>2025-04-10T00:13:19.000Z</time>
      </trkpt>
      <trkpt lat="-6.647258" lon="106.80178">
        <ele>358.8</ele>
        <time>2025-04-10T00:13:20.000Z</time>
      </trkpt>
      <trkpt lat="-6.647249" lon="106.801782">
        <ele>358.8</ele>
        <time>2025-04-10T00:13:21.000Z</time>
      </trkpt>
      <trkpt lat="-6.64724" lon="106.801783">
        <ele>358.8</ele>
        <time>2025-04-10T00:13:22.000Z</time>
      </trkpt>
      <trkpt lat="-6.647231" lon="106.801783">
        <ele>358.8</ele>
        <time>2025-04-10T00:13:23.000Z</time>
      </trkpt>
      <trkpt lat="-6.64722" lon="106.801783">
        <ele>358.8</ele>
        <time>2025-04-10T00:13:24.000Z</time>
      </trkpt>
      <trkpt lat="-6.64721" lon="106.801777">
        <ele>358.9</ele>
        <time>2025-04-10T00:13:25.000Z</time>
      </trkpt>
      <trkpt lat="-6.6472" lon="106.801772">
        <ele>358.9</ele>
        <time>2025-04-10T00:13:26.000Z</time>
      </trkpt>
      <trkpt lat="-6.64719" lon="106.801769">
        <ele>358.9</ele>
        <time>2025-04-10T00:13:27.000Z</time>
      </trkpt>
      <trkpt lat="-6.647177" lon="106.801765">
        <ele>358.9</ele>
        <time>2025-04-10T00:13:28.000Z</time>
      </trkpt>
      <trkpt lat="-6.647168" lon="106.801763">
        <ele>359</ele>
        <time>2025-04-10T00:13:29.000Z</time>
      </trkpt>
      <trkpt lat="-6.647159" lon="106.801759">
        <ele>359</ele>
        <time>2025-04-10T00:13:30.000Z</time>
      </trkpt>
      <trkpt lat="-6.647152" lon="106.801754">
        <ele>359</ele>
        <time>2025-04-10T00:13:31.000Z</time>
      </trkpt>
      <trkpt lat="-6.647146" lon="106.801745">
        <ele>359</ele>
        <time>2025-04-10T00:13:32.000Z</time>
      </trkpt>
      <trkpt lat="-6.647142" lon="106.801734">
        <ele>360.1</ele>
        <time>2025-04-10T00:13:33.000Z</time>
      </trkpt>
      <trkpt lat="-6.647138" lon="106.801723">
        <ele>360.1</ele>
        <time>2025-04-10T00:13:34.000Z</time>
      </trkpt>
      <trkpt lat="-6.647132" lon="106.801712">
        <ele>360.1</ele>
        <time>2025-04-10T00:13:35.000Z</time>
      </trkpt>
      <trkpt lat="-6.647128" lon="106.801702">
        <ele>360.1</ele>
        <time>2025-04-10T00:13:36.000Z</time>
      </trkpt>
      <trkpt lat="-6.647126" lon="106.801691">
        <ele>361.4</ele>
        <time>2025-04-10T00:13:37.000Z</time>
      </trkpt>
      <trkpt lat="-6.647123" lon="106.801683">
        <ele>361.4</ele>
        <time>2025-04-10T00:13:38.000Z</time>
      </trkpt>
      <trkpt lat="-6.647121" lon="106.801677">
        <ele>361.4</ele>
        <time>2025-04-10T00:13:39.000Z</time>
      </trkpt>
      <trkpt lat="-6.647121" lon="106.80167">
        <ele>361.4</ele>
        <time>2025-04-10T00:13:40.000Z</time>
      </trkpt>
      <trkpt lat="-6.647119" lon="106.801664">
        <ele>361.4</ele>
        <time>2025-04-10T00:13:41.000Z</time>
      </trkpt>
      <trkpt lat="-6.647119" lon="106.801657">
        <ele>362.7</ele>
        <time>2025-04-10T00:13:42.000Z</time>
      </trkpt>
      <trkpt lat="-6.647118" lon="106.801648">
        <ele>362.7</ele>
        <time>2025-04-10T00:13:43.000Z</time>
      </trkpt>
      <trkpt lat="-6.647116" lon="106.801639">
        <ele>362.7</ele>
        <time>2025-04-10T00:13:44.000Z</time>
      </trkpt>
      <trkpt lat="-6.647112" lon="106.801629">
        <ele>362.7</ele>
        <time>2025-04-10T00:13:45.000Z</time>
      </trkpt>
      <trkpt lat="-6.647109" lon="106.801619">
        <ele>362.7</ele>
        <time>2025-04-10T00:13:46.000Z</time>
      </trkpt>
      <trkpt lat="-6.647108" lon="106.801607">
        <ele>363.9</ele>
        <time>2025-04-10T00:13:47.000Z</time>
      </trkpt>
      <trkpt lat="-6.647108" lon="106.80159">
        <ele>363.9</ele>
        <time>2025-04-10T00:13:48.000Z</time>
      </trkpt>
      <trkpt lat="-6.647107" lon="106.801583">
        <ele>363.9</ele>
        <time>2025-04-10T00:13:49.000Z</time>
      </trkpt>
      <trkpt lat="-6.647107" lon="106.801577">
        <ele>363.9</ele>
        <time>2025-04-10T00:13:50.000Z</time>
      </trkpt>
      <trkpt lat="-6.647106" lon="106.80157">
        <ele>365.1</ele>
        <time>2025-04-10T00:13:51.000Z</time>
      </trkpt>
      <trkpt lat="-6.647105" lon="106.801559">
        <ele>365.1</ele>
        <time>2025-04-10T00:13:52.000Z</time>
      </trkpt>
      <trkpt lat="-6.647107" lon="106.801548">
        <ele>365.1</ele>
        <time>2025-04-10T00:13:53.000Z</time>
      </trkpt>
      <trkpt lat="-6.647106" lon="106.801538">
        <ele>365.1</ele>
        <time>2025-04-10T00:13:54.000Z</time>
      </trkpt>
      <trkpt lat="-6.64711" lon="106.801528">
        <ele>366</ele>
        <time>2025-04-10T00:13:55.000Z</time>
      </trkpt>
      <trkpt lat="-6.647113" lon="106.80152">
        <ele>366</ele>
        <time>2025-04-10T00:13:56.000Z</time>
      </trkpt>
      <trkpt lat="-6.647113" lon="106.801512">
        <ele>366</ele>
        <time>2025-04-10T00:13:57.000Z</time>
      </trkpt>
      <trkpt lat="-6.647112" lon="106.801503">
        <ele>366.1</ele>
        <time>2025-04-10T00:13:58.000Z</time>
      </trkpt>
      <trkpt lat="-6.647113" lon="106.801494">
        <ele>366.1</ele>
        <time>2025-04-10T00:13:59.000Z</time>
      </trkpt>
      <trkpt lat="-6.647116" lon="106.801485">
        <ele>366.9</ele>
        <time>2025-04-10T00:14:00.000Z</time>
      </trkpt>
      <trkpt lat="-6.647119" lon="106.801475">
        <ele>366.9</ele>
        <time>2025-04-10T00:14:01.000Z</time>
      </trkpt>
      <trkpt lat="-6.647122" lon="106.801464">
        <ele>366.9</ele>
        <time>2025-04-10T00:14:02.000Z</time>
      </trkpt>
      <trkpt lat="-6.647127" lon="106.801455">
        <ele>366.9</ele>
        <time>2025-04-10T00:14:03.000Z</time>
      </trkpt>
      <trkpt lat="-6.647134" lon="106.801448">
        <ele>367</ele>
        <time>2025-04-10T00:14:04.000Z</time>
      </trkpt>
      <trkpt lat="-6.647138" lon="106.801441">
        <ele>367.8</ele>
        <time>2025-04-10T00:14:05.000Z</time>
      </trkpt>
      <trkpt lat="-6.647139" lon="106.801431">
        <ele>367.8</ele>
        <time>2025-04-10T00:14:06.000Z</time>
      </trkpt>
      <trkpt lat="-6.647137" lon="106.801419">
        <ele>367.8</ele>
        <time>2025-04-10T00:14:07.000Z</time>
      </trkpt>
      <trkpt lat="-6.647137" lon="106.801409">
        <ele>367.8</ele>
        <time>2025-04-10T00:14:08.000Z</time>
      </trkpt>
      <trkpt lat="-6.647142" lon="106.801399">
        <ele>368.4</ele>
        <time>2025-04-10T00:14:09.000Z</time>
      </trkpt>
      <trkpt lat="-6.647146" lon="106.80139">
        <ele>368.4</ele>
        <time>2025-04-10T00:14:10.000Z</time>
      </trkpt>
      <trkpt lat="-6.647151" lon="106.80138">
        <ele>368.4</ele>
        <time>2025-04-10T00:14:11.000Z</time>
      </trkpt>
      <trkpt lat="-6.647153" lon="106.801368">
        <ele>368.4</ele>
        <time>2025-04-10T00:14:12.000Z</time>
      </trkpt>
      <trkpt lat="-6.647156" lon="106.801357">
        <ele>368.9</ele>
        <time>2025-04-10T00:14:13.000Z</time>
      </trkpt>
      <trkpt lat="-6.64716" lon="106.801346">
        <ele>368.9</ele>
        <time>2025-04-10T00:14:14.000Z</time>
      </trkpt>
      <trkpt lat="-6.647164" lon="106.801335">
        <ele>368.9</ele>
        <time>2025-04-10T00:14:15.000Z</time>
      </trkpt>
      <trkpt lat="-6.647167" lon="106.801323">
        <ele>368.9</ele>
        <time>2025-04-10T00:14:16.000Z</time>
      </trkpt>
      <trkpt lat="-6.647171" lon="106.801314">
        <ele>369.3</ele>
        <time>2025-04-10T00:14:17.000Z</time>
      </trkpt>
      <trkpt lat="-6.647172" lon="106.801302">
        <ele>369.3</ele>
        <time>2025-04-10T00:14:18.000Z</time>
      </trkpt>
      <trkpt lat="-6.647173" lon="106.801291">
        <ele>369.3</ele>
        <time>2025-04-10T00:14:19.000Z</time>
      </trkpt>
      <trkpt lat="-6.647175" lon="106.801282">
        <ele>369.3</ele>
        <time>2025-04-10T00:14:20.000Z</time>
      </trkpt>
      <trkpt lat="-6.647179" lon="106.801275">
        <ele>369.3</ele>
        <time>2025-04-10T00:14:21.000Z</time>
      </trkpt>
      <trkpt lat="-6.647183" lon="106.801267">
        <ele>369.6</ele>
        <time>2025-04-10T00:14:22.000Z</time>
      </trkpt>
      <trkpt lat="-6.647184" lon="106.80126">
        <ele>369.6</ele>
        <time>2025-04-10T00:14:23.000Z</time>
      </trkpt>
      <trkpt lat="-6.647185" lon="106.801253">
        <ele>369.6</ele>
        <time>2025-04-10T00:14:24.000Z</time>
      </trkpt>
      <trkpt lat="-6.647187" lon="106.801247">
        <ele>369.6</ele>
        <time>2025-04-10T00:14:25.000Z</time>
      </trkpt>
      <trkpt lat="-6.64719" lon="106.801242">
        <ele>369.6</ele>
        <time>2025-04-10T00:14:26.000Z</time>
      </trkpt>
      <trkpt lat="-6.647194" lon="106.801236">
        <ele>369.6</ele>
        <time>2025-04-10T00:14:27.000Z</time>
      </trkpt>
      <trkpt lat="-6.647199" lon="106.80123">
        <ele>369.6</ele>
        <time>2025-04-10T00:14:28.000Z</time>
      </trkpt>
      <trkpt lat="-6.647202" lon="106.801222">
        <ele>369.9</ele>
        <time>2025-04-10T00:14:29.000Z</time>
      </trkpt>
      <trkpt lat="-6.647203" lon="106.801214">
        <ele>369.9</ele>
        <time>2025-04-10T00:14:30.000Z</time>
      </trkpt>
      <trkpt lat="-6.647204" lon="106.801208">
        <ele>369.9</ele>
        <time>2025-04-10T00:14:31.000Z</time>
      </trkpt>
      <trkpt lat="-6.647206" lon="106.801202">
        <ele>369.9</ele>
        <time>2025-04-10T00:14:32.000Z</time>
      </trkpt>
      <trkpt lat="-6.64721" lon="106.801195">
        <ele>369.9</ele>
        <time>2025-04-10T00:14:33.000Z</time>
      </trkpt>
      <trkpt lat="-6.64721" lon="106.801189">
        <ele>369.9</ele>
        <time>2025-04-10T00:14:34.000Z</time>
      </trkpt>
      <trkpt lat="-6.647215" lon="106.801185">
        <ele>370.2</ele>
        <time>2025-04-10T00:14:35.000Z</time>
      </trkpt>
      <trkpt lat="-6.647219" lon="106.801179">
        <ele>370.4</ele>
        <time>2025-04-10T00:14:36.000Z</time>
      </trkpt>
      <trkpt lat="-6.647222" lon="106.801174">
        <ele>370.4</ele>
        <time>2025-04-10T00:14:37.000Z</time>
      </trkpt>
      <trkpt lat="-6.647228" lon="106.80117">
        <ele>370.4</ele>
        <time>2025-04-10T00:14:38.000Z</time>
      </trkpt>
      <trkpt lat="-6.647232" lon="106.801165">
        <ele>370.4</ele>
        <time>2025-04-10T00:14:39.000Z</time>
      </trkpt>
      <trkpt lat="-6.647236" lon="106.80116">
        <ele>370.4</ele>
        <time>2025-04-10T00:14:40.000Z</time>
      </trkpt>
      <trkpt lat="-6.64724" lon="106.801156">
        <ele>370.4</ele>
        <time>2025-04-10T00:14:41.000Z</time>
      </trkpt>
      <trkpt lat="-6.647241" lon="106.80115">
        <ele>370.4</ele>
        <time>2025-04-10T00:14:42.000Z</time>
      </trkpt>
      <trkpt lat="-6.647243" lon="106.801139">
        <ele>370.9</ele>
        <time>2025-04-10T00:14:43.000Z</time>
      </trkpt>
      <trkpt lat="-6.647248" lon="106.801131">
        <ele>370.9</ele>
        <time>2025-04-10T00:14:44.000Z</time>
      </trkpt>
      <trkpt lat="-6.647251" lon="106.801123">
        <ele>370.9</ele>
        <time>2025-04-10T00:14:45.000Z</time>
      </trkpt>
      <trkpt lat="-6.647255" lon="106.801121">
        <ele>370.9</ele>
        <time>2025-04-10T00:14:46.000Z</time>
      </trkpt>
      <trkpt lat="-6.647253" lon="106.801119">
        <ele>370.9</ele>
        <time>2025-04-10T00:14:47.000Z</time>
      </trkpt>
      <trkpt lat="-6.647245" lon="106.801113">
        <ele>370.9</ele>
        <time>2025-04-10T00:14:48.000Z</time>
      </trkpt>
      <trkpt lat="-6.64724" lon="106.801109">
        <ele>370.9</ele>
        <time>2025-04-10T00:14:49.000Z</time>
      </trkpt>
      <trkpt lat="-6.647236" lon="106.801106">
        <ele>370.9</ele>
        <time>2025-04-10T00:14:50.000Z</time>
      </trkpt>
      <trkpt lat="-6.647234" lon="106.801108">
        <ele>370.9</ele>
        <time>2025-04-10T00:14:51.000Z</time>
      </trkpt>
      <trkpt lat="-6.647235" lon="106.801111">
        <ele>370.9</ele>
        <time>2025-04-10T00:14:52.000Z</time>
      </trkpt>
      <trkpt lat="-6.647236" lon="106.801111">
        <ele>370.9</ele>
        <time>2025-04-10T00:14:53.000Z</time>
      </trkpt>
      <trkpt lat="-6.647237" lon="106.801105">
        <ele>370.9</ele>
        <time>2025-04-10T00:14:54.000Z</time>
      </trkpt>
      <trkpt lat="-6.647242" lon="106.801099">
        <ele>371.3</ele>
        <time>2025-04-10T00:14:55.000Z</time>
      </trkpt>
      <trkpt lat="-6.647243" lon="106.801097">
        <ele>371.3</ele>
        <time>2025-04-10T00:14:56.000Z</time>
      </trkpt>
      <trkpt lat="-6.647252" lon="106.801091">
        <ele>371.3</ele>
        <time>2025-04-10T00:14:57.000Z</time>
      </trkpt>
      <trkpt lat="-6.64726" lon="106.801085">
        <ele>371.6</ele>
        <time>2025-04-10T00:14:58.000Z</time>
      </trkpt>
      <trkpt lat="-6.647269" lon="106.801078">
        <ele>371.6</ele>
        <time>2025-04-10T00:14:59.000Z</time>
      </trkpt>
      <trkpt lat="-6.647277" lon="106.801072">
        <ele>371.6</ele>
        <time>2025-04-10T00:15:00.000Z</time>
      </trkpt>
      <trkpt lat="-6.64729" lon="106.801061">
        <ele>371.6</ele>
        <time>2025-04-10T00:15:01.000Z</time>
      </trkpt>
      <trkpt lat="-6.647301" lon="106.801048">
        <ele>372</ele>
        <time>2025-04-10T00:15:02.000Z</time>
      </trkpt>
      <trkpt lat="-6.647306" lon="106.801038">
        <ele>372.2</ele>
        <time>2025-04-10T00:15:03.000Z</time>
      </trkpt>
      <trkpt lat="-6.647312" lon="106.801032">
        <ele>372.2</ele>
        <time>2025-04-10T00:15:04.000Z</time>
      </trkpt>
      <trkpt lat="-6.647317" lon="106.801028">
        <ele>372.2</ele>
        <time>2025-04-10T00:15:05.000Z</time>
      </trkpt>
      <trkpt lat="-6.647322" lon="106.801025">
        <ele>372.2</ele>
        <time>2025-04-10T00:15:06.000Z</time>
      </trkpt>
      <trkpt lat="-6.647337" lon="106.801015">
        <ele>372.2</ele>
        <time>2025-04-10T00:15:07.000Z</time>
      </trkpt>
      <trkpt lat="-6.647347" lon="106.801012">
        <ele>372.8</ele>
        <time>2025-04-10T00:15:08.000Z</time>
      </trkpt>
      <trkpt lat="-6.647358" lon="106.801008">
        <ele>372.8</ele>
        <time>2025-04-10T00:15:09.000Z</time>
      </trkpt>
      <trkpt lat="-6.647377" lon="106.801003">
        <ele>372.8</ele>
        <time>2025-04-10T00:15:10.000Z</time>
      </trkpt>
      <trkpt lat="-6.647391" lon="106.801001">
        <ele>373.1</ele>
        <time>2025-04-10T00:15:11.000Z</time>
      </trkpt>
      <trkpt lat="-6.647404" lon="106.800998">
        <ele>373.1</ele>
        <time>2025-04-10T00:15:12.000Z</time>
      </trkpt>
      <trkpt lat="-6.64741" lon="106.801">
        <ele>373.1</ele>
        <time>2025-04-10T00:15:13.000Z</time>
      </trkpt>
      <trkpt lat="-6.647417" lon="106.801001">
        <ele>373.1</ele>
        <time>2025-04-10T00:15:14.000Z</time>
      </trkpt>
      <trkpt lat="-6.647423" lon="106.801003">
        <ele>373.1</ele>
        <time>2025-04-10T00:15:15.000Z</time>
      </trkpt>
      <trkpt lat="-6.647429" lon="106.801004">
        <ele>373.1</ele>
        <time>2025-04-10T00:15:16.000Z</time>
      </trkpt>
      <trkpt lat="-6.647449" lon="106.801005">
        <ele>373.5</ele>
        <time>2025-04-10T00:15:17.000Z</time>
      </trkpt>
      <trkpt lat="-6.647459" lon="106.801003">
        <ele>373.5</ele>
        <time>2025-04-10T00:15:18.000Z</time>
      </trkpt>
      <trkpt lat="-6.647468" lon="106.801001">
        <ele>373.5</ele>
        <time>2025-04-10T00:15:19.000Z</time>
      </trkpt>
      <trkpt lat="-6.647497" lon="106.800995">
        <ele>373.9</ele>
        <time>2025-04-10T00:15:20.000Z</time>
      </trkpt>
      <trkpt lat="-6.647507" lon="106.800993">
        <ele>373.9</ele>
        <time>2025-04-10T00:15:21.000Z</time>
      </trkpt>
      <trkpt lat="-6.647513" lon="106.800986">
        <ele>373.9</ele>
        <time>2025-04-10T00:15:22.000Z</time>
      </trkpt>
      <trkpt lat="-6.647518" lon="106.800981">
        <ele>374.3</ele>
        <time>2025-04-10T00:15:23.000Z</time>
      </trkpt>
      <trkpt lat="-6.647521" lon="106.800978">
        <ele>374.3</ele>
        <time>2025-04-10T00:15:24.000Z</time>
      </trkpt>
      <trkpt lat="-6.647524" lon="106.800974">
        <ele>374.3</ele>
        <time>2025-04-10T00:15:25.000Z</time>
      </trkpt>
      <trkpt lat="-6.647529" lon="106.800974">
        <ele>374.3</ele>
        <time>2025-04-10T00:15:26.000Z</time>
      </trkpt>
      <trkpt lat="-6.647536" lon="106.800971">
        <ele>374.9</ele>
        <time>2025-04-10T00:15:27.000Z</time>
      </trkpt>
      <trkpt lat="-6.647544" lon="106.800965">
        <ele>374.9</ele>
        <time>2025-04-10T00:15:28.000Z</time>
      </trkpt>
      <trkpt lat="-6.647559" lon="106.800958">
        <ele>375.4</ele>
        <time>2025-04-10T00:15:29.000Z</time>
      </trkpt>
      <trkpt lat="-6.647573" lon="106.800948">
        <ele>375.4</ele>
        <time>2025-04-10T00:15:30.000Z</time>
      </trkpt>
      <trkpt lat="-6.647588" lon="106.800942">
        <ele>375.4</ele>
        <time>2025-04-10T00:15:31.000Z</time>
      </trkpt>
      <trkpt lat="-6.647597" lon="106.800937">
        <ele>375.4</ele>
        <time>2025-04-10T00:15:32.000Z</time>
      </trkpt>
      <trkpt lat="-6.647604" lon="106.80093">
        <ele>375.9</ele>
        <time>2025-04-10T00:15:33.000Z</time>
      </trkpt>
      <trkpt lat="-6.647608" lon="106.800925">
        <ele>376.6</ele>
        <time>2025-04-10T00:15:34.000Z</time>
      </trkpt>
      <trkpt lat="-6.647609" lon="106.800921">
        <ele>376.6</ele>
        <time>2025-04-10T00:15:35.000Z</time>
      </trkpt>
      <trkpt lat="-6.647614" lon="106.800918">
        <ele>376.6</ele>
        <time>2025-04-10T00:15:36.000Z</time>
      </trkpt>
      <trkpt lat="-6.647628" lon="106.800913">
        <ele>376.6</ele>
        <time>2025-04-10T00:15:37.000Z</time>
      </trkpt>
      <trkpt lat="-6.647643" lon="106.800907">
        <ele>377</ele>
        <time>2025-04-10T00:15:38.000Z</time>
      </trkpt>
      <trkpt lat="-6.647658" lon="106.800904">
        <ele>377</ele>
        <time>2025-04-10T00:15:39.000Z</time>
      </trkpt>
      <trkpt lat="-6.64767" lon="106.800901">
        <ele>377</ele>
        <time>2025-04-10T00:15:40.000Z</time>
      </trkpt>
      <trkpt lat="-6.647679" lon="106.8009">
        <ele>377</ele>
        <time>2025-04-10T00:15:41.000Z</time>
      </trkpt>
      <trkpt lat="-6.647687" lon="106.800902">
        <ele>377.3</ele>
        <time>2025-04-10T00:15:42.000Z</time>
      </trkpt>
      <trkpt lat="-6.647689" lon="106.800907">
        <ele>377.3</ele>
        <time>2025-04-10T00:15:43.000Z</time>
      </trkpt>
      <trkpt lat="-6.647689" lon="106.800911">
        <ele>377.3</ele>
        <time>2025-04-10T00:15:44.000Z</time>
      </trkpt>
      <trkpt lat="-6.647692" lon="106.800912">
        <ele>377.3</ele>
        <time>2025-04-10T00:15:45.000Z</time>
      </trkpt>
      <trkpt lat="-6.647702" lon="106.800912">
        <ele>377.3</ele>
        <time>2025-04-10T00:15:46.000Z</time>
      </trkpt>
      <trkpt lat="-6.647732" lon="106.800908">
        <ele>377.6</ele>
        <time>2025-04-10T00:15:47.000Z</time>
      </trkpt>
      <trkpt lat="-6.647742" lon="106.800905">
        <ele>377.6</ele>
        <time>2025-04-10T00:15:48.000Z</time>
      </trkpt>
      <trkpt lat="-6.647759" lon="106.800901">
        <ele>377.6</ele>
        <time>2025-04-10T00:15:49.000Z</time>
      </trkpt>
      <trkpt lat="-6.64777" lon="106.800901">
        <ele>377.6</ele>
        <time>2025-04-10T00:15:50.000Z</time>
      </trkpt>
      <trkpt lat="-6.647777" lon="106.800903">
        <ele>377.8</ele>
        <time>2025-04-10T00:15:51.000Z</time>
      </trkpt>
      <trkpt lat="-6.647782" lon="106.800908">
        <ele>377.8</ele>
        <time>2025-04-10T00:15:52.000Z</time>
      </trkpt>
      <trkpt lat="-6.64779" lon="106.800912">
        <ele>377.8</ele>
        <time>2025-04-10T00:15:53.000Z</time>
      </trkpt>
      <trkpt lat="-6.6478" lon="106.800915">
        <ele>377.8</ele>
        <time>2025-04-10T00:15:54.000Z</time>
      </trkpt>
      <trkpt lat="-6.647814" lon="106.800917">
        <ele>378</ele>
        <time>2025-04-10T00:15:55.000Z</time>
      </trkpt>
      <trkpt lat="-6.647826" lon="106.800919">
        <ele>378</ele>
        <time>2025-04-10T00:15:56.000Z</time>
      </trkpt>
      <trkpt lat="-6.647835" lon="106.800918">
        <ele>378</ele>
        <time>2025-04-10T00:15:57.000Z</time>
      </trkpt>
      <trkpt lat="-6.647845" lon="106.800922">
        <ele>378</ele>
        <time>2025-04-10T00:15:58.000Z</time>
      </trkpt>
      <trkpt lat="-6.647853" lon="106.800927">
        <ele>378</ele>
        <time>2025-04-10T00:15:59.000Z</time>
      </trkpt>
      <trkpt lat="-6.647862" lon="106.800933">
        <ele>377.1</ele>
        <time>2025-04-10T00:16:00.000Z</time>
      </trkpt>
      <trkpt lat="-6.647869" lon="106.800936">
        <ele>377.1</ele>
        <time>2025-04-10T00:16:01.000Z</time>
      </trkpt>
      <trkpt lat="-6.647871" lon="106.800941">
        <ele>377.1</ele>
        <time>2025-04-10T00:16:02.000Z</time>
      </trkpt>
      <trkpt lat="-6.647875" lon="106.800945">
        <ele>377.1</ele>
        <time>2025-04-10T00:16:03.000Z</time>
      </trkpt>
      <trkpt lat="-6.647878" lon="106.80095">
        <ele>377.1</ele>
        <time>2025-04-10T00:16:04.000Z</time>
      </trkpt>
      <trkpt lat="-6.647878" lon="106.800954">
        <ele>377.1</ele>
        <time>2025-04-10T00:16:05.000Z</time>
      </trkpt>
      <trkpt lat="-6.647875" lon="106.800957">
        <ele>377.1</ele>
        <time>2025-04-10T00:16:06.000Z</time>
      </trkpt>
      <trkpt lat="-6.647876" lon="106.800959">
        <ele>377.1</ele>
        <time>2025-04-10T00:16:07.000Z</time>
      </trkpt>
      <trkpt lat="-6.647882" lon="106.80096">
        <ele>377.1</ele>
        <time>2025-04-10T00:16:08.000Z</time>
      </trkpt>
      <trkpt lat="-6.64789" lon="106.800962">
        <ele>377.1</ele>
        <time>2025-04-10T00:16:09.000Z</time>
      </trkpt>
      <trkpt lat="-6.647894" lon="106.800965">
        <ele>377.1</ele>
        <time>2025-04-10T00:16:10.000Z</time>
      </trkpt>
      <trkpt lat="-6.647895" lon="106.80097">
        <ele>377.1</ele>
        <time>2025-04-10T00:16:11.000Z</time>
      </trkpt>
      <trkpt lat="-6.647895" lon="106.800972">
        <ele>376</ele>
        <time>2025-04-10T00:16:12.000Z</time>
      </trkpt>
      <trkpt lat="-6.647897" lon="106.800973">
        <ele>376</ele>
        <time>2025-04-10T00:16:13.000Z</time>
      </trkpt>
      <trkpt lat="-6.6479" lon="106.800975">
        <ele>376.3</ele>
        <time>2025-04-10T00:16:14.000Z</time>
      </trkpt>
      <trkpt lat="-6.647903" lon="106.800973">
        <ele>376.3</ele>
        <time>2025-04-10T00:16:15.000Z</time>
      </trkpt>
      <trkpt lat="-6.647906" lon="106.800974">
        <ele>376.3</ele>
        <time>2025-04-10T00:16:16.000Z</time>
      </trkpt>
      <trkpt lat="-6.647909" lon="106.800975">
        <ele>376.3</ele>
        <time>2025-04-10T00:16:17.000Z</time>
      </trkpt>
      <trkpt lat="-6.647912" lon="106.800977">
        <ele>376.3</ele>
        <time>2025-04-10T00:16:18.000Z</time>
      </trkpt>
      <trkpt lat="-6.647915" lon="106.800978">
        <ele>376.3</ele>
        <time>2025-04-10T00:16:19.000Z</time>
      </trkpt>
      <trkpt lat="-6.647918" lon="106.800979">
        <ele>376.3</ele>
        <time>2025-04-10T00:16:20.000Z</time>
      </trkpt>
      <trkpt lat="-6.647921" lon="106.80098">
        <ele>376.3</ele>
        <time>2025-04-10T00:16:21.000Z</time>
      </trkpt>
      <trkpt lat="-6.647924" lon="106.800981">
        <ele>376.3</ele>
        <time>2025-04-10T00:16:22.000Z</time>
      </trkpt>
      <trkpt lat="-6.647927" lon="106.800982">
        <ele>376.3</ele>
        <time>2025-04-10T00:16:23.000Z</time>
      </trkpt>
      <trkpt lat="-6.64793" lon="106.800984">
        <ele>376.3</ele>
        <time>2025-04-10T00:16:24.000Z</time>
      </trkpt>
      <trkpt lat="-6.647933" lon="106.800985">
        <ele>376.3</ele>
        <time>2025-04-10T00:16:25.000Z</time>
      </trkpt>
      <trkpt lat="-6.647936" lon="106.800986">
        <ele>376.3</ele>
        <time>2025-04-10T00:16:26.000Z</time>
      </trkpt>
      <trkpt lat="-6.647949" lon="106.80099">
        <ele>376.6</ele>
        <time>2025-04-10T00:16:27.000Z</time>
      </trkpt>
      <trkpt lat="-6.64796" lon="106.800993">
        <ele>376.6</ele>
        <time>2025-04-10T00:16:28.000Z</time>
      </trkpt>
      <trkpt lat="-6.647966" lon="106.800995">
        <ele>376.6</ele>
        <time>2025-04-10T00:16:29.000Z</time>
      </trkpt>
      <trkpt lat="-6.647972" lon="106.801">
        <ele>376.6</ele>
        <time>2025-04-10T00:16:30.000Z</time>
      </trkpt>
      <trkpt lat="-6.647976" lon="106.801003">
        <ele>376.6</ele>
        <time>2025-04-10T00:16:31.000Z</time>
      </trkpt>
      <trkpt lat="-6.647982" lon="106.801004">
        <ele>376.6</ele>
        <time>2025-04-10T00:16:32.000Z</time>
      </trkpt>
      <trkpt lat="-6.64799" lon="106.801005">
        <ele>377.1</ele>
        <time>2025-04-10T00:16:33.000Z</time>
      </trkpt>
      <trkpt lat="-6.647996" lon="106.801005">
        <ele>377.1</ele>
        <time>2025-04-10T00:16:34.000Z</time>
      </trkpt>
      <trkpt lat="-6.64801" lon="106.801007">
        <ele>377.1</ele>
        <time>2025-04-10T00:16:35.000Z</time>
      </trkpt>
      <trkpt lat="-6.648019" lon="106.801009">
        <ele>377.1</ele>
        <time>2025-04-10T00:16:36.000Z</time>
      </trkpt>
      <trkpt lat="-6.648027" lon="106.801012">
        <ele>377.7</ele>
        <time>2025-04-10T00:16:37.000Z</time>
      </trkpt>
      <trkpt lat="-6.648035" lon="106.801014">
        <ele>376.8</ele>
        <time>2025-04-10T00:16:38.000Z</time>
      </trkpt>
      <trkpt lat="-6.648045" lon="106.801019">
        <ele>376.8</ele>
        <time>2025-04-10T00:16:39.000Z</time>
      </trkpt>
      <trkpt lat="-6.648057" lon="106.801022">
        <ele>376.8</ele>
        <time>2025-04-10T00:16:40.000Z</time>
      </trkpt>
      <trkpt lat="-6.648064" lon="106.801024">
        <ele>376.8</ele>
        <time>2025-04-10T00:16:41.000Z</time>
      </trkpt>
      <trkpt lat="-6.648072" lon="106.801024">
        <ele>377.5</ele>
        <time>2025-04-10T00:16:42.000Z</time>
      </trkpt>
      <trkpt lat="-6.648081" lon="106.801021">
        <ele>377.5</ele>
        <time>2025-04-10T00:16:43.000Z</time>
      </trkpt>
      <trkpt lat="-6.648092" lon="106.801019">
        <ele>377.5</ele>
        <time>2025-04-10T00:16:44.000Z</time>
      </trkpt>
      <trkpt lat="-6.648107" lon="106.801022">
        <ele>377.5</ele>
        <time>2025-04-10T00:16:45.000Z</time>
      </trkpt>
      <trkpt lat="-6.648122" lon="106.801024">
        <ele>378.2</ele>
        <time>2025-04-10T00:16:46.000Z</time>
      </trkpt>
      <trkpt lat="-6.648138" lon="106.801026">
        <ele>378.2</ele>
        <time>2025-04-10T00:16:47.000Z</time>
      </trkpt>
      <trkpt lat="-6.648151" lon="106.801029">
        <ele>378.2</ele>
        <time>2025-04-10T00:16:48.000Z</time>
      </trkpt>
      <trkpt lat="-6.648168" lon="106.801041">
        <ele>378.9</ele>
        <time>2025-04-10T00:16:49.000Z</time>
      </trkpt>
      <trkpt lat="-6.648174" lon="106.801046">
        <ele>378.9</ele>
        <time>2025-04-10T00:16:50.000Z</time>
      </trkpt>
      <trkpt lat="-6.64818" lon="106.801052">
        <ele>378.9</ele>
        <time>2025-04-10T00:16:51.000Z</time>
      </trkpt>
      <trkpt lat="-6.648186" lon="106.801058">
        <ele>378.2</ele>
        <time>2025-04-10T00:16:52.000Z</time>
      </trkpt>
      <trkpt lat="-6.648196" lon="106.801065">
        <ele>378.2</ele>
        <time>2025-04-10T00:16:53.000Z</time>
      </trkpt>
      <trkpt lat="-6.648209" lon="106.801071">
        <ele>378.9</ele>
        <time>2025-04-10T00:16:54.000Z</time>
      </trkpt>
      <trkpt lat="-6.648222" lon="106.801075">
        <ele>378.9</ele>
        <time>2025-04-10T00:16:55.000Z</time>
      </trkpt>
      <trkpt lat="-6.648232" lon="106.801078">
        <ele>378.9</ele>
        <time>2025-04-10T00:16:56.000Z</time>
      </trkpt>
      <trkpt lat="-6.648238" lon="106.80108">
        <ele>378.9</ele>
        <time>2025-04-10T00:16:57.000Z</time>
      </trkpt>
      <trkpt lat="-6.648244" lon="106.801086">
        <ele>379.6</ele>
        <time>2025-04-10T00:16:58.000Z</time>
      </trkpt>
      <trkpt lat="-6.64825" lon="106.801092">
        <ele>379.6</ele>
        <time>2025-04-10T00:16:59.000Z</time>
      </trkpt>
      <trkpt lat="-6.648258" lon="106.801105">
        <ele>379.1</ele>
        <time>2025-04-10T00:17:00.000Z</time>
      </trkpt>
      <trkpt lat="-6.648266" lon="106.801111">
        <ele>379.1</ele>
        <time>2025-04-10T00:17:01.000Z</time>
      </trkpt>
      <trkpt lat="-6.648276" lon="106.801116">
        <ele>379.1</ele>
        <time>2025-04-10T00:17:02.000Z</time>
      </trkpt>
      <trkpt lat="-6.648286" lon="106.801122">
        <ele>379.9</ele>
        <time>2025-04-10T00:17:03.000Z</time>
      </trkpt>
      <trkpt lat="-6.648296" lon="106.801132">
        <ele>379.9</ele>
        <time>2025-04-10T00:17:04.000Z</time>
      </trkpt>
      <trkpt lat="-6.648302" lon="106.80114">
        <ele>379.9</ele>
        <time>2025-04-10T00:17:05.000Z</time>
      </trkpt>
      <trkpt lat="-6.648309" lon="106.801146">
        <ele>379.4</ele>
        <time>2025-04-10T00:17:06.000Z</time>
      </trkpt>
      <trkpt lat="-6.648316" lon="106.801149">
        <ele>379.4</ele>
        <time>2025-04-10T00:17:07.000Z</time>
      </trkpt>
      <trkpt lat="-6.648323" lon="106.801153">
        <ele>379.4</ele>
        <time>2025-04-10T00:17:08.000Z</time>
      </trkpt>
      <trkpt lat="-6.64833" lon="106.801158">
        <ele>380.2</ele>
        <time>2025-04-10T00:17:09.000Z</time>
      </trkpt>
      <trkpt lat="-6.648337" lon="106.801164">
        <ele>380.2</ele>
        <time>2025-04-10T00:17:10.000Z</time>
      </trkpt>
      <trkpt lat="-6.648344" lon="106.801172">
        <ele>380.2</ele>
        <time>2025-04-10T00:17:11.000Z</time>
      </trkpt>
      <trkpt lat="-6.648352" lon="106.801179">
        <ele>380.2</ele>
        <time>2025-04-10T00:17:12.000Z</time>
      </trkpt>
      <trkpt lat="-6.648362" lon="106.801184">
        <ele>380.2</ele>
        <time>2025-04-10T00:17:13.000Z</time>
      </trkpt>
      <trkpt lat="-6.64838" lon="106.801192">
        <ele>380.4</ele>
        <time>2025-04-10T00:17:14.000Z</time>
      </trkpt>
      <trkpt lat="-6.648388" lon="106.801197">
        <ele>380.4</ele>
        <time>2025-04-10T00:17:15.000Z</time>
      </trkpt>
      <trkpt lat="-6.648395" lon="106.801201">
        <ele>380.4</ele>
        <time>2025-04-10T00:17:16.000Z</time>
      </trkpt>
      <trkpt lat="-6.648404" lon="106.801208">
        <ele>380.4</ele>
        <time>2025-04-10T00:17:17.000Z</time>
      </trkpt>
      <trkpt lat="-6.648412" lon="106.801212">
        <ele>380.9</ele>
        <time>2025-04-10T00:17:18.000Z</time>
      </trkpt>
      <trkpt lat="-6.648422" lon="106.801217">
        <ele>380.9</ele>
        <time>2025-04-10T00:17:19.000Z</time>
      </trkpt>
      <trkpt lat="-6.648433" lon="106.801219">
        <ele>380.9</ele>
        <time>2025-04-10T00:17:20.000Z</time>
      </trkpt>
      <trkpt lat="-6.648445" lon="106.801222">
        <ele>380.9</ele>
        <time>2025-04-10T00:17:21.000Z</time>
      </trkpt>
      <trkpt lat="-6.648456" lon="106.801224">
        <ele>381.3</ele>
        <time>2025-04-10T00:17:22.000Z</time>
      </trkpt>
      <trkpt lat="-6.648469" lon="106.801228">
        <ele>381.3</ele>
        <time>2025-04-10T00:17:23.000Z</time>
      </trkpt>
      <trkpt lat="-6.648483" lon="106.801231">
        <ele>380.6</ele>
        <time>2025-04-10T00:17:24.000Z</time>
      </trkpt>
      <trkpt lat="-6.648496" lon="106.801233">
        <ele>380.9</ele>
        <time>2025-04-10T00:17:25.000Z</time>
      </trkpt>
      <trkpt lat="-6.648507" lon="106.80123">
        <ele>380.9</ele>
        <time>2025-04-10T00:17:26.000Z</time>
      </trkpt>
      <trkpt lat="-6.648517" lon="106.801226">
        <ele>381.7</ele>
        <time>2025-04-10T00:17:27.000Z</time>
      </trkpt>
      <trkpt lat="-6.648524" lon="106.801223">
        <ele>381.7</ele>
        <time>2025-04-10T00:17:28.000Z</time>
      </trkpt>
      <trkpt lat="-6.648533" lon="106.801223">
        <ele>381.7</ele>
        <time>2025-04-10T00:17:29.000Z</time>
      </trkpt>
      <trkpt lat="-6.648541" lon="106.801221">
        <ele>382</ele>
        <time>2025-04-10T00:17:30.000Z</time>
      </trkpt>
      <trkpt lat="-6.648549" lon="106.801215">
        <ele>382</ele>
        <time>2025-04-10T00:17:31.000Z</time>
      </trkpt>
      <trkpt lat="-6.648558" lon="106.801211">
        <ele>382</ele>
        <time>2025-04-10T00:17:32.000Z</time>
      </trkpt>
      <trkpt lat="-6.648562" lon="106.801208">
        <ele>382</ele>
        <time>2025-04-10T00:17:33.000Z</time>
      </trkpt>
      <trkpt lat="-6.648565" lon="106.801205">
        <ele>382</ele>
        <time>2025-04-10T00:17:34.000Z</time>
      </trkpt>
      <trkpt lat="-6.648569" lon="106.801203">
        <ele>382</ele>
        <time>2025-04-10T00:17:35.000Z</time>
      </trkpt>
      <trkpt lat="-6.648572" lon="106.8012">
        <ele>382</ele>
        <time>2025-04-10T00:17:36.000Z</time>
      </trkpt>
      <trkpt lat="-6.648576" lon="106.801197">
        <ele>382</ele>
        <time>2025-04-10T00:17:37.000Z</time>
      </trkpt>
      <trkpt lat="-6.648579" lon="106.801194">
        <ele>382</ele>
        <time>2025-04-10T00:17:38.000Z</time>
      </trkpt>
      <trkpt lat="-6.648584" lon="106.801187">
        <ele>382.3</ele>
        <time>2025-04-10T00:17:39.000Z</time>
      </trkpt>
      <trkpt lat="-6.648586" lon="106.801181">
        <ele>383.2</ele>
        <time>2025-04-10T00:17:40.000Z</time>
      </trkpt>
      <trkpt lat="-6.648589" lon="106.801174">
        <ele>383.2</ele>
        <time>2025-04-10T00:17:41.000Z</time>
      </trkpt>
      <trkpt lat="-6.648591" lon="106.801167">
        <ele>383.2</ele>
        <time>2025-04-10T00:17:42.000Z</time>
      </trkpt>
      <trkpt lat="-6.648593" lon="106.801156">
        <ele>383.2</ele>
        <time>2025-04-10T00:17:43.000Z</time>
      </trkpt>
      <trkpt lat="-6.648598" lon="106.801146">
        <ele>383.2</ele>
        <time>2025-04-10T00:17:44.000Z</time>
      </trkpt>
      <trkpt lat="-6.648603" lon="106.801138">
        <ele>384.3</ele>
        <time>2025-04-10T00:17:45.000Z</time>
      </trkpt>
      <trkpt lat="-6.648611" lon="106.80113">
        <ele>384.3</ele>
        <time>2025-04-10T00:17:46.000Z</time>
      </trkpt>
      <trkpt lat="-6.648617" lon="106.801123">
        <ele>384.3</ele>
        <time>2025-04-10T00:17:47.000Z</time>
      </trkpt>
      <trkpt lat="-6.648625" lon="106.801114">
        <ele>384.7</ele>
        <time>2025-04-10T00:17:48.000Z</time>
      </trkpt>
      <trkpt lat="-6.648634" lon="106.801107">
        <ele>384.7</ele>
        <time>2025-04-10T00:17:49.000Z</time>
      </trkpt>
      <trkpt lat="-6.64864" lon="106.801101">
        <ele>384.7</ele>
        <time>2025-04-10T00:17:50.000Z</time>
      </trkpt>
      <trkpt lat="-6.648648" lon="106.801095">
        <ele>385.8</ele>
        <time>2025-04-10T00:17:51.000Z</time>
      </trkpt>
      <trkpt lat="-6.648654" lon="106.801089">
        <ele>385.8</ele>
        <time>2025-04-10T00:17:52.000Z</time>
      </trkpt>
      <trkpt lat="-6.648662" lon="106.801086">
        <ele>385.8</ele>
        <time>2025-04-10T00:17:53.000Z</time>
      </trkpt>
      <trkpt lat="-6.648668" lon="106.801081">
        <ele>386.1</ele>
        <time>2025-04-10T00:17:54.000Z</time>
      </trkpt>
      <trkpt lat="-6.648674" lon="106.801076">
        <ele>386.1</ele>
        <time>2025-04-10T00:17:55.000Z</time>
      </trkpt>
      <trkpt lat="-6.648676" lon="106.801066">
        <ele>386.1</ele>
        <time>2025-04-10T00:17:56.000Z</time>
      </trkpt>
      <trkpt lat="-6.648672" lon="106.801054">
        <ele>387.2</ele>
        <time>2025-04-10T00:17:57.000Z</time>
      </trkpt>
      <trkpt lat="-6.648678" lon="106.801046">
        <ele>387.2</ele>
        <time>2025-04-10T00:17:58.000Z</time>
      </trkpt>
      <trkpt lat="-6.648685" lon="106.80104">
        <ele>387.2</ele>
        <time>2025-04-10T00:17:59.000Z</time>
      </trkpt>
      <trkpt lat="-6.648693" lon="106.801033">
        <ele>387.2</ele>
        <time>2025-04-10T00:18:00.000Z</time>
      </trkpt>
      <trkpt lat="-6.648697" lon="106.801025">
        <ele>387.2</ele>
        <time>2025-04-10T00:18:01.000Z</time>
      </trkpt>
      <trkpt lat="-6.6487" lon="106.801004">
        <ele>388.2</ele>
        <time>2025-04-10T00:18:02.000Z</time>
      </trkpt>
      <trkpt lat="-6.6487" lon="106.800993">
        <ele>388.2</ele>
        <time>2025-04-10T00:18:03.000Z</time>
      </trkpt>
      <trkpt lat="-6.648701" lon="106.800983">
        <ele>388.2</ele>
        <time>2025-04-10T00:18:04.000Z</time>
      </trkpt>
      <trkpt lat="-6.648716" lon="106.800987">
        <ele>388.5</ele>
        <time>2025-04-10T00:18:05.000Z</time>
      </trkpt>
      <trkpt lat="-6.648724" lon="106.800996">
        <ele>388.5</ele>
        <time>2025-04-10T00:18:06.000Z</time>
      </trkpt>
      <trkpt lat="-6.648732" lon="106.801004">
        <ele>388.5</ele>
        <time>2025-04-10T00:18:07.000Z</time>
      </trkpt>
      <trkpt lat="-6.648737" lon="106.801007">
        <ele>388.5</ele>
        <time>2025-04-10T00:18:08.000Z</time>
      </trkpt>
      <trkpt lat="-6.648739" lon="106.801004">
        <ele>388.5</ele>
        <time>2025-04-10T00:18:09.000Z</time>
      </trkpt>
      <trkpt lat="-6.648742" lon="106.801">
        <ele>388.5</ele>
        <time>2025-04-10T00:18:10.000Z</time>
      </trkpt>
      <trkpt lat="-6.648746" lon="106.800995">
        <ele>388.5</ele>
        <time>2025-04-10T00:18:11.000Z</time>
      </trkpt>
      <trkpt lat="-6.648751" lon="106.800992">
        <ele>388.6</ele>
        <time>2025-04-10T00:18:12.000Z</time>
      </trkpt>
      <trkpt lat="-6.648756" lon="106.800988">
        <ele>388.6</ele>
        <time>2025-04-10T00:18:13.000Z</time>
      </trkpt>
      <trkpt lat="-6.64876" lon="106.800984">
        <ele>388.6</ele>
        <time>2025-04-10T00:18:14.000Z</time>
      </trkpt>
      <trkpt lat="-6.648766" lon="106.80098">
        <ele>388.6</ele>
        <time>2025-04-10T00:18:15.000Z</time>
      </trkpt>
      <trkpt lat="-6.64877" lon="106.800974">
        <ele>388.6</ele>
        <time>2025-04-10T00:18:16.000Z</time>
      </trkpt>
      <trkpt lat="-6.648775" lon="106.800967">
        <ele>389.6</ele>
        <time>2025-04-10T00:18:17.000Z</time>
      </trkpt>
      <trkpt lat="-6.648778" lon="106.800961">
        <ele>389.6</ele>
        <time>2025-04-10T00:18:18.000Z</time>
      </trkpt>
      <trkpt lat="-6.648785" lon="106.800955">
        <ele>389.6</ele>
        <time>2025-04-10T00:18:19.000Z</time>
      </trkpt>
      <trkpt lat="-6.648792" lon="106.80095">
        <ele>389.6</ele>
        <time>2025-04-10T00:18:20.000Z</time>
      </trkpt>
      <trkpt lat="-6.648796" lon="106.800946">
        <ele>389.8</ele>
        <time>2025-04-10T00:18:21.000Z</time>
      </trkpt>
      <trkpt lat="-6.6488" lon="106.80094">
        <ele>389.8</ele>
        <time>2025-04-10T00:18:22.000Z</time>
      </trkpt>
      <trkpt lat="-6.648802" lon="106.800938">
        <ele>389.8</ele>
        <time>2025-04-10T00:18:23.000Z</time>
      </trkpt>
      <trkpt lat="-6.648805" lon="106.800935">
        <ele>389.8</ele>
        <time>2025-04-10T00:18:24.000Z</time>
      </trkpt>
      <trkpt lat="-6.64881" lon="106.800934">
        <ele>389.8</ele>
        <time>2025-04-10T00:18:25.000Z</time>
      </trkpt>
      <trkpt lat="-6.648815" lon="106.800932">
        <ele>389.8</ele>
        <time>2025-04-10T00:18:26.000Z</time>
      </trkpt>
      <trkpt lat="-6.648821" lon="106.800931">
        <ele>389.8</ele>
        <time>2025-04-10T00:18:27.000Z</time>
      </trkpt>
      <trkpt lat="-6.648827" lon="106.800928">
        <ele>390.9</ele>
        <time>2025-04-10T00:18:28.000Z</time>
      </trkpt>
      <trkpt lat="-6.648831" lon="106.800925">
        <ele>390.9</ele>
        <time>2025-04-10T00:18:29.000Z</time>
      </trkpt>
      <trkpt lat="-6.648835" lon="106.800922">
        <ele>390.9</ele>
        <time>2025-04-10T00:18:30.000Z</time>
      </trkpt>
      <trkpt lat="-6.648838" lon="106.80092">
        <ele>391.1</ele>
        <time>2025-04-10T00:18:31.000Z</time>
      </trkpt>
      <trkpt lat="-6.648843" lon="106.800921">
        <ele>391.1</ele>
        <time>2025-04-10T00:18:32.000Z</time>
      </trkpt>
      <trkpt lat="-6.648848" lon="106.80092">
        <ele>391.1</ele>
        <time>2025-04-10T00:18:33.000Z</time>
      </trkpt>
      <trkpt lat="-6.648851" lon="106.800917">
        <ele>391.1</ele>
        <time>2025-04-10T00:18:34.000Z</time>
      </trkpt>
      <trkpt lat="-6.648857" lon="106.800915">
        <ele>391.1</ele>
        <time>2025-04-10T00:18:35.000Z</time>
      </trkpt>
      <trkpt lat="-6.648866" lon="106.800914">
        <ele>391.1</ele>
        <time>2025-04-10T00:18:36.000Z</time>
      </trkpt>
      <trkpt lat="-6.648875" lon="106.800917">
        <ele>391.1</ele>
        <time>2025-04-10T00:18:37.000Z</time>
      </trkpt>
      <trkpt lat="-6.648882" lon="106.800919">
        <ele>391.4</ele>
        <time>2025-04-10T00:18:38.000Z</time>
      </trkpt>
      <trkpt lat="-6.648889" lon="106.800919">
        <ele>391.4</ele>
        <time>2025-04-10T00:18:39.000Z</time>
      </trkpt>
      <trkpt lat="-6.648898" lon="106.800917">
        <ele>391.4</ele>
        <time>2025-04-10T00:18:40.000Z</time>
      </trkpt>
      <trkpt lat="-6.648906" lon="106.800914">
        <ele>391.4</ele>
        <time>2025-04-10T00:18:41.000Z</time>
      </trkpt>
      <trkpt lat="-6.648914" lon="106.800912">
        <ele>391.4</ele>
        <time>2025-04-10T00:18:42.000Z</time>
      </trkpt>
      <trkpt lat="-6.648921" lon="106.800911">
        <ele>391.4</ele>
        <time>2025-04-10T00:18:43.000Z</time>
      </trkpt>
      <trkpt lat="-6.648929" lon="106.800909">
        <ele>391.7</ele>
        <time>2025-04-10T00:18:44.000Z</time>
      </trkpt>
      <trkpt lat="-6.648939" lon="106.800907">
        <ele>391.7</ele>
        <time>2025-04-10T00:18:45.000Z</time>
      </trkpt>
      <trkpt lat="-6.648947" lon="106.800904">
        <ele>391.7</ele>
        <time>2025-04-10T00:18:46.000Z</time>
      </trkpt>
      <trkpt lat="-6.648956" lon="106.800902">
        <ele>391.7</ele>
        <time>2025-04-10T00:18:47.000Z</time>
      </trkpt>
      <trkpt lat="-6.648964" lon="106.8009">
        <ele>391.9</ele>
        <time>2025-04-10T00:18:48.000Z</time>
      </trkpt>
      <trkpt lat="-6.648974" lon="106.800897">
        <ele>391.9</ele>
        <time>2025-04-10T00:18:49.000Z</time>
      </trkpt>
      <trkpt lat="-6.648985" lon="106.800893">
        <ele>391.9</ele>
        <time>2025-04-10T00:18:50.000Z</time>
      </trkpt>
      <trkpt lat="-6.648995" lon="106.800888">
        <ele>391.9</ele>
        <time>2025-04-10T00:18:51.000Z</time>
      </trkpt>
      <trkpt lat="-6.649004" lon="106.800886">
        <ele>391.9</ele>
        <time>2025-04-10T00:18:52.000Z</time>
      </trkpt>
      <trkpt lat="-6.649012" lon="106.800886">
        <ele>392</ele>
        <time>2025-04-10T00:18:53.000Z</time>
      </trkpt>
      <trkpt lat="-6.64902" lon="106.800885">
        <ele>392.9</ele>
        <time>2025-04-10T00:18:54.000Z</time>
      </trkpt>
      <trkpt lat="-6.649028" lon="106.800884">
        <ele>392.9</ele>
        <time>2025-04-10T00:18:55.000Z</time>
      </trkpt>
      <trkpt lat="-6.649039" lon="106.800882">
        <ele>392.9</ele>
        <time>2025-04-10T00:18:56.000Z</time>
      </trkpt>
      <trkpt lat="-6.64905" lon="106.800878">
        <ele>392.8</ele>
        <time>2025-04-10T00:18:57.000Z</time>
      </trkpt>
      <trkpt lat="-6.649061" lon="106.800874">
        <ele>392.8</ele>
        <time>2025-04-10T00:18:58.000Z</time>
      </trkpt>
      <trkpt lat="-6.649074" lon="106.800875">
        <ele>392.8</ele>
        <time>2025-04-10T00:18:59.000Z</time>
      </trkpt>
      <trkpt lat="-6.649084" lon="106.800875">
        <ele>392.8</ele>
        <time>2025-04-10T00:19:00.000Z</time>
      </trkpt>
      <trkpt lat="-6.649092" lon="106.800874">
        <ele>392.7</ele>
        <time>2025-04-10T00:19:01.000Z</time>
      </trkpt>
      <trkpt lat="-6.6491" lon="106.800875">
        <ele>392.7</ele>
        <time>2025-04-10T00:19:02.000Z</time>
      </trkpt>
      <trkpt lat="-6.649109" lon="106.800876">
        <ele>392.7</ele>
        <time>2025-04-10T00:19:03.000Z</time>
      </trkpt>
      <trkpt lat="-6.649119" lon="106.800875">
        <ele>392.7</ele>
        <time>2025-04-10T00:19:04.000Z</time>
      </trkpt>
      <trkpt lat="-6.649129" lon="106.800873">
        <ele>392.7</ele>
        <time>2025-04-10T00:19:05.000Z</time>
      </trkpt>
      <trkpt lat="-6.649142" lon="106.800873">
        <ele>392.6</ele>
        <time>2025-04-10T00:19:06.000Z</time>
      </trkpt>
      <trkpt lat="-6.649155" lon="106.800872">
        <ele>392.6</ele>
        <time>2025-04-10T00:19:07.000Z</time>
      </trkpt>
      <trkpt lat="-6.649165" lon="106.800873">
        <ele>392.6</ele>
        <time>2025-04-10T00:19:08.000Z</time>
      </trkpt>
      <trkpt lat="-6.649172" lon="106.800874">
        <ele>392.6</ele>
        <time>2025-04-10T00:19:09.000Z</time>
      </trkpt>
      <trkpt lat="-6.649178" lon="106.800875">
        <ele>392.6</ele>
        <time>2025-04-10T00:19:10.000Z</time>
      </trkpt>
      <trkpt lat="-6.649187" lon="106.800875">
        <ele>392.6</ele>
        <time>2025-04-10T00:19:11.000Z</time>
      </trkpt>
      <trkpt lat="-6.649198" lon="106.800874">
        <ele>392.6</ele>
        <time>2025-04-10T00:19:12.000Z</time>
      </trkpt>
      <trkpt lat="-6.649208" lon="106.800873">
        <ele>392.6</ele>
        <time>2025-04-10T00:19:13.000Z</time>
      </trkpt>
      <trkpt lat="-6.649228" lon="106.800876">
        <ele>392.7</ele>
        <time>2025-04-10T00:19:14.000Z</time>
      </trkpt>
      <trkpt lat="-6.649238" lon="106.800876">
        <ele>392.7</ele>
        <time>2025-04-10T00:19:15.000Z</time>
      </trkpt>
      <trkpt lat="-6.649247" lon="106.800875">
        <ele>392.7</ele>
        <time>2025-04-10T00:19:16.000Z</time>
      </trkpt>
      <trkpt lat="-6.649259" lon="106.800875">
        <ele>392.7</ele>
        <time>2025-04-10T00:19:17.000Z</time>
      </trkpt>
      <trkpt lat="-6.64927" lon="106.800873">
        <ele>392.8</ele>
        <time>2025-04-10T00:19:18.000Z</time>
      </trkpt>
      <trkpt lat="-6.649279" lon="106.800871">
        <ele>392.8</ele>
        <time>2025-04-10T00:19:19.000Z</time>
      </trkpt>
      <trkpt lat="-6.649288" lon="106.800869">
        <ele>392.8</ele>
        <time>2025-04-10T00:19:20.000Z</time>
      </trkpt>
      <trkpt lat="-6.649297" lon="106.800865">
        <ele>392.8</ele>
        <time>2025-04-10T00:19:21.000Z</time>
      </trkpt>
      <trkpt lat="-6.649308" lon="106.800864">
        <ele>393</ele>
        <time>2025-04-10T00:19:22.000Z</time>
      </trkpt>
      <trkpt lat="-6.649327" lon="106.800863">
        <ele>393</ele>
        <time>2025-04-10T00:19:23.000Z</time>
      </trkpt>
      <trkpt lat="-6.649336" lon="106.800862">
        <ele>393</ele>
        <time>2025-04-10T00:19:24.000Z</time>
      </trkpt>
      <trkpt lat="-6.649344" lon="106.800861">
        <ele>393</ele>
        <time>2025-04-10T00:19:25.000Z</time>
      </trkpt>
      <trkpt lat="-6.649354" lon="106.800865">
        <ele>393.3</ele>
        <time>2025-04-10T00:19:26.000Z</time>
      </trkpt>
      <trkpt lat="-6.649361" lon="106.800866">
        <ele>393.3</ele>
        <time>2025-04-10T00:19:27.000Z</time>
      </trkpt>
      <trkpt lat="-6.64937" lon="106.800866">
        <ele>393.3</ele>
        <time>2025-04-10T00:19:28.000Z</time>
      </trkpt>
      <trkpt lat="-6.64938" lon="106.800867">
        <ele>393.3</ele>
        <time>2025-04-10T00:19:29.000Z</time>
      </trkpt>
      <trkpt lat="-6.649391" lon="106.80087">
        <ele>393.5</ele>
        <time>2025-04-10T00:19:30.000Z</time>
      </trkpt>
      <trkpt lat="-6.649402" lon="106.800872">
        <ele>393.5</ele>
        <time>2025-04-10T00:19:31.000Z</time>
      </trkpt>
      <trkpt lat="-6.649414" lon="106.800871">
        <ele>393.5</ele>
        <time>2025-04-10T00:19:32.000Z</time>
      </trkpt>
      <trkpt lat="-6.649425" lon="106.800869">
        <ele>393.5</ele>
        <time>2025-04-10T00:19:33.000Z</time>
      </trkpt>
      <trkpt lat="-6.649433" lon="106.800869">
        <ele>393.7</ele>
        <time>2025-04-10T00:19:34.000Z</time>
      </trkpt>
      <trkpt lat="-6.649438" lon="106.800869">
        <ele>393.7</ele>
        <time>2025-04-10T00:19:35.000Z</time>
      </trkpt>
      <trkpt lat="-6.649445" lon="106.800866">
        <ele>393.7</ele>
        <time>2025-04-10T00:19:36.000Z</time>
      </trkpt>
      <trkpt lat="-6.649452" lon="106.800861">
        <ele>393.7</ele>
        <time>2025-04-10T00:19:37.000Z</time>
      </trkpt>
      <trkpt lat="-6.649461" lon="106.800858">
        <ele>393.7</ele>
        <time>2025-04-10T00:19:38.000Z</time>
      </trkpt>
      <trkpt lat="-6.64947" lon="106.800854">
        <ele>393.7</ele>
        <time>2025-04-10T00:19:39.000Z</time>
      </trkpt>
      <trkpt lat="-6.649481" lon="106.800845">
        <ele>393.9</ele>
        <time>2025-04-10T00:19:40.000Z</time>
      </trkpt>
      <trkpt lat="-6.649493" lon="106.800836">
        <ele>394.1</ele>
        <time>2025-04-10T00:19:41.000Z</time>
      </trkpt>
      <trkpt lat="-6.649505" lon="106.800828">
        <ele>394.1</ele>
        <time>2025-04-10T00:19:42.000Z</time>
      </trkpt>
      <trkpt lat="-6.649515" lon="106.800823">
        <ele>394.1</ele>
        <time>2025-04-10T00:19:43.000Z</time>
      </trkpt>
      <trkpt lat="-6.649521" lon="106.800817">
        <ele>394.3</ele>
        <time>2025-04-10T00:19:44.000Z</time>
      </trkpt>
      <trkpt lat="-6.649525" lon="106.800813">
        <ele>394.3</ele>
        <time>2025-04-10T00:19:45.000Z</time>
      </trkpt>
      <trkpt lat="-6.649529" lon="106.800808">
        <ele>394.3</ele>
        <time>2025-04-10T00:19:46.000Z</time>
      </trkpt>
      <trkpt lat="-6.649533" lon="106.8008">
        <ele>394.3</ele>
        <time>2025-04-10T00:19:47.000Z</time>
      </trkpt>
      <trkpt lat="-6.649539" lon="106.800792">
        <ele>394.5</ele>
        <time>2025-04-10T00:19:48.141Z</time>
      </trkpt>
      <trkpt lat="-6.649571" lon="106.800231">
        <ele>393</ele>
        <time>2025-04-10T00:20:52.104Z</time>
      </trkpt>
      <trkpt lat="-6.649347" lon="106.800219">
        <ele>393.75</ele>
        <time>2025-04-10T00:21:17.810Z</time>
      </trkpt>
      <trkpt lat="-6.648906" lon="106.800166">
        <ele>394.5</ele>
        <time>2025-04-10T00:22:08.707Z</time>
      </trkpt>
      <trkpt lat="-6.648751" lon="106.800141">
        <ele>394.5</ele>
        <time>2025-04-10T00:22:26.696Z</time>
      </trkpt>
      <trkpt lat="-6.648639" lon="106.800101">
        <ele>395</ele>
        <time>2025-04-10T00:22:40.314Z</time>
      </trkpt>
      <trkpt lat="-6.648045" lon="106.799799">
        <ele>394</ele>
        <time>2025-04-10T00:23:56.574Z</time>
      </trkpt>
      <trkpt lat="-6.648008" lon="106.799786">
        <ele>393.75</ele>
        <time>2025-04-10T00:24:01.065Z</time>
      </trkpt>
      <trkpt lat="-6.647991" lon="106.79979">
        <ele>393.75</ele>
        <time>2025-04-10T00:24:03.065Z</time>
      </trkpt>
      <trkpt lat="-6.647869" lon="106.799715">
        <ele>393.25</ele>
        <time>2025-04-10T00:24:19.446Z</time>
      </trkpt>
      <trkpt lat="-6.647826" lon="106.799735">
        <ele>393.25</ele>
        <time>2025-04-10T00:24:24.874Z</time>
      </trkpt>
      <trkpt lat="-6.647437" lon="106.799634">
        <ele>392.5</ele>
        <time>2025-04-10T00:25:10.912Z</time>
      </trkpt>
      <trkpt lat="-6.647328" lon="106.799594">
        <ele>391.5</ele>
        <time>2025-04-10T00:25:24.207Z</time>
      </trkpt>
      <trkpt lat="-6.647277" lon="106.799562">
        <ele>391</ele>
        <time>2025-04-10T00:25:31.093Z</time>
      </trkpt>
      <trkpt lat="-6.647236" lon="106.799513">
        <ele>391</ele>
        <time>2025-04-10T00:25:38.385Z</time>
      </trkpt>
      <trkpt lat="-6.647204" lon="106.799454">
        <ele>391</ele>
        <time>2025-04-10T00:25:46.037Z</time>
      </trkpt>
      <trkpt lat="-6.647024" lon="106.799064">
        <ele>391.25</ele>
        <time>2025-04-10T00:26:34.989Z</time>
      </trkpt>
      <trkpt lat="-6.647036" lon="106.79899">
        <ele>390.5</ele>
        <time>2025-04-10T00:26:43.523Z</time>
      </trkpt>
      <trkpt lat="-6.646435" lon="106.798715">
        <ele>388.25</ele>
        <time>2025-04-10T00:27:59.178Z</time>
      </trkpt>
      <trkpt lat="-6.645927" lon="106.79841">
        <ele>389.25</ele>
        <time>2025-04-10T00:29:06.961Z</time>
      </trkpt>
      <trkpt lat="-6.645732" lon="106.798265">
        <ele>389.5</ele>
        <time>2025-04-10T00:29:34.742Z</time>
      </trkpt>
      <trkpt lat="-6.645602" lon="106.798125">
        <ele>389</ele>
        <time>2025-04-10T00:29:56.557Z</time>
      </trkpt>
      <trkpt lat="-6.645546" lon="106.797954">
        <ele>388.25</ele>
        <time>2025-04-10T00:30:17.052Z</time>
      </trkpt>
      <trkpt lat="-6.645466" lon="106.79776">
        <ele>387.75</ele>
        <time>2025-04-10T00:30:40.962Z</time>
      </trkpt>
      <trkpt lat="-6.645261" lon="106.797484">
        <ele>387.5</ele>
        <time>2025-04-10T00:31:20.191Z</time>
      </trkpt>
      <trkpt lat="-6.645013" lon="106.797264">
        <ele>386.5</ele>
        <time>2025-04-10T00:31:58.071Z</time>
      </trkpt>
      <trkpt lat="-6.644682" lon="106.797028">
        <ele>383.5</ele>
        <time>2025-04-10T00:32:44.553Z</time>
      </trkpt>
      <trkpt lat="-6.644547" lon="106.796967">
        <ele>383</ele>
        <time>2025-04-10T00:33:01.510Z</time>
      </trkpt>
      <trkpt lat="-6.644472" lon="106.796942">
        <ele>382.75</ele>
        <time>2025-04-10T00:33:10.563Z</time>
      </trkpt>
      <trkpt lat="-6.644094" lon="106.796945">
        <ele>381.5</ele>
        <time>2025-04-10T00:33:53.883Z</time>
      </trkpt>
      <trkpt lat="-6.64399" lon="106.796934">
        <ele>380.5</ele>
        <time>2025-04-10T00:34:05.867Z</time>
      </trkpt>
      <trkpt lat="-6.643806" lon="106.796843">
        <ele>379</ele>
        <time>2025-04-10T00:34:29.360Z</time>
      </trkpt>
      <trkpt lat="-6.643422" lon="106.796744">
        <ele>375.75</ele>
        <time>2025-04-10T00:35:14.786Z</time>
      </trkpt>
      <trkpt lat="-6.643108" lon="106.79665">
        <ele>371.5</ele>
        <time>2025-04-10T00:35:52.327Z</time>
      </trkpt>
      <trkpt lat="-6.642855" lon="106.796604">
        <ele>367.5</ele>
        <time>2025-04-10T00:36:21.790Z</time>
      </trkpt>
      <trkpt lat="-6.6427" lon="106.79665">
        <ele>366.25</ele>
        <time>2025-04-10T00:36:40.308Z</time>
      </trkpt>
      <trkpt lat="-6.64259" lon="106.796751">
        <ele>364.75</ele>
        <time>2025-04-10T00:36:56.247Z</time>
      </trkpt>
      <trkpt lat="-6.642567" lon="106.796773">
        <ele>364.5</ele>
        <time>2025-04-10T00:36:59.643Z</time>
      </trkpt>
      <trkpt lat="-6.642367" lon="106.796929">
        <ele>363</ele>
        <time>2025-04-10T00:37:26.731Z</time>
      </trkpt>
      <trkpt lat="-6.642207" lon="106.796991">
        <ele>362.75</ele>
        <time>2025-04-10T00:37:45.086Z</time>
      </trkpt>
      <trkpt lat="-6.642045" lon="106.796934">
        <ele>362.5</ele>
        <time>2025-04-10T00:38:03.459Z</time>
      </trkpt>
      <trkpt lat="-6.642031" lon="106.796923">
        <ele>362.25</ele>
        <time>2025-04-10T00:38:05.359Z</time>
      </trkpt>
      <trkpt lat="-6.642031" lon="106.796923">
        <ele>362.25</ele>
        <time>2025-04-10T00:38:05.359Z</time>
      </trkpt>
      <trkpt lat="-6.641914" lon="106.796838">
        <ele>362.25</ele>
        <time>2025-04-10T00:38:20.802Z</time>
      </trkpt>
      <trkpt lat="-6.641669" lon="106.796749">
        <ele>362</ele>
        <time>2025-04-10T00:38:48.680Z</time>
      </trkpt>
      <trkpt lat="-6.641296" lon="106.796645">
        <ele>357</ele>
        <time>2025-04-10T00:39:30.107Z</time>
      </trkpt>
      <trkpt lat="-6.640731" lon="106.796476">
        <ele>348.75</ele>
        <time>2025-04-10T00:40:33.194Z</time>
      </trkpt>
      <trkpt lat="-6.640532" lon="106.796425">
        <ele>345.5</ele>
        <time>2025-04-10T00:40:55.173Z</time>
      </trkpt>
      <trkpt lat="-6.640305" lon="106.796395">
        <ele>342.5</ele>
        <time>2025-04-10T00:41:19.678Z</time>
      </trkpt>
      <trkpt lat="-6.640334" lon="106.796299">
        <ele>342.5</ele>
        <time>2025-04-10T00:41:30.346Z</time>
      </trkpt>
      <trkpt lat="-6.640358" lon="106.796157">
        <ele>342</ele>
        <time>2025-04-10T00:41:45.660Z</time>
      </trkpt>
      <trkpt lat="-6.64035" lon="106.796101">
        <ele>341.75</ele>
        <time>2025-04-10T00:41:51.675Z</time>
      </trkpt>
      <trkpt lat="-6.64034" lon="106.796077">
        <ele>341.5</ele>
        <time>2025-04-10T00:41:54.442Z</time>
      </trkpt>
      <trkpt lat="-6.640267" lon="106.795992">
        <ele>340.5</ele>
        <time>2025-04-10T00:42:06.388Z</time>
      </trkpt>
      <trkpt lat="-6.640151" lon="106.79588">
        <ele>339</ele>
        <time>2025-04-10T00:42:23.591Z</time>
      </trkpt>
      <trkpt lat="-6.640118" lon="106.79586">
        <ele>338.75</ele>
        <time>2025-04-10T00:42:27.713Z</time>
      </trkpt>
      <trkpt lat="-6.640001" lon="106.795843">
        <ele>338</ele>
        <time>2025-04-10T00:42:40.365Z</time>
      </trkpt>
      <trkpt lat="-6.639666" lon="106.795853">
        <ele>335.5</ele>
        <time>2025-04-10T00:43:16.237Z</time>
      </trkpt>
      <trkpt lat="-6.639548" lon="106.795845">
        <ele>334.5</ele>
        <time>2025-04-10T00:43:28.895Z</time>
      </trkpt>
      <trkpt lat="-6.639385" lon="106.795809">
        <ele>333.25</ele>
        <time>2025-04-10T00:43:46.756Z</time>
      </trkpt>
      <trkpt lat="-6.639195" lon="106.795709">
        <ele>331.25</ele>
        <time>2025-04-10T00:44:09.704Z</time>
      </trkpt>
      <trkpt lat="-6.639121" lon="106.795719">
        <ele>330.75</ele>
        <time>2025-04-10T00:44:17.695Z</time>
      </trkpt>
      <trkpt lat="-6.638892" lon="106.795788">
        <ele>330.25</ele>
        <time>2025-04-10T00:44:43.280Z</time>
      </trkpt>
      <trkpt lat="-6.638638" lon="106.795886">
        <ele>329.25</ele>
        <time>2025-04-10T00:45:12.395Z</time>
      </trkpt>
      <trkpt lat="-6.638606" lon="106.795903">
        <ele>329</ele>
        <time>2025-04-10T00:45:16.267Z</time>
      </trkpt>
      <trkpt lat="-6.638589" lon="106.795935">
        <ele>329</ele>
        <time>2025-04-10T00:45:20.125Z</time>
      </trkpt>
      <trkpt lat="-6.638587" lon="106.796091">
        <ele>328.5</ele>
        <time>2025-04-10T00:45:36.711Z</time>
      </trkpt>
      <trkpt lat="-6.638581" lon="106.796121">
        <ele>328.5</ele>
        <time>2025-04-10T00:45:39.964Z</time>
      </trkpt>
      <trkpt lat="-6.63856" lon="106.796165">
        <ele>328.25</ele>
        <time>2025-04-10T00:45:45.153Z</time>
      </trkpt>
      <trkpt lat="-6.638475" lon="106.796236">
        <ele>328</ele>
        <time>2025-04-10T00:45:56.974Z</time>
      </trkpt>
      <trkpt lat="-6.63838" lon="106.796297">
        <ele>327.5</ele>
        <time>2025-04-10T00:46:09.034Z</time>
      </trkpt>
      <trkpt lat="-6.638344" lon="106.796306">
        <ele>327.25</ele>
        <time>2025-04-10T00:46:13.004Z</time>
      </trkpt>
      <trkpt lat="-6.638283" lon="106.796308">
        <ele>325.75</ele>
        <time>2025-04-10T00:46:19.536Z</time>
      </trkpt>
    </trkseg>
  </trk>
</gpx>
